2026-08-19 17:38:41,444 [INFO] Activator:176 - 


2026-08-19 17:38:41,453 [INFO] Activator:177 - !SESSION log4j initialized
2026-08-19 17:38:47,547 [INFO] LogOutputStream:77 - [STDOUT_REDIRECT] 
2026-08-19 17:38:52,448 [INFO] ApplicationProperties:184 - Using Application install path: C:\ST\STM32CubeIDE_1.18.0\STM32CubeIDE\plugins\com.st.stm32cube.common.mx_6.14.0.202502271554
2026-08-19 17:38:52,468 [INFO] DbMcusXml:78 - Set database path to: C:\ST\STM32CubeIDE_1.18.0\STM32CubeIDE\plugins\com.st.stm32cube.common.mx_6.14.0.202502271554\\db\/mcu/
2026-08-19 17:38:52,468 [INFO] ApiDb:274 - Set plugin database path to: C:\ST\STM32CubeIDE_1.18.0\STM32CubeIDE\plugins\com.st.stm32cube.common.mx_6.14.0.202502271554\\db\/plugins/boardmanager/
2026-08-19 17:38:52,469 [WARN] ApiDb:259 - Overriding images path with different value:  => C:\ST\STM32CubeIDE_1.18.0\STM32CubeIDE\plugins\com.st.stm32cube.common.mx_6.14.0.202502271554\\db\/plugins/mcufinder/images/
2026-08-19 17:38:52,480 [INFO] ApiDb:250 - Set database path to: C:\Users\lthst\.stmcufinder\plugins\mcufinder//mcu/
2026-08-19 17:38:52,482 [INFO] DbMcusAds:125 - Set database path to: C:\Users\lthst\.stmcufinder\plugins\mcufinder//mcu/
2026-08-19 17:38:52,486 [INFO] CrossReferenceDbSqlite:203 - Set database path to: C:\Users\lthst\.stmcufinder\plugins\mcufinder//mcu/cs/
2026-08-19 17:38:52,669 [INFO] RulesReader:64 - Compatibility file has been processed (301 Rules)
2026-08-19 17:38:52,787 [INFO] DbMcusXml:78 - Set database path to: C:\ST\STM32CubeIDE_1.18.0\STM32CubeIDE\plugins\com.st.stm32cube.common.mx_6.14.0.202502271554\\db\/mcu/
2026-08-19 17:38:52,787 [INFO] ApiDb:274 - Set plugin database path to: C:\ST\STM32CubeIDE_1.18.0\STM32CubeIDE\plugins\com.st.stm32cube.common.mx_6.14.0.202502271554\\db\/plugins/boardmanager/
2026-08-19 17:38:52,787 [INFO] ApiDb:261 - Set plugin images path to: C:\ST\STM32CubeIDE_1.18.0\STM32CubeIDE\plugins\com.st.stm32cube.common.mx_6.14.0.202502271554\\db\/plugins/mcufinder/images/
2026-08-19 17:38:52,787 [WARN] DbFile:41 - Overriding database path with different value: C:\Users\lthst\.stmcufinder\plugins\mcufinder/ => C:\Users\lthst\.stmcufinder\plugins\mcufinder
2026-08-19 17:38:52,787 [INFO] ApiDb:250 - Set database path to: C:\Users\lthst\.stmcufinder\plugins\mcufinder//mcu/
2026-08-19 17:38:52,787 [WARN] DbFile:41 - Overriding database path with different value: C:\Users\lthst\.stmcufinder\plugins\mcufinder/ => C:\Users\lthst\.stmcufinder\plugins\mcufinder
2026-08-19 17:38:52,788 [INFO] DbMcusAds:125 - Set database path to: C:\Users\lthst\.stmcufinder\plugins\mcufinder//mcu/
2026-08-19 17:38:52,788 [WARN] DbFile:41 - Overriding database path with different value: C:\Users\lthst\.stmcufinder\plugins\mcufinder/ => C:\Users\lthst\.stmcufinder\plugins\mcufinder
2026-08-19 17:38:52,788 [WARN] DbFile:41 - Overriding database path with different value: C:\Users\lthst\.stmcufinder\plugins\mcufinder/ => C:\Users\lthst\.stmcufinder\plugins\mcufinder
2026-08-19 17:38:52,788 [INFO] CrossReferenceDbSqlite:203 - Set database path to: C:\Users\lthst\.stmcufinder\plugins\mcufinder//mcu/cs/
2026-08-19 17:38:52,894 [INFO] MainPanel:272 - HeapMemory: 268435456
2026-08-19 17:38:53,013 [INFO] DbMcusXml:78 - Set database path to: C:\ST\STM32CubeIDE_1.18.0\STM32CubeIDE\plugins\com.st.stm32cube.common.mx_6.14.0.202502271554\\db\/mcu/
2026-08-19 17:38:53,013 [INFO] ApiDb:274 - Set plugin database path to: C:\ST\STM32CubeIDE_1.18.0\STM32CubeIDE\plugins\com.st.stm32cube.common.mx_6.14.0.202502271554\\db\/plugins/boardmanager/
2026-08-19 17:38:53,014 [INFO] ApiDb:261 - Set plugin images path to: C:\ST\STM32CubeIDE_1.18.0\STM32CubeIDE\plugins\com.st.stm32cube.common.mx_6.14.0.202502271554\\db\/plugins/mcufinder/images/
2026-08-19 17:38:53,014 [WARN] DbFile:41 - Overriding database path with different value: C:\Users\lthst\.stmcufinder\plugins\mcufinder/ => C:\Users\lthst\.stmcufinder\plugins\mcufinder
2026-08-19 17:38:53,014 [INFO] ApiDb:250 - Set database path to: C:\Users\lthst\.stmcufinder\plugins\mcufinder//mcu/
2026-08-19 17:38:53,014 [WARN] DbFile:41 - Overriding database path with different value: C:\Users\lthst\.stmcufinder\plugins\mcufinder/ => C:\Users\lthst\.stmcufinder\plugins\mcufinder
2026-08-19 17:38:53,014 [INFO] DbMcusAds:125 - Set database path to: C:\Users\lthst\.stmcufinder\plugins\mcufinder//mcu/
2026-08-19 17:38:53,014 [WARN] DbFile:41 - Overriding database path with different value: C:\Users\lthst\.stmcufinder\plugins\mcufinder/ => C:\Users\lthst\.stmcufinder\plugins\mcufinder
2026-08-19 17:38:53,014 [WARN] DbFile:41 - Overriding database path with different value: C:\Users\lthst\.stmcufinder\plugins\mcufinder/ => C:\Users\lthst\.stmcufinder\plugins\mcufinder
2026-08-19 17:38:53,015 [INFO] CrossReferenceDbSqlite:203 - Set database path to: C:\Users\lthst\.stmcufinder\plugins\mcufinder//mcu/cs/
2026-08-19 17:38:53,035 [INFO] ApplicationProperties:184 - Using Application install path: C:\ST\STM32CubeIDE_1.18.0\STM32CubeIDE\plugins\com.st.stm32cube.common.mx_6.14.0.202502271554
2026-08-19 17:38:53,037 [INFO] PluginManage:196 - Search for loadable plugins [exclusion list=, ]
2026-08-19 17:38:53,039 [INFO] PluginManage:310 - Check plugin analytics
2026-08-19 17:38:53,288 [INFO] AnalyticsPlugin:253 - Accepted Software Licenses: 
2026-08-19 17:38:53,288 [INFO] AnalyticsPlugin:255 - Accepted CMSIS Pack Licenses: 
2026-08-19 17:38:53,289 [INFO] AnalyticsPlugin:257 - Accepted Firmware Licenses: FW.F4.1.28.0
2026-08-19 17:38:53,289 [INFO] PluginManage:359 - Loaded plugin analytics (category:tool,tabindex:-1)
2026-08-19 17:38:53,290 [INFO] PluginManage:310 - Check plugin cadmodel
2026-08-19 17:38:53,320 [INFO] CADModel:105 - Init CAD model plugin
2026-08-19 17:38:53,320 [INFO] PluginManage:359 - Loaded plugin cadmodel (category:power,tabindex:5)
2026-08-19 17:38:53,320 [INFO] PluginManage:310 - Check plugin clock
2026-08-19 17:38:53,351 [INFO] PluginManage:359 - Loaded plugin clock (category:base,tabindex:2)
2026-08-19 17:38:53,351 [INFO] PluginManage:310 - Check plugin ddr
2026-08-19 17:38:53,354 [INFO] PluginManage:359 - Loaded plugin ddr (category:tool,tabindex:6)
2026-08-19 17:38:53,354 [INFO] PluginManage:310 - Check plugin filemanager
2026-08-19 17:38:53,647 [INFO] PluginManage:359 - Loaded plugin filemanager (category:base,tabindex:10)
2026-08-19 17:38:53,648 [INFO] PluginManage:310 - Check plugin ipmanager
2026-08-19 17:38:53,661 [INFO] PluginManage:359 - Loaded plugin ipmanager (category:base,tabindex:5)
2026-08-19 17:38:53,661 [INFO] PluginManage:310 - Check plugin lpbam
2026-08-19 17:38:53,688 [INFO] PluginManage:359 - Loaded plugin lpbam (category:base,tabindex:0)
2026-08-19 17:38:53,688 [INFO] PluginManage:310 - Check plugin memorymap
2026-08-19 17:38:53,721 [INFO] PluginManage:359 - Loaded plugin memorymap (category:base,tabindex:4)
2026-08-19 17:38:53,721 [INFO] PluginManage:310 - Check plugin pinoutandconfiguration
2026-08-19 17:38:53,750 [INFO] PluginManage:359 - Loaded plugin pinoutandconfiguration (category:base,tabindex:1)
2026-08-19 17:38:53,751 [INFO] PluginManage:310 - Check plugin pinoutconfig
2026-08-19 17:38:53,863 [WARN] SupportedApi:132 - Cannot load RTOS API schema: s4s-elt-must-match.1: The content of 'definitions' must match (annotation?, (simpleType | complexType)?, (unique | key | keyref)*)). A problem was found starting at: attribute.
2026-08-19 17:38:54,015 [INFO] PluginManage:359 - Loaded plugin pinoutconfig (category:base,tabindex:0)
2026-08-19 17:38:54,015 [INFO] PluginManage:310 - Check plugin power
2026-08-19 17:38:54,047 [INFO] PluginManage:359 - Loaded plugin power (category:power,tabindex:4)
2026-08-19 17:38:54,047 [INFO] PluginManage:310 - Check plugin projectmanager
2026-08-19 17:38:54,067 [INFO] PluginManage:359 - Loaded plugin projectmanager (category:projectmanager,tabindex:4)
2026-08-19 17:38:54,067 [INFO] PluginManage:310 - Check plugin rif
2026-08-19 17:38:54,089 [INFO] PluginManage:359 - Loaded plugin rif (category:base,tabindex:3)
2026-08-19 17:38:54,090 [INFO] PluginManage:310 - Check plugin thirdparty
2026-08-19 17:38:54,490 [INFO] PluginManage:359 - Loaded plugin thirdparty (category:base,tabindex:-1)
2026-08-19 17:38:54,490 [INFO] PluginManage:310 - Check plugin tools
2026-08-19 17:38:54,490 [WARN] IntegrityCheckThread:84 - waiting for thirdparty lock release [integrity check]
2026-08-19 17:38:54,491 [INFO] IntegrityCheckThread:86 - entering critical section [integrity check]
2026-08-19 17:38:54,491 [INFO] ThirdPartyUpdaterWithRetryManager:70 - Updater plugin not ready yet. [1/15]
2026-08-19 17:38:54,542 [INFO] PluginManage:359 - Loaded plugin tools (category:base,tabindex:7)
2026-08-19 17:38:54,542 [INFO] PluginManage:310 - Check plugin tutovideos
2026-08-19 17:38:54,757 [INFO] PluginManage:359 - Loaded plugin tutovideos (category:base,tabindex:-1)
2026-08-19 17:38:54,757 [INFO] PluginManage:310 - Check plugin updater
2026-08-19 17:38:54,781 [INFO] PluginManage:359 - Loaded plugin updater (category:base,tabindex:12)
2026-08-19 17:38:54,782 [INFO] PluginManage:310 - Check plugin userauth
2026-08-19 17:38:54,786 [INFO] UserAuth:118 - Init User Auth plugin
2026-08-19 17:38:54,787 [INFO] PluginManage:359 - Loaded plugin userauth (category:base,tabindex:14)
2026-08-19 17:38:54,787 [INFO] PluginManage:283 - PluginManage : Loaded plugins [18]
2026-08-19 17:38:55,026 [INFO] PinOutPanel:1589 - setPackage(No Configuration,No Configuration)
2026-08-19 17:38:55,124 [INFO] CADModel:165 - CPN selected for project level
2026-08-19 17:38:55,125 [INFO] CADModel:114 - Register for checkConnection events
2026-08-19 17:38:55,157 [INFO] IPUIPlugin:80 - create IPUIPlugin
2026-08-19 17:38:55,157 [INFO] PluginManager:220 - loadIPPluginJar : add adc
2026-08-19 17:38:55,213 [INFO] IPUIPlugin:80 - create IPUIPlugin
2026-08-19 17:38:55,213 [INFO] PluginManager:220 - loadIPPluginJar : add aes
2026-08-19 17:38:55,276 [INFO] IPUIPlugin:80 - create IPUIPlugin
2026-08-19 17:38:55,276 [INFO] PluginManager:220 - loadIPPluginJar : add can
2026-08-19 17:38:55,314 [INFO] IPUIPlugin:80 - create IPUIPlugin
2026-08-19 17:38:55,314 [INFO] PluginManager:220 - loadIPPluginJar : add comp
2026-08-19 17:38:55,361 [INFO] IPUIPlugin:80 - create IPUIPlugin
2026-08-19 17:38:55,361 [INFO] PluginManager:220 - loadIPPluginJar : add cryp
2026-08-19 17:38:55,387 [INFO] IPUIPlugin:80 - create IPUIPlugin
2026-08-19 17:38:55,387 [INFO] PluginManager:220 - loadIPPluginJar : add ddr_ctrl_phy
2026-08-19 17:38:55,432 [INFO] IPUIPlugin:80 - create IPUIPlugin
2026-08-19 17:38:55,432 [INFO] PluginManager:220 - loadIPPluginJar : add dfsdm
2026-08-19 17:38:55,449 [INFO] IPUIPlugin:80 - create IPUIPlugin
2026-08-19 17:38:55,450 [INFO] PluginManager:220 - loadIPPluginJar : add dma
2026-08-19 17:38:55,502 [INFO] IPUIPlugin:80 - create IPUIPlugin
2026-08-19 17:38:55,502 [INFO] PluginManager:220 - loadIPPluginJar : add dma3
2026-08-19 17:38:55,569 [INFO] IPUIPlugin:80 - create IPUIPlugin
2026-08-19 17:38:55,569 [INFO] PluginManager:220 - loadIPPluginJar : add extmemmanager
2026-08-19 17:38:55,599 [INFO] IPUIPlugin:80 - create IPUIPlugin
2026-08-19 17:38:55,599 [INFO] PluginManager:220 - loadIPPluginJar : add fatfs
2026-08-19 17:38:55,667 [INFO] IPUIPlugin:80 - create IPUIPlugin
2026-08-19 17:38:55,667 [INFO] PluginManager:220 - loadIPPluginJar : add fmc
2026-08-19 17:38:55,689 [INFO] IPUIPlugin:80 - create IPUIPlugin
2026-08-19 17:38:55,689 [INFO] PluginManager:220 - loadIPPluginJar : add freertos
2026-08-19 17:38:55,719 [INFO] IPUIPlugin:80 - create IPUIPlugin
2026-08-19 17:38:55,719 [INFO] PluginManager:220 - loadIPPluginJar : add genericplugin
2026-08-19 17:38:55,856 [INFO] IPUIPlugin:80 - create IPUIPlugin
2026-08-19 17:38:55,856 [INFO] PluginManager:220 - loadIPPluginJar : add gfxmmu
2026-08-19 17:38:56,045 [INFO] IPUIPlugin:80 - create IPUIPlugin
2026-08-19 17:38:56,045 [INFO] PluginManager:220 - loadIPPluginJar : add gic
2026-08-19 17:38:56,071 [INFO] IPUIPlugin:80 - create IPUIPlugin
2026-08-19 17:38:56,071 [INFO] PluginManager:220 - loadIPPluginJar : add gpio
2026-08-19 17:38:56,205 [INFO] IPUIPlugin:80 - create IPUIPlugin
2026-08-19 17:38:56,205 [INFO] PluginManager:220 - loadIPPluginJar : add gtzc
2026-08-19 17:38:56,272 [INFO] IPUIPlugin:80 - create IPUIPlugin
2026-08-19 17:38:56,272 [INFO] PluginManager:220 - loadIPPluginJar : add hash
2026-08-19 17:38:56,350 [INFO] IPUIPlugin:80 - create IPUIPlugin
2026-08-19 17:38:56,350 [INFO] PluginManager:220 - loadIPPluginJar : add i2c
2026-08-19 17:38:56,405 [INFO] IPUIPlugin:80 - create IPUIPlugin
2026-08-19 17:38:56,405 [INFO] PluginManager:220 - loadIPPluginJar : add i2s
2026-08-19 17:38:56,463 [INFO] IPUIPlugin:80 - create IPUIPlugin
2026-08-19 17:38:56,463 [INFO] PluginManager:220 - loadIPPluginJar : add i3c
2026-08-19 17:38:56,611 [INFO] IPUIPlugin:80 - create IPUIPlugin
2026-08-19 17:38:56,611 [INFO] PluginManager:220 - loadIPPluginJar : add ipddr
2026-08-19 17:38:56,752 [INFO] IPUIPlugin:80 - create IPUIPlugin
2026-08-19 17:38:56,752 [INFO] PluginManager:220 - loadIPPluginJar : add linkedlist
2026-08-19 17:38:56,807 [INFO] IPUIPlugin:80 - create IPUIPlugin
2026-08-19 17:38:56,807 [INFO] PluginManager:220 - loadIPPluginJar : add lorawan
2026-08-19 17:38:56,859 [INFO] IPUIPlugin:80 - create IPUIPlugin
2026-08-19 17:38:56,859 [INFO] PluginManager:220 - loadIPPluginJar : add ltdc
2026-08-19 17:38:56,878 [INFO] IPUIPlugin:80 - create IPUIPlugin
2026-08-19 17:38:56,878 [INFO] PluginManager:220 - loadIPPluginJar : add mdma
2026-08-19 17:38:56,894 [INFO] IPUIPlugin:80 - create IPUIPlugin
2026-08-19 17:38:56,895 [INFO] PluginManager:220 - loadIPPluginJar : add nvic
2026-08-19 17:38:56,944 [INFO] IPUIPlugin:80 - create IPUIPlugin
2026-08-19 17:38:56,944 [INFO] PluginManager:220 - loadIPPluginJar : add opamp
2026-08-19 17:38:57,028 [INFO] IPUIPlugin:80 - create IPUIPlugin
2026-08-19 17:38:57,028 [INFO] PluginManager:220 - loadIPPluginJar : add openamp
2026-08-19 17:38:57,093 [INFO] IPUIPlugin:80 - create IPUIPlugin
2026-08-19 17:38:57,093 [INFO] PluginManager:220 - loadIPPluginJar : add pdm2pcm
2026-08-19 17:38:57,115 [INFO] IPUIPlugin:80 - create IPUIPlugin
2026-08-19 17:38:57,117 [INFO] PluginManager:220 - loadIPPluginJar : add plateformsettings
2026-08-19 17:38:57,149 [INFO] IPUIPlugin:80 - create IPUIPlugin
2026-08-19 17:38:57,149 [INFO] PluginManager:220 - loadIPPluginJar : add quadspi
2026-08-19 17:38:57,188 [INFO] IPUIPlugin:80 - create IPUIPlugin
2026-08-19 17:38:57,188 [INFO] PluginManager:220 - loadIPPluginJar : add radio
2026-08-19 17:38:57,205 [INFO] IPUIPlugin:80 - create IPUIPlugin
2026-08-19 17:38:57,205 [INFO] PluginManager:220 - loadIPPluginJar : add resmgrutility
2026-08-19 17:38:57,272 [INFO] IPUIPlugin:80 - create IPUIPlugin
2026-08-19 17:38:57,272 [INFO] PluginManager:220 - loadIPPluginJar : add sai
2026-08-19 17:38:57,324 [INFO] IPUIPlugin:80 - create IPUIPlugin
2026-08-19 17:38:57,324 [INFO] PluginManager:220 - loadIPPluginJar : add spi
2026-08-19 17:38:57,431 [INFO] IPUIPlugin:80 - create IPUIPlugin
2026-08-19 17:38:57,431 [INFO] PluginManager:220 - loadIPPluginJar : add stm32_wpan
2026-08-19 17:38:57,461 [INFO] IPUIPlugin:80 - create IPUIPlugin
2026-08-19 17:38:57,461 [INFO] PluginManager:220 - loadIPPluginJar : add tim
2026-08-19 17:38:57,492 [INFO] ThirdPartyUpdaterWithRetryManager:70 - Updater plugin not ready yet. [2/15]
2026-08-19 17:38:57,550 [INFO] IPUIPlugin:80 - create IPUIPlugin
2026-08-19 17:38:57,550 [INFO] PluginManager:220 - loadIPPluginJar : add touchsensing
2026-08-19 17:38:57,580 [INFO] IPUIPlugin:80 - create IPUIPlugin
2026-08-19 17:38:57,580 [INFO] PluginManager:220 - loadIPPluginJar : add tracer_emb
2026-08-19 17:38:57,610 [INFO] IPUIPlugin:80 - create IPUIPlugin
2026-08-19 17:38:57,610 [INFO] PluginManager:220 - loadIPPluginJar : add ts
2026-08-19 17:38:57,637 [INFO] IPUIPlugin:80 - create IPUIPlugin
2026-08-19 17:38:57,637 [INFO] PluginManager:220 - loadIPPluginJar : add tsc
2026-08-19 17:38:57,666 [INFO] IPUIPlugin:80 - create IPUIPlugin
2026-08-19 17:38:57,666 [INFO] PluginManager:220 - loadIPPluginJar : add ucpd
2026-08-19 17:38:57,724 [INFO] IPUIPlugin:80 - create IPUIPlugin
2026-08-19 17:38:57,724 [INFO] PluginManager:220 - loadIPPluginJar : add usart
2026-08-19 17:38:57,783 [INFO] IPUIPlugin:80 - create IPUIPlugin
2026-08-19 17:38:57,783 [INFO] PluginManager:220 - loadIPPluginJar : add usbx
2026-08-19 17:38:57,910 [FATAL] Updater:351 - Updater called before beeing initialized
2026-08-19 17:38:57,933 [INFO] RulesReader:64 - Compatibility file has been processed (301 Rules)
2026-08-19 17:38:57,947 [INFO] RulesReader:64 - Compatibility file has been processed (301 Rules)
2026-08-19 17:38:57,954 [INFO] CADModel:165 - CPN selected for project level
2026-08-19 17:38:57,954 [INFO] CADModel:114 - Register for checkConnection events
2026-08-19 17:38:57,954 [FATAL] Updater:351 - Updater called before beeing initialized
2026-08-19 17:38:57,954 [ERROR] CADModel:125 - Updater not yet initialized, retry later 
2026-08-19 17:38:58,089 [FATAL] Updater:351 - Updater called before beeing initialized
2026-08-19 17:38:58,091 [INFO] CADModel:165 - CPN selected for project level
2026-08-19 17:38:58,091 [INFO] CADModel:114 - Register for checkConnection events
2026-08-19 17:38:58,091 [FATAL] Updater:351 - Updater called before beeing initialized
2026-08-19 17:38:58,091 [ERROR] CADModel:125 - Updater not yet initialized, retry later 
2026-08-19 17:38:58,094 [FATAL] Updater:351 - Updater called before beeing initialized
2026-08-19 17:38:58,226 [FATAL] Updater:351 - Updater called before beeing initialized
2026-08-19 17:38:58,241 [INFO] DbMcusAds:53 - JSON generation date=Wed Jul 15 18:44:54 KST 2026 (1784108694001)
2026-08-19 17:38:58,241 [FATAL] Updater:351 - Updater called before beeing initialized
2026-08-19 17:38:58,287 [WARN] DetailPanel:346 - Failed to get advertising image, set to default
2026-08-19 17:38:58,593 [FATAL] Updater:351 - Updater called before beeing initialized
2026-08-19 17:38:58,595 [FATAL] Updater:351 - Updater called before beeing initialized
2026-08-19 17:38:58,595 [FATAL] Updater:351 - Updater called before beeing initialized
2026-08-19 17:38:58,595 [WARN] DetailPanel:346 - Failed to get advertising image, set to default
2026-08-19 17:38:58,596 [FATAL] Updater:351 - Updater called before beeing initialized
2026-08-19 17:38:58,662 [ERROR] Updater:1198 - MainUpdater not yet initialized. External WinMGr cannot be set.
2026-08-19 17:38:58,678 [INFO] Updater:1134 - Updater Version found : 6.14.0
2026-08-19 17:38:58,697 [INFO] ApplicationProperties:184 - Using Application install path: C:\ST\STM32CubeIDE_1.18.0\STM32CubeIDE\plugins\com.st.stm32cube.common.mx_6.14.0.202502271554
2026-08-19 17:38:59,180 [INFO] MainUpdater:2872 - connection check result : 10
2026-08-19 17:38:59,181 [INFO] MainUpdater:289 - Updater Check For Update Now.
2026-08-19 17:38:59,181 [INFO] MicroXplorer:498 - Change Database Version : DB.6.0.140
2026-08-19 17:38:59,205 [INFO] McuFinderGlobals:63 - Set McuFinder mode to 2 (CubeIDE integrated)
2026-08-19 17:38:59,218 [INFO] UserAuth:486 - Internet connection configuration mode: 1
2026-08-19 17:38:59,265 [INFO] JxBrowserEngine:152 - Initiate JxBrowser Engine with user profile folder
2026-08-19 17:38:59,473 [INFO] CheckServerUpdateThread:120 - End of CheckServer Thread
2026-08-19 17:39:01,035 [WARN] PackLoader:240 - Cannot read IP mode file for STMicroelectronics.X-CUBE-AZRTOS-H7.3.5.0
2026-08-19 17:39:01,072 [WARN] PackLoader:240 - Cannot read IP mode file for STMicroelectronics.FP-SNS-MOTENVWB1.1.4.0
2026-08-19 17:39:01,101 [WARN] PackLoader:240 - Cannot read IP mode file for STMicroelectronics.FP-ATR-ASTRA1.2.0.3
2026-08-19 17:39:01,127 [WARN] PackLoader:240 - Cannot read IP mode file for STMicroelectronics.FP-ATR-ASTRA1.2.0.2
2026-08-19 17:39:01,148 [ERROR] Engine:466 - C:\Users\lthst\.stm32cubemx\thirdparties\pdsc\STMicroelectronics.X-CUBE-SMBUS.2.1.1.pdsc: PDSC version is not supported
2026-08-19 17:39:01,169 [WARN] PackLoader:240 - Cannot read IP mode file for STMicroelectronics.X-CUBE-SMBUS.2.1.0
2026-08-19 17:39:01,195 [WARN] PackLoader:240 - Cannot read IP mode file for STMicroelectronics.X-CUBE-WB05N.1.1.0
2026-08-19 17:39:01,226 [WARN] PackLoader:240 - Cannot read IP mode file for STMicroelectronics.X-CUBE-ST60.1.0.0
2026-08-19 17:39:01,291 [WARN] PackLoader:240 - Cannot read IP mode file for STMicroelectronics.X-CUBE-AZRTOS-F7.1.1.0
2026-08-19 17:39:01,328 [ERROR] Engine:466 - C:\Users\lthst\.stm32cubemx\thirdparties\pdsc\STMicroelectronics.X-CUBE-FREERTOS.1.6.0.pdsc: PDSC version is not supported
2026-08-19 17:39:01,354 [ERROR] Engine:466 - C:\Users\lthst\.stm32cubemx\thirdparties\pdsc\STMicroelectronics.FP-SNS-MOTENV1.5.1.0.pdsc: PDSC version is not supported
2026-08-19 17:39:01,419 [WARN] PackLoader:240 - Cannot read IP mode file for STMicroelectronics.X-CUBE-AZRTOS-H7RS.1.3.0
2026-08-19 17:39:01,491 [WARN] PackLoader:240 - Cannot read IP mode file for Infineon.AIROC-Wi-Fi-Bluetooth-STM32.1.7.0
2026-08-19 17:39:01,565 [WARN] PackLoader:240 - Cannot read IP mode file for STMicroelectronics.X-CUBE-AZRTOS-H7.3.4.0
2026-08-19 17:39:01,605 [WARN] PackLoader:240 - Cannot read IP mode file for STMicroelectronics.X-CUBE-DISPLAY.3.0.0
2026-08-19 17:39:01,644 [WARN] PackLoader:240 - Cannot read IP mode file for STMicroelectronics.X-CUBE-GNSS1.7.1.1
2026-08-19 17:39:01,670 [ERROR] Engine:466 - C:\Users\lthst\.stm32cubemx\thirdparties\pdsc\STMicroelectronics.FP-SNS-MOTENVWB1.1.5.0.pdsc: PDSC version is not supported
2026-08-19 17:39:01,694 [INFO] WebApp:169 - Instantiating new browser for Auth
2026-08-19 17:39:01,716 [WARN] PackLoader:240 - Cannot read IP mode file for STMicroelectronics.X-CUBE-NFC10.1.0.0
2026-08-19 17:39:01,757 [WARN] PackLoader:240 - Cannot read IP mode file for STMicroelectronics.X-CUBE-BLEMGR.4.0.0
2026-08-19 17:39:01,790 [WARN] PackLoader:240 - Cannot read IP mode file for STMicroelectronics.X-CUBE-ST60.1.1.0
2026-08-19 17:39:01,833 [WARN] PackLoader:240 - Cannot read IP mode file for emotas.I-CUBE-CANOPEN.1.3.0
2026-08-19 17:39:01,865 [ERROR] Engine:466 - C:\Users\lthst\.stm32cubemx\thirdparties\pdsc\STMicroelectronics.X-CUBE-WBA.1.1.0.pdsc: PDSC version is not supported
2026-08-19 17:39:01,904 [WARN] PackLoader:240 - Cannot read IP mode file for STMicroelectronics.X-CUBE-GNSS1.7.1.0
2026-08-19 17:39:01,935 [WARN] ConditionMgr:438 - getConditionDescription Invalid condition id : Cortex-A Device cause : null
2026-08-19 17:39:01,995 [WARN] ConditionMgr:1044 - genDependencies : Invalid condition id : Cortex-A Device cause : null
2026-08-19 17:39:01,996 [WARN] ConditionMgr:1044 - genDependencies : Invalid condition id : Cortex-A Device cause : null
2026-08-19 17:39:01,996 [WARN] ConditionMgr:1044 - genDependencies : Invalid condition id : Cortex-A Device cause : null
2026-08-19 17:39:02,024 [WARN] PackLoader:240 - Cannot read IP mode file for STMicroelectronics.X-CUBE-AI.10.0.0
2026-08-19 17:39:02,054 [ERROR] Engine:466 - C:\Users\lthst\.stm32cubemx\thirdparties\pdsc\STMicroelectronics.FP-SNS-STBOX1.2.1.0.pdsc: PDSC version is not supported
2026-08-19 17:39:02,090 [WARN] PackLoader:240 - Cannot read IP mode file for STMicroelectronics.FP-SNS-SMARTAG2.1.2.0
2026-08-19 17:39:02,120 [WARN] PackLoader:240 - Cannot read IP mode file for STMicroelectronics.FP-SNS-FLIGHT1.5.1.0
2026-08-19 17:39:02,223 [WARN] PackLoader:240 - Cannot read IP mode file for STMicroelectronics.X-CUBE-MEMS1.11.1.0
2026-08-19 17:39:02,543 [INFO] LogOutputStream:77 - [STDOUT_REDIRECT] 1 : Invalid condition id : UX_CORESTACK_Condition cause : null
2026-08-19 17:39:02,545 [INFO] LogOutputStream:77 - [STDOUT_REDIRECT] 1 : Invalid condition id : UX_CORESTACK_Condition cause : null
2026-08-19 17:39:02,546 [INFO] LogOutputStream:77 - [STDOUT_REDIRECT] 1 : Invalid condition id : UX_CORESTACK_Condition cause : null
2026-08-19 17:39:02,549 [INFO] LogOutputStream:77 - [STDOUT_REDIRECT] 1 : Invalid condition id : UX_CORESTACK_Condition cause : null
2026-08-19 17:39:02,551 [INFO] LogOutputStream:77 - [STDOUT_REDIRECT] 1 : Invalid condition id : UX_CORESTACK_Condition cause : null
2026-08-19 17:39:02,555 [WARN] PackLoader:240 - Cannot read IP mode file for STMicroelectronics.X-CUBE-AZRTOS-WL.2.0.0
2026-08-19 17:39:02,589 [WARN] PackLoader:240 - Cannot read IP mode file for STMicroelectronics.FP-SNS-MOTENV1.5.0.0
2026-08-19 17:39:02,654 [WARN] PackLoader:240 - Cannot read IP mode file for STMicroelectronics.X-CUBE-AZRTOS-H7RS.1.2.0
2026-08-19 17:39:02,694 [WARN] PackLoader:240 - Cannot read IP mode file for WES.I-CUBE-Cesium.1.3.0
2026-08-19 17:39:02,724 [WARN] PackLoader:240 - Cannot read IP mode file for STMicroelectronics.X-CUBE-BLE2.3.3.0
2026-08-19 17:39:02,837 [WARN] PackLoader:240 - Cannot read IP mode file for STMicroelectronics.X-CUBE-NFC9.1.0.0
2026-08-19 17:39:02,870 [WARN] PackLoader:240 - Cannot read IP mode file for STMicroelectronics.X-CUBE-BLE1.7.1.0
2026-08-19 17:39:02,900 [WARN] PackLoader:240 - Cannot read IP mode file for wolfSSL.I-CUBE-wolfMQTT.1.19.2
2026-08-19 17:39:02,931 [ERROR] Engine:466 - C:\Users\lthst\.stm32cubemx\thirdparties\pdsc\STMicroelectronics.X-CUBE-FREERTOS.1.4.0.pdsc: PDSC version is not supported
2026-08-19 17:39:02,964 [WARN] PackLoader:240 - Cannot read IP mode file for STMicroelectronics.X-CUBE-EEPRMA1.5.2.0
2026-08-19 17:39:02,994 [ERROR] Engine:466 - C:\Users\lthst\.stm32cubemx\thirdparties\pdsc\STMicroelectronics.X-CUBE-ST67W61.1.1.0.pdsc: PDSC version is not supported
2026-08-19 17:39:03,025 [WARN] PackLoader:240 - Cannot read IP mode file for STMicroelectronics.X-CUBE-AI.10.1.0
2026-08-19 17:39:03,050 [ERROR] Engine:466 - C:\Users\lthst\.stm32cubemx\thirdparties\pdsc\STMicroelectronics.FP-SNS-STAIOTCFT.1.1.0.pdsc: PDSC version is not supported
2026-08-19 17:39:03,152 [WARN] PackLoader:240 - Cannot read IP mode file for STMicroelectronics.X-CUBE-MEMS1.12.0.0
2026-08-19 17:39:03,425 [WARN] PackLoader:240 - Cannot read IP mode file for STMicroelectronics.X-CUBE-MEMS1.11.2.0
2026-08-19 17:39:03,647 [WARN] PackLoader:240 - Cannot read IP mode file for STMicroelectronics.X-CUBE-AZRTOS-G0.1.1.0
2026-08-19 17:39:03,683 [WARN] PackLoader:240 - Cannot read IP mode file for STMicroelectronics.X-CUBE-SAFEA1.1.2.2
2026-08-19 17:39:03,718 [WARN] PackLoader:240 - Cannot read IP mode file for STMicroelectronics.X-CUBE-NFC4.3.0.0
2026-08-19 17:39:03,759 [INFO] WebApp:463 - Apply proxy settings
2026-08-19 17:39:03,760 [INFO] WebApp:548 - Chromium requires no authentication
2026-08-19 17:39:03,761 [WARN] PackLoader:240 - Cannot read IP mode file for EmbeddedOffice.I-CUBE-FS-RTOS.1.0.1
2026-08-19 17:39:03,775 [INFO] WebApp:491 - Direct internet connection detected
2026-08-19 17:39:03,791 [WARN] PackLoader:240 - Cannot read IP mode file for STMicroelectronics.X-CUBE-WB05N.2.0.0
2026-08-19 17:39:03,819 [INFO] WebApp:894 - Register for checkConnection events
2026-08-19 17:39:03,819 [INFO] WebApp:463 - Apply proxy settings
2026-08-19 17:39:03,821 [INFO] WebApp:548 - Chromium requires no authentication
2026-08-19 17:39:03,821 [WARN] PackLoader:240 - Cannot read IP mode file for wolfSSL.I-CUBE-wolfTPM.3.8.0
2026-08-19 17:39:03,821 [INFO] WebApp:491 - Direct internet connection detected
2026-08-19 17:39:03,854 [WARN] PackLoader:240 - Cannot read IP mode file for STMicroelectronics.X-CUBE-TCPP.4.2.0
2026-08-19 17:39:03,886 [WARN] PackLoader:240 - Cannot read IP mode file for RealThread.X-CUBE-RT-Thread_Nano.4.1.1
2026-08-19 17:39:03,916 [WARN] PackLoader:240 - Cannot read IP mode file for STMicroelectronics.FP-ATR-SIGFOX1.3.2.0
2026-08-19 17:39:03,948 [WARN] PackLoader:240 - Cannot read IP mode file for STMicroelectronics.X-CUBE-EEPRMA1.5.1.0
2026-08-19 17:39:03,975 [ERROR] Engine:466 - C:\Users\lthst\.stm32cubemx\thirdparties\pdsc\STMicroelectronics.X-CUBE-FREERTOS.1.5.0.pdsc: PDSC version is not supported
2026-08-19 17:39:04,003 [WARN] PackLoader:240 - Cannot read IP mode file for wolfSSL.I-CUBE-wolfSSL.5.7.6
2026-08-19 17:39:04,039 [WARN] PackLoader:240 - Cannot read IP mode file for ITTIA_DB.I-CUBE-ITTIADB.8.9.0
2026-08-19 17:39:04,071 [WARN] PackLoader:240 - Cannot read IP mode file for STMicroelectronics.X-CUBE-NFC6.3.2.0
2026-08-19 17:39:04,108 [WARN] PackLoader:240 - Cannot read IP mode file for STMicroelectronics.X-CUBE-ST67W61.1.0.0
2026-08-19 17:39:04,141 [WARN] PackLoader:240 - Cannot read IP mode file for STMicroelectronics.X-CUBE-AI.10.2.1
2026-08-19 17:39:04,168 [WARN] PackLoader:240 - Cannot read IP mode file for STMicroelectronics.X-CUBE-AI.10.2.0
2026-08-19 17:39:04,182 [INFO] WebApp:225 - Starting web application
2026-08-19 17:39:04,182 [INFO] WebApp:593 - Web application path used C:\ST\STM32CubeIDE_1.18.0\STM32CubeIDE\plugins\com.st.stm32cube.common.mx_6.14.0.202502271554\db\plugins\mcufinder\reactClient1\index.html
2026-08-19 17:39:04,276 [WARN] PackLoader:240 - Cannot read IP mode file for STMicroelectronics.X-CUBE-MEMS1.12.1.0
2026-08-19 17:39:04,518 [INFO] WebApp:191 - Connection restablished
2026-08-19 17:39:04,546 [WARN] PackLoader:240 - Cannot read IP mode file for SEGGER.I-CUBE-embOS.1.3.1
2026-08-19 17:39:04,636 [WARN] PackLoader:240 - Cannot read IP mode file for STMicroelectronics.X-CUBE-ALGOBUILD.1.4.0
2026-08-19 17:39:04,745 [WARN] PackLoader:240 - Cannot read IP mode file for STMicroelectronics.X-CUBE-MEMS1.11.3.0
2026-08-19 17:39:05,018 [WARN] PackLoader:240 - Cannot read IP mode file for STMicroelectronics.X-CUBE-NFC13.1.0.0
2026-08-19 17:39:05,051 [WARN] PackLoader:240 - Cannot read IP mode file for STMicroelectronics.X-CUBE-PM33A1.1.0.0
2026-08-19 17:39:05,107 [WARN] PackLoader:240 - Cannot read IP mode file for STMicroelectronics.X-CUBE-AZRTOS-F4.1.1.0
2026-08-19 17:39:05,145 [WARN] PackLoader:240 - Cannot read IP mode file for Avnet-IotConnect.X-CUBE-IoTC-DA16k-PMOD.1.0.0
2026-08-19 17:39:05,175 [WARN] PackLoader:240 - Cannot read IP mode file for STMicroelectronics.X-CUBE-ISPU.2.1.0
2026-08-19 17:39:05,215 [ERROR] Engine:466 - C:\Users\lthst\.stm32cubemx\thirdparties\pdsc\STMicroelectronics.X-CUBE-IPS.3.2.0.pdsc: PDSC version is not supported
2026-08-19 17:39:05,245 [WARN] PackLoader:240 - Cannot read IP mode file for STMicroelectronics.eDS-WB_DPC_TT-BIDIR.2.1.1
2026-08-19 17:39:05,277 [WARN] PackLoader:240 - Cannot read IP mode file for STMicroelectronics.X-CUBE-NFC12.1.0.0
2026-08-19 17:39:05,339 [WARN] PackLoader:240 - Cannot read IP mode file for STMicroelectronics.X-CUBE-AZRTOS-L5.2.0.0
2026-08-19 17:39:05,376 [WARN] PackLoader:240 - Cannot read IP mode file for STMicroelectronics.X-CUBE-NFC6.3.1.0
2026-08-19 17:39:05,409 [WARN] PackLoader:240 - Cannot read IP mode file for STMicroelectronics.X-CUBE-ALGOBUILD.1.5.0
2026-08-19 17:39:05,444 [WARN] PackLoader:240 - Cannot read IP mode file for STMicroelectronics.X-CUBE-DPower.1.2.0
2026-08-19 17:39:05,473 [WARN] PackLoader:240 - Cannot read IP mode file for STMicroelectronics.eDS-WB_DPC_VIENNA.1.2.0
2026-08-19 17:39:05,571 [WARN] PackLoader:240 - Cannot read IP mode file for STMicroelectronics.X-CUBE-MEMS1.13.0.0
2026-08-19 17:39:05,709 [WARN] PackLoader:240 - Cannot read IP mode file for STMicroelectronics.eDS-WB_DPC_3PH2L-BIDIR.1.1.1
2026-08-19 17:39:05,738 [ERROR] Engine:466 - C:\Users\lthst\.stm32cubemx\thirdparties\pdsc\STMicroelectronics.X-CUBE-ST67W61.1.3.0.pdsc: PDSC version is not supported
2026-08-19 17:39:05,753 [INFO] UserAuth:486 - Internet connection configuration mode: 1
2026-08-19 17:39:05,768 [WARN] PackLoader:240 - Cannot read IP mode file for STMicroelectronics.X-CUBE-FREERTOS.1.3.1
2026-08-19 17:39:05,797 [WARN] PackLoader:240 - Cannot read IP mode file for STMicroelectronics.X-CUBE-FREERTOS.1.3.0
2026-08-19 17:39:05,827 [WARN] PackLoader:240 - Cannot read IP mode file for STMicroelectronics.X-CUBE-NFC7.1.0.1
2026-08-19 17:39:05,858 [WARN] PackLoader:240 - Cannot read IP mode file for STMicroelectronics.X-CUBE-TOUCHGFX.4.26.0
2026-08-19 17:39:05,886 [WARN] PackLoader:240 - Cannot read IP mode file for STMicroelectronics.X-CUBE-TOUCHGFX.4.26.1
2026-08-19 17:39:05,921 [WARN] PackLoader:240 - Cannot read IP mode file for STMicroelectronics.FP-SNS-STAIOTCFT.1.0.0
2026-08-19 17:39:05,949 [WARN] PackLoader:240 - Cannot read IP mode file for STMicroelectronics.X-CUBE-DPower.1.3.0
2026-08-19 17:39:06,004 [WARN] ConditionMgr:438 - getConditionDescription Invalid condition id : LAN8742 Phy interface Condition cause : null
2026-08-19 17:39:06,005 [WARN] PackLoader:240 - Cannot read IP mode file for STMicroelectronics.X-CUBE-AZRTOS-L4.2.0.0
2026-08-19 17:39:06,007 [WARN] ConditionMgr:1044 - genDependencies : Invalid condition id : LAN8742 Phy interface Condition cause : null
2026-08-19 17:39:06,007 [WARN] ConditionMgr:1044 - genDependencies : Invalid condition id : LAN8742 Phy interface Condition cause : null
2026-08-19 17:39:06,008 [WARN] ConditionMgr:1044 - genDependencies : Invalid condition id : LAN8742 Phy interface Condition cause : null
2026-08-19 17:39:06,046 [WARN] PackLoader:240 - Cannot read IP mode file for STMicroelectronics.X-CUBE-SFXS2LP1.4.0.0
2026-08-19 17:39:06,081 [WARN] PackLoader:240 - Cannot read IP mode file for STMicroelectronics.X-CUBE-WB05N.2.1.0
2026-08-19 17:39:06,110 [ERROR] Engine:466 - C:\Users\lthst\.stm32cubemx\thirdparties\pdsc\STMicroelectronics.X-CUBE-ST67W61.1.2.0.pdsc: PDSC version is not supported
2026-08-19 17:39:06,171 [WARN] PackLoader:240 - Cannot read IP mode file for STMicroelectronics.X-CUBE-AZRTOS-H7.3.3.0
2026-08-19 17:39:06,217 [WARN] PackLoader:240 - Cannot read IP mode file for STMicroelectronics.X-CUBE-BLEMGR.4.1.0
2026-08-19 17:39:06,275 [WARN] ConditionMgr:438 - getConditionDescription Invalid condition id : UX DEVICE CLASS RTOS Condition cause : null
2026-08-19 17:39:06,275 [WARN] ConditionMgr:438 - getConditionDescription Invalid condition id : UX DEVICE CLASS RTOS Condition cause : null
2026-08-19 17:39:06,280 [WARN] PackLoader:240 - Cannot read IP mode file for STMicroelectronics.X-CUBE-AZRTOS-WB.2.0.0
2026-08-19 17:39:06,281 [WARN] ConditionMgr:1044 - genDependencies : Invalid condition id : UX DEVICE CLASS RTOS Condition cause : null
2026-08-19 17:39:06,281 [WARN] ConditionMgr:1044 - genDependencies : Invalid condition id : UX DEVICE CLASS RTOS Condition cause : null
2026-08-19 17:39:06,282 [WARN] ConditionMgr:1044 - genDependencies : Invalid condition id : UX DEVICE CLASS RTOS Condition cause : null
2026-08-19 17:39:06,282 [WARN] ConditionMgr:1044 - genDependencies : Invalid condition id : UX DEVICE CLASS RTOS Condition cause : null
2026-08-19 17:39:06,282 [WARN] ConditionMgr:1044 - genDependencies : Invalid condition id : UX DEVICE CLASS RTOS Condition cause : null
2026-08-19 17:39:06,311 [WARN] PackLoader:240 - Cannot read IP mode file for STMicroelectronics.X-CUBE-GNSS1.7.0.1
2026-08-19 17:39:06,344 [WARN] PackLoader:240 - Cannot read IP mode file for STMicroelectronics.X-CUBE-TOUCHGFX.4.25.0
2026-08-19 17:39:06,374 [WARN] PackLoader:240 - Cannot read IP mode file for STMicroelectronics.FP-SNS-STBOX1.2.0.0
2026-08-19 17:39:06,410 [WARN] PackLoader:240 - Cannot read IP mode file for STMicroelectronics.X-CUBE-STSE01.2.0.0
2026-08-19 17:39:06,452 [WARN] PackLoader:240 - Cannot read IP mode file for STMicroelectronics.X-CUBE-SUBG2.5.0.0
2026-08-19 17:39:06,513 [WARN] PackLoader:240 - Cannot read IP mode file for STMicroelectronics.X-CUBE-AZRTOS-H7RS.1.1.0
2026-08-19 17:39:06,547 [WARN] PackLoader:240 - Cannot read IP mode file for Cesanta.I-CUBE-Mongoose.7.13.0
2026-08-19 17:39:06,599 [WARN] PackLoader:240 - Cannot read IP mode file for STMicroelectronics.X-CUBE-AZRTOS-G4.2.0.0
2026-08-19 17:39:06,629 [WARN] PackLoader:240 - Cannot read IP mode file for wolfSSL.I-CUBE-wolfSSH.1.4.20
2026-08-19 17:39:06,655 [WARN] PackLoader:240 - Cannot read IP mode file for STMicroelectronics.X-CUBE-NFC7.2.0.0
2026-08-19 17:39:06,714 [WARN] PackLoader:240 - Cannot read IP mode file for STMicroelectronics.X-CUBE-IPS.3.1.0
2026-08-19 17:39:06,748 [ERROR] Engine:466 - C:\Users\lthst\.stm32cubemx\thirdparties\pdsc\STMicroelectronics.X-CUBE-BLEMGR.4.2.0.pdsc: PDSC version is not supported
2026-08-19 17:39:06,779 [WARN] PackLoader:240 - Cannot read IP mode file for STMicroelectronics.X-CUBE-ALS.1.0.2
2026-08-19 17:39:06,811 [WARN] PackLoader:240 - Cannot read IP mode file for STMicroelectronics.X-CUBE-STSE01.1.0.0
2026-08-19 17:39:06,844 [WARN] PackLoader:240 - Cannot read IP mode file for portGmbH.I-Cube-SoM-uGOAL.1.1.0
2026-08-19 17:39:06,886 [WARN] PackLoader:240 - Cannot read IP mode file for STMicroelectronics.X-CUBE-TOF1.3.4.2
2026-08-19 17:39:06,936 [WARN] PackLoader:240 - Cannot read IP mode file for STMicroelectronics.X-CUBE-TOF1.3.4.3
2026-08-19 17:39:06,950 [INFO] ThirdParty:978 - Integrity check success = true
2026-08-19 17:39:06,950 [INFO] IntegrityCheckThread:100 - exiting critical section [integrity check]
2026-08-19 17:39:06,950 [INFO] IntegrityCheckThread:103 - End integrity checks thread
2026-08-19 17:39:53,497 [ERROR] LogOutputStream:75 - [STDERR_REDIRECT] 
2026-08-19 18:06:57,895 [INFO] Activator:176 - 


2026-08-19 18:06:57,900 [INFO] Activator:177 - !SESSION log4j initialized
2026-08-19 18:07:01,936 [INFO] LogOutputStream:77 - [STDOUT_REDIRECT] 
2026-08-19 18:07:06,533 [INFO] ApplicationProperties:184 - Using Application install path: C:\ST\STM32CubeIDE_1.18.0\STM32CubeIDE\plugins\com.st.stm32cube.common.mx_6.14.0.202502271554
2026-08-19 18:07:06,564 [INFO] DbMcusXml:78 - Set database path to: C:\ST\STM32CubeIDE_1.18.0\STM32CubeIDE\plugins\com.st.stm32cube.common.mx_6.14.0.202502271554\\db\/mcu/
2026-08-19 18:07:06,564 [INFO] ApiDb:274 - Set plugin database path to: C:\ST\STM32CubeIDE_1.18.0\STM32CubeIDE\plugins\com.st.stm32cube.common.mx_6.14.0.202502271554\\db\/plugins/boardmanager/
2026-08-19 18:07:06,564 [WARN] ApiDb:259 - Overriding images path with different value:  => C:\ST\STM32CubeIDE_1.18.0\STM32CubeIDE\plugins\com.st.stm32cube.common.mx_6.14.0.202502271554\\db\/plugins/mcufinder/images/
2026-08-19 18:07:06,585 [INFO] ApiDb:250 - Set database path to: C:\Users\lthst\.stmcufinder\plugins\mcufinder//mcu/
2026-08-19 18:07:06,587 [INFO] DbMcusAds:125 - Set database path to: C:\Users\lthst\.stmcufinder\plugins\mcufinder//mcu/
2026-08-19 18:07:06,593 [INFO] CrossReferenceDbSqlite:203 - Set database path to: C:\Users\lthst\.stmcufinder\plugins\mcufinder//mcu/cs/
2026-08-19 18:07:06,854 [INFO] RulesReader:64 - Compatibility file has been processed (301 Rules)
2026-08-19 18:07:07,012 [INFO] DbMcusXml:78 - Set database path to: C:\ST\STM32CubeIDE_1.18.0\STM32CubeIDE\plugins\com.st.stm32cube.common.mx_6.14.0.202502271554\\db\/mcu/
2026-08-19 18:07:07,012 [INFO] ApiDb:274 - Set plugin database path to: C:\ST\STM32CubeIDE_1.18.0\STM32CubeIDE\plugins\com.st.stm32cube.common.mx_6.14.0.202502271554\\db\/plugins/boardmanager/
2026-08-19 18:07:07,012 [INFO] ApiDb:261 - Set plugin images path to: C:\ST\STM32CubeIDE_1.18.0\STM32CubeIDE\plugins\com.st.stm32cube.common.mx_6.14.0.202502271554\\db\/plugins/mcufinder/images/
2026-08-19 18:07:07,012 [WARN] DbFile:41 - Overriding database path with different value: C:\Users\lthst\.stmcufinder\plugins\mcufinder/ => C:\Users\lthst\.stmcufinder\plugins\mcufinder
2026-08-19 18:07:07,012 [INFO] ApiDb:250 - Set database path to: C:\Users\lthst\.stmcufinder\plugins\mcufinder//mcu/
2026-08-19 18:07:07,012 [WARN] DbFile:41 - Overriding database path with different value: C:\Users\lthst\.stmcufinder\plugins\mcufinder/ => C:\Users\lthst\.stmcufinder\plugins\mcufinder
2026-08-19 18:07:07,012 [INFO] DbMcusAds:125 - Set database path to: C:\Users\lthst\.stmcufinder\plugins\mcufinder//mcu/
2026-08-19 18:07:07,014 [WARN] DbFile:41 - Overriding database path with different value: C:\Users\lthst\.stmcufinder\plugins\mcufinder/ => C:\Users\lthst\.stmcufinder\plugins\mcufinder
2026-08-19 18:07:07,014 [WARN] DbFile:41 - Overriding database path with different value: C:\Users\lthst\.stmcufinder\plugins\mcufinder/ => C:\Users\lthst\.stmcufinder\plugins\mcufinder
2026-08-19 18:07:07,014 [INFO] CrossReferenceDbSqlite:203 - Set database path to: C:\Users\lthst\.stmcufinder\plugins\mcufinder//mcu/cs/
2026-08-19 18:07:07,133 [INFO] MainPanel:272 - HeapMemory: 268435456
2026-08-19 18:07:07,299 [INFO] DbMcusXml:78 - Set database path to: C:\ST\STM32CubeIDE_1.18.0\STM32CubeIDE\plugins\com.st.stm32cube.common.mx_6.14.0.202502271554\\db\/mcu/
2026-08-19 18:07:07,299 [INFO] ApiDb:274 - Set plugin database path to: C:\ST\STM32CubeIDE_1.18.0\STM32CubeIDE\plugins\com.st.stm32cube.common.mx_6.14.0.202502271554\\db\/plugins/boardmanager/
2026-08-19 18:07:07,299 [INFO] ApiDb:261 - Set plugin images path to: C:\ST\STM32CubeIDE_1.18.0\STM32CubeIDE\plugins\com.st.stm32cube.common.mx_6.14.0.202502271554\\db\/plugins/mcufinder/images/
2026-08-19 18:07:07,299 [WARN] DbFile:41 - Overriding database path with different value: C:\Users\lthst\.stmcufinder\plugins\mcufinder/ => C:\Users\lthst\.stmcufinder\plugins\mcufinder
2026-08-19 18:07:07,299 [INFO] ApiDb:250 - Set database path to: C:\Users\lthst\.stmcufinder\plugins\mcufinder//mcu/
2026-08-19 18:07:07,299 [WARN] DbFile:41 - Overriding database path with different value: C:\Users\lthst\.stmcufinder\plugins\mcufinder/ => C:\Users\lthst\.stmcufinder\plugins\mcufinder
2026-08-19 18:07:07,299 [INFO] DbMcusAds:125 - Set database path to: C:\Users\lthst\.stmcufinder\plugins\mcufinder//mcu/
2026-08-19 18:07:07,299 [WARN] DbFile:41 - Overriding database path with different value: C:\Users\lthst\.stmcufinder\plugins\mcufinder/ => C:\Users\lthst\.stmcufinder\plugins\mcufinder
2026-08-19 18:07:07,299 [WARN] DbFile:41 - Overriding database path with different value: C:\Users\lthst\.stmcufinder\plugins\mcufinder/ => C:\Users\lthst\.stmcufinder\plugins\mcufinder
2026-08-19 18:07:07,299 [INFO] CrossReferenceDbSqlite:203 - Set database path to: C:\Users\lthst\.stmcufinder\plugins\mcufinder//mcu/cs/
2026-08-19 18:07:07,338 [INFO] ApplicationProperties:184 - Using Application install path: C:\ST\STM32CubeIDE_1.18.0\STM32CubeIDE\plugins\com.st.stm32cube.common.mx_6.14.0.202502271554
2026-08-19 18:07:07,341 [INFO] PluginManage:196 - Search for loadable plugins [exclusion list=, ]
2026-08-19 18:07:07,341 [INFO] PluginManage:310 - Check plugin analytics
2026-08-19 18:07:07,662 [INFO] AnalyticsPlugin:253 - Accepted Software Licenses: 
2026-08-19 18:07:07,662 [INFO] AnalyticsPlugin:255 - Accepted CMSIS Pack Licenses: 
2026-08-19 18:07:07,662 [INFO] AnalyticsPlugin:257 - Accepted Firmware Licenses: FW.F4.1.28.0
2026-08-19 18:07:07,674 [INFO] PluginManage:359 - Loaded plugin analytics (category:tool,tabindex:-1)
2026-08-19 18:07:07,675 [INFO] PluginManage:310 - Check plugin cadmodel
2026-08-19 18:07:07,682 [INFO] CADModel:105 - Init CAD model plugin
2026-08-19 18:07:07,683 [INFO] PluginManage:359 - Loaded plugin cadmodel (category:power,tabindex:5)
2026-08-19 18:07:07,683 [INFO] PluginManage:310 - Check plugin clock
2026-08-19 18:07:07,699 [INFO] PluginManage:359 - Loaded plugin clock (category:base,tabindex:2)
2026-08-19 18:07:07,699 [INFO] PluginManage:310 - Check plugin ddr
2026-08-19 18:07:07,699 [INFO] PluginManage:359 - Loaded plugin ddr (category:tool,tabindex:6)
2026-08-19 18:07:07,707 [INFO] PluginManage:310 - Check plugin filemanager
2026-08-19 18:07:08,043 [INFO] PluginManage:359 - Loaded plugin filemanager (category:base,tabindex:10)
2026-08-19 18:07:08,044 [INFO] PluginManage:310 - Check plugin ipmanager
2026-08-19 18:07:08,056 [INFO] PluginManage:359 - Loaded plugin ipmanager (category:base,tabindex:5)
2026-08-19 18:07:08,056 [INFO] PluginManage:310 - Check plugin lpbam
2026-08-19 18:07:08,064 [INFO] PluginManage:359 - Loaded plugin lpbam (category:base,tabindex:0)
2026-08-19 18:07:08,064 [INFO] PluginManage:310 - Check plugin memorymap
2026-08-19 18:07:08,092 [INFO] PluginManage:359 - Loaded plugin memorymap (category:base,tabindex:4)
2026-08-19 18:07:08,092 [INFO] PluginManage:310 - Check plugin pinoutandconfiguration
2026-08-19 18:07:08,100 [INFO] PluginManage:359 - Loaded plugin pinoutandconfiguration (category:base,tabindex:1)
2026-08-19 18:07:08,100 [INFO] PluginManage:310 - Check plugin pinoutconfig
2026-08-19 18:07:08,254 [WARN] SupportedApi:132 - Cannot load RTOS API schema: s4s-elt-must-match.1: The content of 'definitions' must match (annotation?, (simpleType | complexType)?, (unique | key | keyref)*)). A problem was found starting at: attribute.
2026-08-19 18:07:08,493 [INFO] PluginManage:359 - Loaded plugin pinoutconfig (category:base,tabindex:0)
2026-08-19 18:07:08,496 [INFO] PluginManage:310 - Check plugin power
2026-08-19 18:07:08,510 [INFO] PluginManage:359 - Loaded plugin power (category:power,tabindex:4)
2026-08-19 18:07:08,510 [INFO] PluginManage:310 - Check plugin projectmanager
2026-08-19 18:07:08,548 [INFO] PluginManage:359 - Loaded plugin projectmanager (category:projectmanager,tabindex:4)
2026-08-19 18:07:08,548 [INFO] PluginManage:310 - Check plugin rif
2026-08-19 18:07:08,559 [INFO] PluginManage:359 - Loaded plugin rif (category:base,tabindex:3)
2026-08-19 18:07:08,559 [INFO] PluginManage:310 - Check plugin thirdparty
2026-08-19 18:07:08,681 [INFO] PluginManage:359 - Loaded plugin thirdparty (category:base,tabindex:-1)
2026-08-19 18:07:08,680 [WARN] IntegrityCheckThread:84 - waiting for thirdparty lock release [integrity check]
2026-08-19 18:07:08,681 [INFO] PluginManage:310 - Check plugin tools
2026-08-19 18:07:08,681 [INFO] IntegrityCheckThread:86 - entering critical section [integrity check]
2026-08-19 18:07:08,681 [INFO] ThirdPartyUpdaterWithRetryManager:70 - Updater plugin not ready yet. [1/15]
2026-08-19 18:07:08,683 [INFO] PluginManage:359 - Loaded plugin tools (category:base,tabindex:7)
2026-08-19 18:07:08,684 [INFO] PluginManage:310 - Check plugin tutovideos
2026-08-19 18:07:08,808 [INFO] PluginManage:359 - Loaded plugin tutovideos (category:base,tabindex:-1)
2026-08-19 18:07:08,808 [INFO] PluginManage:310 - Check plugin updater
2026-08-19 18:07:08,829 [INFO] PluginManage:359 - Loaded plugin updater (category:base,tabindex:12)
2026-08-19 18:07:08,829 [INFO] PluginManage:310 - Check plugin userauth
2026-08-19 18:07:08,831 [INFO] UserAuth:118 - Init User Auth plugin
2026-08-19 18:07:08,832 [INFO] PluginManage:359 - Loaded plugin userauth (category:base,tabindex:14)
2026-08-19 18:07:08,833 [INFO] PluginManage:283 - PluginManage : Loaded plugins [18]
2026-08-19 18:07:09,013 [INFO] PinOutPanel:1589 - setPackage(No Configuration,No Configuration)
2026-08-19 18:07:09,109 [INFO] CADModel:165 - CPN selected for project level
2026-08-19 18:07:09,109 [INFO] CADModel:114 - Register for checkConnection events
2026-08-19 18:07:09,128 [INFO] IPUIPlugin:80 - create IPUIPlugin
2026-08-19 18:07:09,129 [INFO] PluginManager:220 - loadIPPluginJar : add adc
2026-08-19 18:07:09,131 [INFO] IPUIPlugin:80 - create IPUIPlugin
2026-08-19 18:07:09,132 [INFO] PluginManager:220 - loadIPPluginJar : add aes
2026-08-19 18:07:09,134 [INFO] IPUIPlugin:80 - create IPUIPlugin
2026-08-19 18:07:09,134 [INFO] PluginManager:220 - loadIPPluginJar : add can
2026-08-19 18:07:09,136 [INFO] IPUIPlugin:80 - create IPUIPlugin
2026-08-19 18:07:09,137 [INFO] PluginManager:220 - loadIPPluginJar : add comp
2026-08-19 18:07:09,139 [INFO] IPUIPlugin:80 - create IPUIPlugin
2026-08-19 18:07:09,139 [INFO] PluginManager:220 - loadIPPluginJar : add cryp
2026-08-19 18:07:09,141 [INFO] IPUIPlugin:80 - create IPUIPlugin
2026-08-19 18:07:09,141 [INFO] PluginManager:220 - loadIPPluginJar : add ddr_ctrl_phy
2026-08-19 18:07:09,143 [INFO] IPUIPlugin:80 - create IPUIPlugin
2026-08-19 18:07:09,144 [INFO] PluginManager:220 - loadIPPluginJar : add dfsdm
2026-08-19 18:07:09,149 [INFO] IPUIPlugin:80 - create IPUIPlugin
2026-08-19 18:07:09,150 [INFO] PluginManager:220 - loadIPPluginJar : add dma
2026-08-19 18:07:09,153 [INFO] IPUIPlugin:80 - create IPUIPlugin
2026-08-19 18:07:09,153 [INFO] PluginManager:220 - loadIPPluginJar : add dma3
2026-08-19 18:07:09,156 [INFO] IPUIPlugin:80 - create IPUIPlugin
2026-08-19 18:07:09,156 [INFO] PluginManager:220 - loadIPPluginJar : add extmemmanager
2026-08-19 18:07:09,158 [INFO] IPUIPlugin:80 - create IPUIPlugin
2026-08-19 18:07:09,158 [INFO] PluginManager:220 - loadIPPluginJar : add fatfs
2026-08-19 18:07:09,162 [INFO] IPUIPlugin:80 - create IPUIPlugin
2026-08-19 18:07:09,162 [INFO] PluginManager:220 - loadIPPluginJar : add fmc
2026-08-19 18:07:09,171 [INFO] IPUIPlugin:80 - create IPUIPlugin
2026-08-19 18:07:09,172 [INFO] PluginManager:220 - loadIPPluginJar : add freertos
2026-08-19 18:07:09,174 [INFO] IPUIPlugin:80 - create IPUIPlugin
2026-08-19 18:07:09,174 [INFO] PluginManager:220 - loadIPPluginJar : add genericplugin
2026-08-19 18:07:09,177 [INFO] IPUIPlugin:80 - create IPUIPlugin
2026-08-19 18:07:09,177 [INFO] PluginManager:220 - loadIPPluginJar : add gfxmmu
2026-08-19 18:07:09,181 [INFO] IPUIPlugin:80 - create IPUIPlugin
2026-08-19 18:07:09,182 [INFO] PluginManager:220 - loadIPPluginJar : add gic
2026-08-19 18:07:09,185 [INFO] IPUIPlugin:80 - create IPUIPlugin
2026-08-19 18:07:09,186 [INFO] PluginManager:220 - loadIPPluginJar : add gpio
2026-08-19 18:07:09,188 [INFO] IPUIPlugin:80 - create IPUIPlugin
2026-08-19 18:07:09,188 [INFO] PluginManager:220 - loadIPPluginJar : add gtzc
2026-08-19 18:07:09,190 [INFO] IPUIPlugin:80 - create IPUIPlugin
2026-08-19 18:07:09,191 [INFO] PluginManager:220 - loadIPPluginJar : add hash
2026-08-19 18:07:09,193 [INFO] IPUIPlugin:80 - create IPUIPlugin
2026-08-19 18:07:09,193 [INFO] PluginManager:220 - loadIPPluginJar : add i2c
2026-08-19 18:07:09,195 [INFO] IPUIPlugin:80 - create IPUIPlugin
2026-08-19 18:07:09,195 [INFO] PluginManager:220 - loadIPPluginJar : add i2s
2026-08-19 18:07:09,198 [INFO] IPUIPlugin:80 - create IPUIPlugin
2026-08-19 18:07:09,198 [INFO] PluginManager:220 - loadIPPluginJar : add i3c
2026-08-19 18:07:09,202 [INFO] IPUIPlugin:80 - create IPUIPlugin
2026-08-19 18:07:09,202 [INFO] PluginManager:220 - loadIPPluginJar : add ipddr
2026-08-19 18:07:09,208 [INFO] IPUIPlugin:80 - create IPUIPlugin
2026-08-19 18:07:09,208 [INFO] PluginManager:220 - loadIPPluginJar : add linkedlist
2026-08-19 18:07:09,211 [INFO] IPUIPlugin:80 - create IPUIPlugin
2026-08-19 18:07:09,211 [INFO] PluginManager:220 - loadIPPluginJar : add lorawan
2026-08-19 18:07:09,212 [INFO] IPUIPlugin:80 - create IPUIPlugin
2026-08-19 18:07:09,212 [INFO] PluginManager:220 - loadIPPluginJar : add ltdc
2026-08-19 18:07:09,217 [INFO] IPUIPlugin:80 - create IPUIPlugin
2026-08-19 18:07:09,218 [INFO] PluginManager:220 - loadIPPluginJar : add mdma
2026-08-19 18:07:09,221 [INFO] IPUIPlugin:80 - create IPUIPlugin
2026-08-19 18:07:09,221 [INFO] PluginManager:220 - loadIPPluginJar : add nvic
2026-08-19 18:07:09,224 [INFO] IPUIPlugin:80 - create IPUIPlugin
2026-08-19 18:07:09,224 [INFO] PluginManager:220 - loadIPPluginJar : add opamp
2026-08-19 18:07:09,227 [INFO] IPUIPlugin:80 - create IPUIPlugin
2026-08-19 18:07:09,228 [INFO] PluginManager:220 - loadIPPluginJar : add openamp
2026-08-19 18:07:09,230 [INFO] IPUIPlugin:80 - create IPUIPlugin
2026-08-19 18:07:09,231 [INFO] PluginManager:220 - loadIPPluginJar : add pdm2pcm
2026-08-19 18:07:09,237 [INFO] IPUIPlugin:80 - create IPUIPlugin
2026-08-19 18:07:09,240 [INFO] PluginManager:220 - loadIPPluginJar : add plateformsettings
2026-08-19 18:07:09,242 [INFO] IPUIPlugin:80 - create IPUIPlugin
2026-08-19 18:07:09,242 [INFO] PluginManager:220 - loadIPPluginJar : add quadspi
2026-08-19 18:07:09,243 [INFO] IPUIPlugin:80 - create IPUIPlugin
2026-08-19 18:07:09,244 [INFO] PluginManager:220 - loadIPPluginJar : add radio
2026-08-19 18:07:09,246 [INFO] IPUIPlugin:80 - create IPUIPlugin
2026-08-19 18:07:09,246 [INFO] PluginManager:220 - loadIPPluginJar : add resmgrutility
2026-08-19 18:07:09,250 [INFO] IPUIPlugin:80 - create IPUIPlugin
2026-08-19 18:07:09,250 [INFO] PluginManager:220 - loadIPPluginJar : add sai
2026-08-19 18:07:09,252 [INFO] IPUIPlugin:80 - create IPUIPlugin
2026-08-19 18:07:09,252 [INFO] PluginManager:220 - loadIPPluginJar : add spi
2026-08-19 18:07:09,258 [INFO] IPUIPlugin:80 - create IPUIPlugin
2026-08-19 18:07:09,258 [INFO] PluginManager:220 - loadIPPluginJar : add stm32_wpan
2026-08-19 18:07:09,259 [INFO] IPUIPlugin:80 - create IPUIPlugin
2026-08-19 18:07:09,260 [INFO] PluginManager:220 - loadIPPluginJar : add tim
2026-08-19 18:07:09,263 [INFO] IPUIPlugin:80 - create IPUIPlugin
2026-08-19 18:07:09,263 [INFO] PluginManager:220 - loadIPPluginJar : add touchsensing
2026-08-19 18:07:09,265 [INFO] IPUIPlugin:80 - create IPUIPlugin
2026-08-19 18:07:09,265 [INFO] PluginManager:220 - loadIPPluginJar : add tracer_emb
2026-08-19 18:07:09,268 [INFO] IPUIPlugin:80 - create IPUIPlugin
2026-08-19 18:07:09,268 [INFO] PluginManager:220 - loadIPPluginJar : add ts
2026-08-19 18:07:09,270 [INFO] IPUIPlugin:80 - create IPUIPlugin
2026-08-19 18:07:09,270 [INFO] PluginManager:220 - loadIPPluginJar : add tsc
2026-08-19 18:07:09,273 [INFO] IPUIPlugin:80 - create IPUIPlugin
2026-08-19 18:07:09,273 [INFO] PluginManager:220 - loadIPPluginJar : add ucpd
2026-08-19 18:07:09,276 [INFO] IPUIPlugin:80 - create IPUIPlugin
2026-08-19 18:07:09,276 [INFO] PluginManager:220 - loadIPPluginJar : add usart
2026-08-19 18:07:09,280 [INFO] IPUIPlugin:80 - create IPUIPlugin
2026-08-19 18:07:09,280 [INFO] PluginManager:220 - loadIPPluginJar : add usbx
2026-08-19 18:07:09,420 [FATAL] Updater:351 - Updater called before beeing initialized
2026-08-19 18:07:09,448 [INFO] RulesReader:64 - Compatibility file has been processed (301 Rules)
2026-08-19 18:07:09,462 [INFO] RulesReader:64 - Compatibility file has been processed (301 Rules)
2026-08-19 18:07:09,470 [INFO] CADModel:165 - CPN selected for project level
2026-08-19 18:07:09,470 [INFO] CADModel:114 - Register for checkConnection events
2026-08-19 18:07:09,471 [FATAL] Updater:351 - Updater called before beeing initialized
2026-08-19 18:07:09,471 [ERROR] CADModel:125 - Updater not yet initialized, retry later 
2026-08-19 18:07:09,608 [FATAL] Updater:351 - Updater called before beeing initialized
2026-08-19 18:07:09,610 [INFO] CADModel:165 - CPN selected for project level
2026-08-19 18:07:09,610 [INFO] CADModel:114 - Register for checkConnection events
2026-08-19 18:07:09,610 [FATAL] Updater:351 - Updater called before beeing initialized
2026-08-19 18:07:09,610 [ERROR] CADModel:125 - Updater not yet initialized, retry later 
2026-08-19 18:07:09,613 [FATAL] Updater:351 - Updater called before beeing initialized
2026-08-19 18:07:09,758 [FATAL] Updater:351 - Updater called before beeing initialized
2026-08-19 18:07:09,762 [INFO] DbMcusAds:53 - JSON generation date=Wed Jul 15 18:44:54 KST 2026 (1784108694001)
2026-08-19 18:07:09,762 [FATAL] Updater:351 - Updater called before beeing initialized
2026-08-19 18:07:09,806 [WARN] DetailPanel:346 - Failed to get advertising image, set to default
2026-08-19 18:07:10,132 [FATAL] Updater:351 - Updater called before beeing initialized
2026-08-19 18:07:10,134 [FATAL] Updater:351 - Updater called before beeing initialized
2026-08-19 18:07:10,134 [FATAL] Updater:351 - Updater called before beeing initialized
2026-08-19 18:07:10,134 [WARN] DetailPanel:346 - Failed to get advertising image, set to default
2026-08-19 18:07:10,135 [FATAL] Updater:351 - Updater called before beeing initialized
2026-08-19 18:07:10,178 [ERROR] Updater:1198 - MainUpdater not yet initialized. External WinMGr cannot be set.
2026-08-19 18:07:10,180 [INFO] Updater:1134 - Updater Version found : 6.14.0
2026-08-19 18:07:10,195 [INFO] ApplicationProperties:184 - Using Application install path: C:\ST\STM32CubeIDE_1.18.0\STM32CubeIDE\plugins\com.st.stm32cube.common.mx_6.14.0.202502271554
2026-08-19 18:07:10,587 [INFO] MainUpdater:2872 - connection check result : 10
2026-08-19 18:07:10,587 [INFO] MainUpdater:289 - Updater Check For Update Now.
2026-08-19 18:07:10,588 [INFO] MicroXplorer:498 - Change Database Version : DB.6.0.140
2026-08-19 18:07:10,594 [INFO] McuFinderGlobals:63 - Set McuFinder mode to 2 (CubeIDE integrated)
2026-08-19 18:07:10,595 [INFO] UserAuth:486 - Internet connection configuration mode: 1
2026-08-19 18:07:10,613 [INFO] JxBrowserEngine:152 - Initiate JxBrowser Engine with user profile folder
2026-08-19 18:07:10,815 [INFO] CheckServerUpdateThread:120 - End of CheckServer Thread
2026-08-19 18:07:11,362 [INFO] WebApp:169 - Instantiating new browser for Auth
2026-08-19 18:07:12,334 [WARN] PackLoader:240 - Cannot read IP mode file for STMicroelectronics.X-CUBE-AZRTOS-H7.3.5.0
2026-08-19 18:07:12,361 [WARN] PackLoader:240 - Cannot read IP mode file for STMicroelectronics.FP-SNS-MOTENVWB1.1.4.0
2026-08-19 18:07:12,375 [WARN] PackLoader:240 - Cannot read IP mode file for STMicroelectronics.FP-ATR-ASTRA1.2.0.3
2026-08-19 18:07:12,381 [WARN] PackLoader:240 - Cannot read IP mode file for STMicroelectronics.FP-ATR-ASTRA1.2.0.2
2026-08-19 18:07:12,391 [ERROR] Engine:466 - C:\Users\lthst\.stm32cubemx\thirdparties\pdsc\STMicroelectronics.X-CUBE-SMBUS.2.1.1.pdsc: PDSC version is not supported
2026-08-19 18:07:12,400 [WARN] PackLoader:240 - Cannot read IP mode file for STMicroelectronics.X-CUBE-SMBUS.2.1.0
2026-08-19 18:07:12,414 [WARN] PackLoader:240 - Cannot read IP mode file for STMicroelectronics.X-CUBE-WB05N.1.1.0
2026-08-19 18:07:12,426 [WARN] PackLoader:240 - Cannot read IP mode file for STMicroelectronics.X-CUBE-ST60.1.0.0
2026-08-19 18:07:12,471 [WARN] PackLoader:240 - Cannot read IP mode file for STMicroelectronics.X-CUBE-AZRTOS-F7.1.1.0
2026-08-19 18:07:12,482 [ERROR] Engine:466 - C:\Users\lthst\.stm32cubemx\thirdparties\pdsc\STMicroelectronics.X-CUBE-FREERTOS.1.6.0.pdsc: PDSC version is not supported
2026-08-19 18:07:12,486 [ERROR] Engine:466 - C:\Users\lthst\.stm32cubemx\thirdparties\pdsc\STMicroelectronics.FP-SNS-MOTENV1.5.1.0.pdsc: PDSC version is not supported
2026-08-19 18:07:12,529 [WARN] PackLoader:240 - Cannot read IP mode file for STMicroelectronics.X-CUBE-AZRTOS-H7RS.1.3.0
2026-08-19 18:07:12,575 [WARN] PackLoader:240 - Cannot read IP mode file for Infineon.AIROC-Wi-Fi-Bluetooth-STM32.1.7.0
2026-08-19 18:07:12,586 [INFO] WebApp:463 - Apply proxy settings
2026-08-19 18:07:12,586 [INFO] WebApp:548 - Chromium requires no authentication
2026-08-19 18:07:12,607 [INFO] WebApp:491 - Direct internet connection detected
2026-08-19 18:07:12,633 [WARN] PackLoader:240 - Cannot read IP mode file for STMicroelectronics.X-CUBE-AZRTOS-H7.3.4.0
2026-08-19 18:07:12,653 [WARN] PackLoader:240 - Cannot read IP mode file for STMicroelectronics.X-CUBE-DISPLAY.3.0.0
2026-08-19 18:07:12,672 [WARN] PackLoader:240 - Cannot read IP mode file for STMicroelectronics.X-CUBE-GNSS1.7.1.1
2026-08-19 18:07:12,678 [ERROR] Engine:466 - C:\Users\lthst\.stm32cubemx\thirdparties\pdsc\STMicroelectronics.FP-SNS-MOTENVWB1.1.5.0.pdsc: PDSC version is not supported
2026-08-19 18:07:12,691 [WARN] PackLoader:240 - Cannot read IP mode file for STMicroelectronics.X-CUBE-NFC10.1.0.0
2026-08-19 18:07:12,702 [INFO] WebApp:894 - Register for checkConnection events
2026-08-19 18:07:12,702 [INFO] WebApp:463 - Apply proxy settings
2026-08-19 18:07:12,702 [INFO] WebApp:548 - Chromium requires no authentication
2026-08-19 18:07:12,704 [INFO] WebApp:491 - Direct internet connection detected
2026-08-19 18:07:12,717 [WARN] PackLoader:240 - Cannot read IP mode file for STMicroelectronics.X-CUBE-BLEMGR.4.0.0
2026-08-19 18:07:12,736 [WARN] PackLoader:240 - Cannot read IP mode file for STMicroelectronics.X-CUBE-ST60.1.1.0
2026-08-19 18:07:12,751 [WARN] PackLoader:240 - Cannot read IP mode file for emotas.I-CUBE-CANOPEN.1.3.0
2026-08-19 18:07:12,757 [ERROR] Engine:466 - C:\Users\lthst\.stm32cubemx\thirdparties\pdsc\STMicroelectronics.X-CUBE-WBA.1.1.0.pdsc: PDSC version is not supported
2026-08-19 18:07:12,765 [WARN] PackLoader:240 - Cannot read IP mode file for STMicroelectronics.X-CUBE-GNSS1.7.1.0
2026-08-19 18:07:12,780 [WARN] ConditionMgr:438 - getConditionDescription Invalid condition id : Cortex-A Device cause : null
2026-08-19 18:07:12,873 [WARN] ConditionMgr:1044 - genDependencies : Invalid condition id : Cortex-A Device cause : null
2026-08-19 18:07:12,874 [WARN] ConditionMgr:1044 - genDependencies : Invalid condition id : Cortex-A Device cause : null
2026-08-19 18:07:12,874 [WARN] ConditionMgr:1044 - genDependencies : Invalid condition id : Cortex-A Device cause : null
2026-08-19 18:07:12,885 [WARN] PackLoader:240 - Cannot read IP mode file for STMicroelectronics.X-CUBE-AI.10.0.0
2026-08-19 18:07:12,893 [ERROR] Engine:466 - C:\Users\lthst\.stm32cubemx\thirdparties\pdsc\STMicroelectronics.FP-SNS-STBOX1.2.1.0.pdsc: PDSC version is not supported
2026-08-19 18:07:12,902 [WARN] PackLoader:240 - Cannot read IP mode file for STMicroelectronics.FP-SNS-SMARTAG2.1.2.0
2026-08-19 18:07:12,955 [WARN] PackLoader:240 - Cannot read IP mode file for STMicroelectronics.FP-SNS-FLIGHT1.5.1.0
2026-08-19 18:07:13,056 [WARN] PackLoader:240 - Cannot read IP mode file for STMicroelectronics.X-CUBE-MEMS1.11.1.0
2026-08-19 18:07:13,402 [INFO] LogOutputStream:77 - [STDOUT_REDIRECT] 1 : Invalid condition id : UX_CORESTACK_Condition cause : null
2026-08-19 18:07:13,403 [INFO] LogOutputStream:77 - [STDOUT_REDIRECT] 1 : Invalid condition id : UX_CORESTACK_Condition cause : null
2026-08-19 18:07:13,405 [INFO] WebApp:225 - Starting web application
2026-08-19 18:07:13,405 [INFO] WebApp:593 - Web application path used C:\ST\STM32CubeIDE_1.18.0\STM32CubeIDE\plugins\com.st.stm32cube.common.mx_6.14.0.202502271554\db\plugins\mcufinder\reactClient1\index.html
2026-08-19 18:07:13,405 [INFO] LogOutputStream:77 - [STDOUT_REDIRECT] 1 : Invalid condition id : UX_CORESTACK_Condition cause : null
2026-08-19 18:07:13,407 [INFO] LogOutputStream:77 - [STDOUT_REDIRECT] 1 : Invalid condition id : UX_CORESTACK_Condition cause : null
2026-08-19 18:07:13,410 [INFO] LogOutputStream:77 - [STDOUT_REDIRECT] 1 : Invalid condition id : UX_CORESTACK_Condition cause : null
2026-08-19 18:07:13,416 [WARN] PackLoader:240 - Cannot read IP mode file for STMicroelectronics.X-CUBE-AZRTOS-WL.2.0.0
2026-08-19 18:07:13,427 [WARN] PackLoader:240 - Cannot read IP mode file for STMicroelectronics.FP-SNS-MOTENV1.5.0.0
2026-08-19 18:07:13,434 [INFO] WebApp:191 - Connection restablished
2026-08-19 18:07:13,466 [WARN] PackLoader:240 - Cannot read IP mode file for STMicroelectronics.X-CUBE-AZRTOS-H7RS.1.2.0
2026-08-19 18:07:13,490 [WARN] PackLoader:240 - Cannot read IP mode file for WES.I-CUBE-Cesium.1.3.0
2026-08-19 18:07:13,503 [WARN] PackLoader:240 - Cannot read IP mode file for STMicroelectronics.X-CUBE-BLE2.3.3.0
2026-08-19 18:07:13,544 [WARN] PackLoader:240 - Cannot read IP mode file for STMicroelectronics.X-CUBE-NFC9.1.0.0
2026-08-19 18:07:13,556 [WARN] PackLoader:240 - Cannot read IP mode file for STMicroelectronics.X-CUBE-BLE1.7.1.0
2026-08-19 18:07:13,565 [WARN] PackLoader:240 - Cannot read IP mode file for wolfSSL.I-CUBE-wolfMQTT.1.19.2
2026-08-19 18:07:13,571 [ERROR] Engine:466 - C:\Users\lthst\.stm32cubemx\thirdparties\pdsc\STMicroelectronics.X-CUBE-FREERTOS.1.4.0.pdsc: PDSC version is not supported
2026-08-19 18:07:13,582 [WARN] PackLoader:240 - Cannot read IP mode file for STMicroelectronics.X-CUBE-EEPRMA1.5.2.0
2026-08-19 18:07:13,589 [ERROR] Engine:466 - C:\Users\lthst\.stm32cubemx\thirdparties\pdsc\STMicroelectronics.X-CUBE-ST67W61.1.1.0.pdsc: PDSC version is not supported
2026-08-19 18:07:13,594 [WARN] PackLoader:240 - Cannot read IP mode file for STMicroelectronics.X-CUBE-AI.10.1.0
2026-08-19 18:07:13,599 [ERROR] Engine:466 - C:\Users\lthst\.stm32cubemx\thirdparties\pdsc\STMicroelectronics.FP-SNS-STAIOTCFT.1.1.0.pdsc: PDSC version is not supported
2026-08-19 18:07:13,683 [WARN] PackLoader:240 - Cannot read IP mode file for STMicroelectronics.X-CUBE-MEMS1.12.0.0
2026-08-19 18:07:13,827 [INFO] UserAuth:486 - Internet connection configuration mode: 1
2026-08-19 18:07:13,957 [WARN] PackLoader:240 - Cannot read IP mode file for STMicroelectronics.X-CUBE-MEMS1.11.2.0
2026-08-19 18:07:14,194 [WARN] PackLoader:240 - Cannot read IP mode file for STMicroelectronics.X-CUBE-AZRTOS-G0.1.1.0
2026-08-19 18:07:14,268 [WARN] PackLoader:240 - Cannot read IP mode file for STMicroelectronics.X-CUBE-SAFEA1.1.2.2
2026-08-19 18:07:14,280 [WARN] PackLoader:240 - Cannot read IP mode file for STMicroelectronics.X-CUBE-NFC4.3.0.0
2026-08-19 18:07:14,297 [WARN] PackLoader:240 - Cannot read IP mode file for EmbeddedOffice.I-CUBE-FS-RTOS.1.0.1
2026-08-19 18:07:14,307 [WARN] PackLoader:240 - Cannot read IP mode file for STMicroelectronics.X-CUBE-WB05N.2.0.0
2026-08-19 18:07:14,316 [WARN] PackLoader:240 - Cannot read IP mode file for wolfSSL.I-CUBE-wolfTPM.3.8.0
2026-08-19 18:07:14,328 [WARN] PackLoader:240 - Cannot read IP mode file for STMicroelectronics.X-CUBE-TCPP.4.2.0
2026-08-19 18:07:14,341 [WARN] PackLoader:240 - Cannot read IP mode file for RealThread.X-CUBE-RT-Thread_Nano.4.1.1
2026-08-19 18:07:14,351 [WARN] PackLoader:240 - Cannot read IP mode file for STMicroelectronics.FP-ATR-SIGFOX1.3.2.0
2026-08-19 18:07:14,360 [WARN] PackLoader:240 - Cannot read IP mode file for STMicroelectronics.X-CUBE-EEPRMA1.5.1.0
2026-08-19 18:07:14,367 [ERROR] Engine:466 - C:\Users\lthst\.stm32cubemx\thirdparties\pdsc\STMicroelectronics.X-CUBE-FREERTOS.1.5.0.pdsc: PDSC version is not supported
2026-08-19 18:07:14,374 [WARN] PackLoader:240 - Cannot read IP mode file for wolfSSL.I-CUBE-wolfSSL.5.7.6
2026-08-19 18:07:14,388 [WARN] PackLoader:240 - Cannot read IP mode file for ITTIA_DB.I-CUBE-ITTIADB.8.9.0
2026-08-19 18:07:14,403 [WARN] PackLoader:240 - Cannot read IP mode file for STMicroelectronics.X-CUBE-NFC6.3.2.0
2026-08-19 18:07:14,421 [WARN] PackLoader:240 - Cannot read IP mode file for STMicroelectronics.X-CUBE-ST67W61.1.0.0
2026-08-19 18:07:14,428 [WARN] PackLoader:240 - Cannot read IP mode file for STMicroelectronics.X-CUBE-AI.10.2.1
2026-08-19 18:07:14,434 [WARN] PackLoader:240 - Cannot read IP mode file for STMicroelectronics.X-CUBE-AI.10.2.0
2026-08-19 18:07:14,520 [WARN] PackLoader:240 - Cannot read IP mode file for STMicroelectronics.X-CUBE-MEMS1.12.1.0
2026-08-19 18:07:14,695 [WARN] PackLoader:240 - Cannot read IP mode file for SEGGER.I-CUBE-embOS.1.3.1
2026-08-19 18:07:14,769 [WARN] PackLoader:240 - Cannot read IP mode file for STMicroelectronics.X-CUBE-ALGOBUILD.1.4.0
2026-08-19 18:07:14,849 [WARN] PackLoader:240 - Cannot read IP mode file for STMicroelectronics.X-CUBE-MEMS1.11.3.0
2026-08-19 18:07:15,049 [WARN] PackLoader:240 - Cannot read IP mode file for STMicroelectronics.X-CUBE-NFC13.1.0.0
2026-08-19 18:07:15,059 [WARN] PackLoader:240 - Cannot read IP mode file for STMicroelectronics.X-CUBE-PM33A1.1.0.0
2026-08-19 18:07:15,089 [WARN] PackLoader:240 - Cannot read IP mode file for STMicroelectronics.X-CUBE-AZRTOS-F4.1.1.0
2026-08-19 18:07:15,099 [WARN] PackLoader:240 - Cannot read IP mode file for Avnet-IotConnect.X-CUBE-IoTC-DA16k-PMOD.1.0.0
2026-08-19 18:07:15,107 [WARN] PackLoader:240 - Cannot read IP mode file for STMicroelectronics.X-CUBE-ISPU.2.1.0
2026-08-19 18:07:15,116 [ERROR] Engine:466 - C:\Users\lthst\.stm32cubemx\thirdparties\pdsc\STMicroelectronics.X-CUBE-IPS.3.2.0.pdsc: PDSC version is not supported
2026-08-19 18:07:15,123 [WARN] PackLoader:240 - Cannot read IP mode file for STMicroelectronics.eDS-WB_DPC_TT-BIDIR.2.1.1
2026-08-19 18:07:15,133 [WARN] PackLoader:240 - Cannot read IP mode file for STMicroelectronics.X-CUBE-NFC12.1.0.0
2026-08-19 18:07:15,162 [WARN] PackLoader:240 - Cannot read IP mode file for STMicroelectronics.X-CUBE-AZRTOS-L5.2.0.0
2026-08-19 18:07:15,175 [WARN] PackLoader:240 - Cannot read IP mode file for STMicroelectronics.X-CUBE-NFC6.3.1.0
2026-08-19 18:07:15,187 [WARN] PackLoader:240 - Cannot read IP mode file for STMicroelectronics.X-CUBE-ALGOBUILD.1.5.0
2026-08-19 18:07:15,198 [WARN] PackLoader:240 - Cannot read IP mode file for STMicroelectronics.X-CUBE-DPower.1.2.0
2026-08-19 18:07:15,206 [WARN] PackLoader:240 - Cannot read IP mode file for STMicroelectronics.eDS-WB_DPC_VIENNA.1.2.0
2026-08-19 18:07:15,276 [WARN] PackLoader:240 - Cannot read IP mode file for STMicroelectronics.X-CUBE-MEMS1.13.0.0
2026-08-19 18:07:15,422 [WARN] PackLoader:240 - Cannot read IP mode file for STMicroelectronics.eDS-WB_DPC_3PH2L-BIDIR.1.1.1
2026-08-19 18:07:15,428 [ERROR] Engine:466 - C:\Users\lthst\.stm32cubemx\thirdparties\pdsc\STMicroelectronics.X-CUBE-ST67W61.1.3.0.pdsc: PDSC version is not supported
2026-08-19 18:07:15,438 [WARN] PackLoader:240 - Cannot read IP mode file for STMicroelectronics.X-CUBE-FREERTOS.1.3.1
2026-08-19 18:07:15,446 [WARN] PackLoader:240 - Cannot read IP mode file for STMicroelectronics.X-CUBE-FREERTOS.1.3.0
2026-08-19 18:07:15,469 [WARN] PackLoader:240 - Cannot read IP mode file for STMicroelectronics.X-CUBE-NFC7.1.0.1
2026-08-19 18:07:15,479 [WARN] PackLoader:240 - Cannot read IP mode file for STMicroelectronics.X-CUBE-TOUCHGFX.4.26.0
2026-08-19 18:07:15,484 [WARN] PackLoader:240 - Cannot read IP mode file for STMicroelectronics.X-CUBE-TOUCHGFX.4.26.1
2026-08-19 18:07:15,493 [WARN] PackLoader:240 - Cannot read IP mode file for STMicroelectronics.FP-SNS-STAIOTCFT.1.0.0
2026-08-19 18:07:15,500 [WARN] PackLoader:240 - Cannot read IP mode file for STMicroelectronics.X-CUBE-DPower.1.3.0
2026-08-19 18:07:15,528 [WARN] ConditionMgr:438 - getConditionDescription Invalid condition id : LAN8742 Phy interface Condition cause : null
2026-08-19 18:07:15,529 [WARN] PackLoader:240 - Cannot read IP mode file for STMicroelectronics.X-CUBE-AZRTOS-L4.2.0.0
2026-08-19 18:07:15,531 [WARN] ConditionMgr:1044 - genDependencies : Invalid condition id : LAN8742 Phy interface Condition cause : null
2026-08-19 18:07:15,531 [WARN] ConditionMgr:1044 - genDependencies : Invalid condition id : LAN8742 Phy interface Condition cause : null
2026-08-19 18:07:15,532 [WARN] ConditionMgr:1044 - genDependencies : Invalid condition id : LAN8742 Phy interface Condition cause : null
2026-08-19 18:07:15,544 [WARN] PackLoader:240 - Cannot read IP mode file for STMicroelectronics.X-CUBE-SFXS2LP1.4.0.0
2026-08-19 18:07:15,555 [WARN] PackLoader:240 - Cannot read IP mode file for STMicroelectronics.X-CUBE-WB05N.2.1.0
2026-08-19 18:07:15,560 [ERROR] Engine:466 - C:\Users\lthst\.stm32cubemx\thirdparties\pdsc\STMicroelectronics.X-CUBE-ST67W61.1.2.0.pdsc: PDSC version is not supported
2026-08-19 18:07:15,595 [WARN] PackLoader:240 - Cannot read IP mode file for STMicroelectronics.X-CUBE-AZRTOS-H7.3.3.0
2026-08-19 18:07:15,617 [WARN] PackLoader:240 - Cannot read IP mode file for STMicroelectronics.X-CUBE-BLEMGR.4.1.0
2026-08-19 18:07:15,641 [WARN] ConditionMgr:438 - getConditionDescription Invalid condition id : UX DEVICE CLASS RTOS Condition cause : null
2026-08-19 18:07:15,642 [WARN] ConditionMgr:438 - getConditionDescription Invalid condition id : UX DEVICE CLASS RTOS Condition cause : null
2026-08-19 18:07:15,645 [WARN] PackLoader:240 - Cannot read IP mode file for STMicroelectronics.X-CUBE-AZRTOS-WB.2.0.0
2026-08-19 18:07:15,646 [WARN] ConditionMgr:1044 - genDependencies : Invalid condition id : UX DEVICE CLASS RTOS Condition cause : null
2026-08-19 18:07:15,646 [WARN] ConditionMgr:1044 - genDependencies : Invalid condition id : UX DEVICE CLASS RTOS Condition cause : null
2026-08-19 18:07:15,647 [WARN] ConditionMgr:1044 - genDependencies : Invalid condition id : UX DEVICE CLASS RTOS Condition cause : null
2026-08-19 18:07:15,648 [WARN] ConditionMgr:1044 - genDependencies : Invalid condition id : UX DEVICE CLASS RTOS Condition cause : null
2026-08-19 18:07:15,648 [WARN] ConditionMgr:1044 - genDependencies : Invalid condition id : UX DEVICE CLASS RTOS Condition cause : null
2026-08-19 18:07:15,656 [WARN] PackLoader:240 - Cannot read IP mode file for STMicroelectronics.X-CUBE-GNSS1.7.0.1
2026-08-19 18:07:15,662 [WARN] PackLoader:240 - Cannot read IP mode file for STMicroelectronics.X-CUBE-TOUCHGFX.4.25.0
2026-08-19 18:07:15,673 [WARN] PackLoader:240 - Cannot read IP mode file for STMicroelectronics.FP-SNS-STBOX1.2.0.0
2026-08-19 18:07:15,688 [WARN] PackLoader:240 - Cannot read IP mode file for STMicroelectronics.X-CUBE-STSE01.2.0.0
2026-08-19 18:07:15,709 [WARN] PackLoader:240 - Cannot read IP mode file for STMicroelectronics.X-CUBE-SUBG2.5.0.0
2026-08-19 18:07:15,741 [WARN] PackLoader:240 - Cannot read IP mode file for STMicroelectronics.X-CUBE-AZRTOS-H7RS.1.1.0
2026-08-19 18:07:15,757 [WARN] PackLoader:240 - Cannot read IP mode file for Cesanta.I-CUBE-Mongoose.7.13.0
2026-08-19 18:07:15,779 [WARN] PackLoader:240 - Cannot read IP mode file for STMicroelectronics.X-CUBE-AZRTOS-G4.2.0.0
2026-08-19 18:07:15,789 [WARN] PackLoader:240 - Cannot read IP mode file for wolfSSL.I-CUBE-wolfSSH.1.4.20
2026-08-19 18:07:15,796 [WARN] PackLoader:240 - Cannot read IP mode file for STMicroelectronics.X-CUBE-NFC7.2.0.0
2026-08-19 18:07:15,820 [WARN] PackLoader:240 - Cannot read IP mode file for STMicroelectronics.X-CUBE-IPS.3.1.0
2026-08-19 18:07:15,834 [ERROR] Engine:466 - C:\Users\lthst\.stm32cubemx\thirdparties\pdsc\STMicroelectronics.X-CUBE-BLEMGR.4.2.0.pdsc: PDSC version is not supported
2026-08-19 18:07:15,841 [WARN] PackLoader:240 - Cannot read IP mode file for STMicroelectronics.X-CUBE-ALS.1.0.2
2026-08-19 18:07:15,852 [WARN] PackLoader:240 - Cannot read IP mode file for STMicroelectronics.X-CUBE-STSE01.1.0.0
2026-08-19 18:07:15,864 [WARN] PackLoader:240 - Cannot read IP mode file for portGmbH.I-Cube-SoM-uGOAL.1.1.0
2026-08-19 18:07:15,892 [WARN] PackLoader:240 - Cannot read IP mode file for STMicroelectronics.X-CUBE-TOF1.3.4.2
2026-08-19 18:07:15,922 [WARN] PackLoader:240 - Cannot read IP mode file for STMicroelectronics.X-CUBE-TOF1.3.4.3
2026-08-19 18:07:15,939 [INFO] ThirdParty:978 - Integrity check success = true
2026-08-19 18:07:15,939 [INFO] IntegrityCheckThread:100 - exiting critical section [integrity check]
2026-08-19 18:07:15,939 [INFO] IntegrityCheckThread:103 - End integrity checks thread
2026-08-19 18:21:22,207 [INFO] McuFinderGlobals:63 - Set McuFinder mode to 2 (CubeIDE integrated)
2026-08-19 18:21:22,237 [INFO] MainUpdater:2872 - connection check result : 10
2026-08-19 18:21:22,246 [INFO] MainUpdater:2872 - connection check result : 10
2026-08-19 18:21:22,423 [INFO] MicroXplorer:468 - Change Database Path : 
2026-08-19 18:21:22,423 [INFO] MicroXplorer:498 - Change Database Version : DB.6.0.140
2026-08-19 18:21:22,428 [WARN] ThirdParty:871 - waiting for thirdparty lock release [close project]
2026-08-19 18:21:22,429 [INFO] ThirdParty:873 - entering critical section [close project]
2026-08-19 18:21:22,430 [INFO] ThirdParty:883 - exiting critical section [close project]
2026-08-19 18:21:22,432 [INFO] PinOutPanel:1589 - setPackage(No Configuration,No Configuration)
2026-08-19 18:21:22,434 [INFO] UtilMem:75 - Begin LoadConfig() Used Memory: 788403832 Bytes (1073741824)
2026-08-19 18:21:22,436 [INFO] MicroXplorer:468 - Change Database Path : 
2026-08-19 18:21:22,436 [INFO] MicroXplorer:498 - Change Database Version : DB.6.0.140
2026-08-19 18:21:22,436 [INFO] OpenFileManager:354 - Change cursor
2026-08-19 18:21:22,473 [INFO] Mcu:2011 - Initializing MCU STM32F429ZITx STM32F429ZITx STM32F429ZIT6
2026-08-19 18:21:24,838 [INFO] Context:756 - Trying to add GPIOservice into a context  which must be forbidden
2026-08-19 18:21:25,429 [INFO] ImportTextPane:218 - (OptionalMessage_ERROR) Pin13 (VP_RIF_VS_RIF1) cannot be retrieved for this MCU
2026-08-19 18:21:25,538 [INFO] RtosManager:558 - Registered RTOS mode: class=CMSIS, group=RTOS, mode=CMSIS_V1, owner=FREERTOS
2026-08-19 18:21:25,538 [INFO] RtosManager:558 - Registered RTOS mode: class=CMSIS, group=RTOS2, mode=CMSIS_V2, owner=FREERTOS
2026-08-19 18:21:25,538 [INFO] RtosManager:558 - Registered RTOS mode: class=RTOS, group=Core, mode=CMSIS_V1, owner=FREERTOS
2026-08-19 18:21:25,538 [INFO] RtosManager:558 - Registered RTOS mode: class=RTOS, group=Core, mode=CMSIS_V2, owner=FREERTOS
2026-08-19 18:21:25,538 [WARN] ModelIntegratedComponent:184 - Missing modes for component STMicroelectronics:FreeRTOS:0.0.1:STMicroelectronics:RTOS:FreeRTOS:Core:::10.2.0:
2026-08-19 18:21:25,621 [WARN] ModelIntegratedComponent:63 - No mode defined for component null
2026-08-19 18:21:25,621 [WARN] ModelIntegratedComponent:63 - No mode defined for component null
2026-08-19 18:21:25,622 [WARN] ModelIntegratedComponent:63 - No mode defined for component null
2026-08-19 18:21:25,622 [WARN] ModelIntegratedComponent:63 - No mode defined for component null
2026-08-19 18:21:25,622 [WARN] ModelIntegratedComponent:63 - No mode defined for component null
2026-08-19 18:21:25,622 [WARN] ModelIntegratedComponent:63 - No mode defined for component null
2026-08-19 18:21:25,622 [WARN] ModelIntegratedComponent:63 - No mode defined for component null
2026-08-19 18:21:25,623 [WARN] ModelIntegratedComponent:63 - No mode defined for component null
2026-08-19 18:21:25,623 [WARN] ModelIntegratedComponent:63 - No mode defined for component null
2026-08-19 18:21:25,623 [WARN] ModelIntegratedComponent:63 - No mode defined for component null
2026-08-19 18:21:25,623 [WARN] ModelIntegratedComponent:63 - No mode defined for component null
2026-08-19 18:21:25,623 [WARN] ModelIntegratedComponent:63 - No mode defined for component null
2026-08-19 18:21:25,623 [WARN] ModelIntegratedComponent:63 - No mode defined for component null
2026-08-19 18:21:25,623 [WARN] ModelIntegratedComponent:63 - No mode defined for component null
2026-08-19 18:21:25,623 [WARN] ModelIntegratedComponent:63 - No mode defined for component null
2026-08-19 18:21:25,623 [WARN] ModelIntegratedComponent:63 - No mode defined for component null
2026-08-19 18:21:25,623 [WARN] ModelIntegratedComponent:63 - No mode defined for component null
2026-08-19 18:21:25,624 [WARN] ModelIntegratedComponent:63 - No mode defined for component null
2026-08-19 18:21:25,624 [WARN] ModelIntegratedComponent:63 - No mode defined for component null
2026-08-19 18:21:25,624 [WARN] ModelIntegratedComponent:63 - No mode defined for component null
2026-08-19 18:21:25,624 [WARN] ModelIntegratedComponent:63 - No mode defined for component null
2026-08-19 18:21:25,624 [WARN] ModelIntegratedComponent:63 - No mode defined for component null
2026-08-19 18:21:25,624 [WARN] ModelIntegratedComponent:63 - No mode defined for component null
2026-08-19 18:21:25,624 [WARN] ModelIntegratedComponent:63 - No mode defined for component null
2026-08-19 18:21:25,624 [WARN] ModelIntegratedComponent:63 - No mode defined for component null
2026-08-19 18:21:25,624 [WARN] ModelIntegratedComponent:63 - No mode defined for component null
2026-08-19 18:21:25,624 [WARN] ModelIntegratedComponent:63 - No mode defined for component null
2026-08-19 18:21:25,624 [WARN] ModelIntegratedComponent:63 - No mode defined for component null
2026-08-19 18:21:25,624 [WARN] ModelIntegratedComponent:63 - No mode defined for component null
2026-08-19 18:21:25,624 [WARN] ModelIntegratedComponent:63 - No mode defined for component null
2026-08-19 18:21:25,624 [WARN] ModelIntegratedComponent:63 - No mode defined for component null
2026-08-19 18:21:25,624 [WARN] ModelIntegratedComponent:63 - No mode defined for component null
2026-08-19 18:21:25,625 [WARN] ModelIntegratedComponent:63 - No mode defined for component null
2026-08-19 18:21:25,625 [WARN] ModelIntegratedComponent:63 - No mode defined for component null
2026-08-19 18:21:25,625 [WARN] ModelIntegratedComponent:63 - No mode defined for component null
2026-08-19 18:21:25,625 [WARN] ModelPack:524 - Component already loaded: STMicroelectronics:HAL Drivers:0.0.0:STMicroelectronics:Device:STMicro_Driver:XSPI:HAL::0.0.1:HAL_XSPI
2026-08-19 18:21:26,062 [INFO] ThirdPartyModel:298 - Start build external matchings
2026-08-19 18:21:27,603 [INFO] ThirdPartyModel:316 - End build external matchings
2026-08-19 18:21:27,637 [INFO] ImportTextPane:218 - (OptionalMessage_ERROR) IP (RCC) : Parameter (48MHZClocksFreq_Value) has invalid value (84000000)
2026-08-19 18:21:27,637 [INFO] ImportTextPane:218 - (OptionalMessage_ERROR) IP (RCC) : Invalid parameter (FamilyName)
2026-08-19 18:21:27,637 [INFO] ImportTextPane:218 - (OptionalMessage_ERROR) IP (RCC) : Parameter (MCO2PinFreq_Value) has invalid value (168000000)
2026-08-19 18:21:27,638 [INFO] ImportTextPane:218 - (OptionalMessage_ERROR) IP (RCC) : Parameter (RTCHSEDivFreq_Value) has invalid value (4000000)
2026-08-19 18:21:28,293 [INFO] ApiDb:581 - Connected to CubeFinder SQLite database (C:\Users\lthst\.stmcufinder\plugins\mcufinder\mcu\cube-finder-db.db)
2026-08-19 18:21:28,455 [INFO] ApiDb:668 - CubeFinder database Data Model version=2.1
2026-08-19 18:21:28,455 [INFO] ApiDb:669 - CubeFinder database Configuration version=3.0.42
2026-08-19 18:21:28,457 [INFO] ApiDb:670 - CubeFinder database generation date=2026-08-04 (1785840812)
2026-08-19 18:21:28,457 [INFO] ApiDb:671 - CubeFinder database FW Pack versions=[FP-ATR-ASTRA1_V2.0.0, FP-SNS-FLIGHT1_V5.1.0, FP-SNS-MOTENV1_V5.1.0, FP-SNS-MOTENVWB1_V1.5.0, FP-SNS-SMARTAG2_V1.2.0, FP-SNS-STBOX1_V2.1.0, STM32Cube_FW_C0_V1.4.1, STM32Cube_FW_F4_V1.28.3, STM32Cube_FW_F7_V1.17.4, STM32Cube_FW_G0_V1.6.3, STM32Cube_FW_G4_V1.6.2, STM32Cube_FW_H5_V1.7.0, STM32Cube_FW_H7RS_V1.3.0, STM32Cube_FW_H7_V1.13.0, STM32Cube_FW_L0_V1.12.2, STM32Cube_FW_L4_V1.18.2, STM32Cube_FW_L5_V1.6.0, STM32Cube_FW_N6_V1.4.0, STM32Cube_FW_U0_V1.3.0, STM32Cube_FW_U3_V1.4.0, STM32Cube_FW_U5_V1.9.0, STM32Cube_FW_WB0_V1.5.0, STM32Cube_FW_WBA_V1.10.0, STM32Cube_FW_WB_V1.24.0, STM32Cube_FW_WL3_V1.5.0, STM32Cube_FW_WL_V1.6.0, X-CUBE-ALGOBUILD_V1.5.0, X-CUBE-ALS_V1.0.2, X-CUBE-AZRTOS-F4_V1.1.0, X-CUBE-AZRTOS-F7_V1.1.0, X-CUBE-AZRTOS-G0_V1.1.0, X-CUBE-AZRTOS-G4_V2.0.0, X-CUBE-AZRTOS-H7RS_V1.3.0, X-CUBE-AZRTOS-H7_V3.5.0, X-CUBE-AZRTOS-L4_V2.0.0, X-CUBE-AZRTOS-L5_V2.0.0, X-CUBE-AZRTOS-WB_V2.0.0, X-CUBE-AZRTOS-WL_V2.0.0, X-CUBE-BLE1_V7.1.0, X-CUBE-BLE2_V3.3.0, X-CUBE-BLEMGR_V4.2.0, X-CUBE-EEPRMA1_V5.2.0, X-CUBE-FREERTOS_V1.6.0, X-CUBE-GNSS1_V7.1.1, X-CUBE-MEMS1_V13.0.0, X-CUBE-NFC4_V3.0.0, X-CUBE-NFC7_V2.0.0, X-CUBE-SFXS2LP1_V4.0.0, X-CUBE-ST67W61_V1.3.0, X-CUBE-SUBG2_V5.0.0, X-CUBE-TOF1_V3.4.3]
2026-08-19 18:21:28,609 [INFO] DbBoardsSqlite:226 - include board P-NUCLEO-WB55-NUCLEO as a kit item of type 'Nucleo-64'
2026-08-19 18:21:28,610 [INFO] DbBoardsSqlite:226 - include board P-NUCLEO-WB55-USBDONGLE as a kit item of type 'Nucleo USB Dongle'
2026-08-19 18:21:28,612 [INFO] DbBoardsSqlite:226 - include board STEVAL-IDP005V1 as a kit item of type 'Evaluation Board'
2026-08-19 18:21:28,612 [INFO] DbBoardsSqlite:226 - include board STEVAL-IDP005V2 as a kit item of type 'Evaluation Board'
2026-08-19 18:21:28,975 [INFO] ApiDb:240 - Found 895 in-development CPN: [B-G473E-ZEST1S, B-WB1M-WPAN1, B-WBA5M-WPAN, B-WL5M-SUBG1, NUCLEO-C031C6, NUCLEO-C051C8, NUCLEO-C071RB, NUCLEO-C092RC, NUCLEO-H503RB, NUCLEO-H533RE, NUCLEO-H563ZI, NUCLEO-H7S3L8, NUCLEO-N657X0-Q, NUCLEO-U031R8, NUCLEO-U083RC, NUCLEO-U385RG-Q, NUCLEO-U545RE-Q, NUCLEO-U5A5ZJ-Q, NUCLEO-WB05KZ, NUCLEO-WB07CC, NUCLEO-WB09KE, NUCLEO-WBA52CG, NUCLEO-WBA55CG, NUCLEO-WBA65RI, NUCLEO-WL33CC1, NUCLEO-WL33CC2, STEVAL-PROTEUS1, STEVAL-SMARTAG2, STEVAL-STWINBX1, STM320518-EVAL, STM32C0116-DK, STM32C011D6Y3TR, STM32C011D6Y6TR, STM32C011F4P3, STM32C011F4P6, STM32C011F4U3, STM32C011F4U6TR, STM32C011F6P3, STM32C011F6P6, STM32C011F6U3, STM32C011F6U6TR, STM32C011J4M3, STM32C011J4M6, STM32C011J6M3, STM32C011J6M6, STM32C0316-DK, STM32C031C4T3, STM32C031C4T6, STM32C031C4U3, STM32C031C4U6, STM32C031C6T3, STM32C031C6T6, STM32C031C6U3, STM32C031C6U6, STM32C031F4P3, STM32C031F4P6, STM32C031F6P3, STM32C031F6P6, STM32C031G4U3, STM32C031G4U6, STM32C031G6U3, STM32C031G6U6, STM32C031K4T3, STM32C031K4T6, STM32C031K4U3, STM32C031K4U6, STM32C031K6T3, STM32C031K6T6, STM32C031K6U3, STM32C031K6U6, STM32C051C6T6, STM32C051C6U6, STM32C051C8T6, STM32C051C8U6, STM32C051D8Y6TR, STM32C051F6P6, STM32C051F8P6, STM32C051G6U6, STM32C051G8U6, STM32C051K6T6, STM32C051K6U6, STM32C051K8T6, STM32C071C8T6, STM32C071C8T6N, STM32C071C8U6, STM32C071C8U6N, STM32C071CBT6, STM32C071CBT6N, STM32C071CBU6, STM32C071CBU6N, STM32C071F8P6, STM32C071F8P6N, STM32C071FBP6, STM32C071FBP6N, STM32C071FBY6TR, STM32C071G8U6, STM32C071G8U6N, STM32C071GBU6, STM32C071GBU6N, STM32C071K8T6, STM32C071K8T6N, STM32C071K8U6, STM32C071K8U6N, STM32C071KBT6, STM32C071KBT6N, STM32C071KBU6, STM32C071KBU6N, STM32C071R8T6, STM32C071R8T6N, STM32C071RBI6N, STM32C071RBT6, STM32C071RBT6N, STM32C091CBT6, STM32C091CBU6, STM32C091CCT6, STM32C091CCU6, STM32C091ECY6TR, STM32C091FBP6, STM32C091FCP6, STM32C091GBU6, STM32C091GCU6, STM32C091KBT6, STM32C091KBU6, STM32C091KCT6, STM32C091KCU6, STM32C091RBT6, STM32C091RCI6, STM32C091RCT6, STM32C092CBT6, STM32C092CBU6, STM32C092CCT6, STM32C092CCU6, STM32C092ECY6TR, STM32C092FBP6, STM32C092FCP6, STM32C092GBU6, STM32C092GCU6, STM32C092KBT6, STM32C092KBU6, STM32C092KCT6, STM32C092KCU6, STM32C092RBT6, STM32C092RCI6, STM32C092RCT6, STM32G071K8TXN, STM32G071K8UXN, STM32G081GBU6N, STM32G081KBT6N, STM32G081KBUXN, STM32G0B1CCT6N, STM32G0B1KCT6, STM32G0B1NEY6TR, STM32G0B1RCT6N, STM32G0C1CCT6, STM32G0C1CCT6N, STM32G0C1CCU6N, STM32G0C1CET6N, STM32G0C1CEU6N, STM32G0C1KCT6, STM32G0C1NEY6TR, STM32G0C1RCI6N, STM32G0C1RCT6N, STM32G0C1REI6N, STM32G0C1RET6N, STM32G0C1VCI6, STM32G0C1VEI6, STM32G411C6T3, STM32G411C6T6, STM32G411C6U3, STM32G411C6U6, STM32G411C8T3, STM32G411C8T6, STM32G411C8U3, STM32G411C8U6, STM32G411CBT3, STM32G411CBT6, STM32G411CBU3, STM32G411CBU6, STM32G411CCT3, STM32G411CCT6, STM32G411CCU3, STM32G411CCU6, STM32G411K6T3, STM32G411K6T6, STM32G411K6U3, STM32G411K6U6, STM32G411K8T3, STM32G411K8T6, STM32G411K8U3, STM32G411K8U6, STM32G411KBT3, STM32G411KBT6, STM32G411KBU3, STM32G411KBU6, STM32G411M6T3, STM32G411M6T6, STM32G411M8T3, STM32G411M8T6, STM32G411MBT3, STM32G411MBT6, STM32G411MCT3, STM32G411MCT6, STM32G411R6T3, STM32G411R6T6, STM32G411R8T3, STM32G411R8T6, STM32G411RBT3, STM32G411RBT6, STM32G411RCT3, STM32G411RCT6, STM32G414CBT3, STM32G414CBT6, STM32G414CBU3, STM32G414CBU6, STM32G414CCT3, STM32G414CCT6, STM32G414CCU3, STM32G414CCU6, STM32G414MBT3, STM32G414MBT6, STM32G414MCT3, STM32G414MCT6, STM32G414RBT3, STM32G414RBT6, STM32G414RCT3, STM32G414RCT6, STM32G414VBT3, STM32G414VBT6, STM32G414VCT3, STM32G414VCT6, STM32G431CBT3Z, STM32G431RBT3Z, STM32G471CCT6, STM32G471CCU6, STM32G471CET3, STM32G471CET6, STM32G471CEU3, STM32G471CEU6, STM32G471MCT6, STM32G471MET3, STM32G471MET6, STM32G471MEY6TR, STM32G471QCT6, STM32G471QET3, STM32G471RCT6, STM32G471RET3, STM32G471RET6, STM32G471VCH6, STM32G471VCI6, STM32G471VCT6, STM32G471VEH3, STM32G471VEH6, STM32G471VEI3, STM32G471VEI6, STM32G471VET3, STM32G471VET6, STM32G473QET3Z, STM32G473RET3Z, STM32G474CCT6, STM32G491RET3Z, STM32H503CBT6, STM32H503CBU6, STM32H503EBY6TR, STM32H503KBU6, STM32H503RBT6, STM32H523CCT6, STM32H523CCU6, STM32H523CET6, STM32H523CEU6, STM32H523HEY6TR, STM32H523RCT6, STM32H523RET6, STM32H523VCI6, STM32H523VCT6, STM32H523VEI6, STM32H523VET6, STM32H523ZCJ6, STM32H523ZCT6, STM32H523ZEJ6, STM32H523ZET6, STM32H533CET6, STM32H533CEU6, STM32H533HEY6TR, STM32H533RET6, STM32H533VEI6, STM32H533VET6, STM32H533ZEJ6, STM32H533ZET6, STM32H562AGI6, STM32H562AII6, STM32H562IGK6, STM32H562IGT6, STM32H562IIK6, STM32H562IIT6, STM32H562RGT6, STM32H562RGV6, STM32H562RIT6, STM32H562RIV6, STM32H562VGT6, STM32H562VIT6, STM32H562ZGT6, STM32H562ZIT6, STM32H563AGI6, STM32H563AII3Q, STM32H563AII6, STM32H563IGK6, STM32H563IGT6, STM32H563IIK3Q, STM32H563IIK6, STM32H563IIT3Q, STM32H563IIT6, STM32H563MIY3QTR, STM32H563RGT6, STM32H563RGV6, STM32H563RIT6, STM32H563RIV6, STM32H563VGT6, STM32H563VIT3Q, STM32H563VIT6, STM32H563ZGT6, STM32H563ZIT3Q, STM32H563ZIT6, STM32H573AII3Q, STM32H573AII6, STM32H573I-DK, STM32H573IIK3Q, STM32H573IIK6, STM32H573IIT3Q, STM32H573IIT6, STM32H573MIY3QTR, STM32H573RIT6, STM32H573RIV6, STM32H573VIT3Q, STM32H573VIT6, STM32H573ZIT3Q, STM32H573ZIT6, STM32H7R3A8I6, STM32H7R3I8K6, STM32H7R3I8T6, STM32H7R3L8H6, STM32H7R3L8H6H, STM32H7R3R8V6, STM32H7R3V8H6, STM32H7R3V8T6, STM32H7R3V8Y6TR, STM32H7R3Z8J6, STM32H7R3Z8T6, STM32H7R7A8I6, STM32H7R7I8K6, STM32H7R7I8T6, STM32H7R7L8H6, STM32H7R7L8H6H, STM32H7R7Z8J6, STM32H7S3A8I6, STM32H7S3I8K6, STM32H7S3I8T6, STM32H7S3L8H6, STM32H7S3L8H6H, STM32H7S3R8V6, STM32H7S3V8H6, STM32H7S3V8T6, STM32H7S3V8Y6TR, STM32H7S3Z8J6, STM32H7S3Z8T6, STM32H7S78-DK, STM32H7S7A8I6, STM32H7S7I8K6, STM32H7S7I8T6, STM32H7S7L8H6, STM32H7S7L8H6H, STM32H7S7Z8J6, STM32L4R5QGI6STR, STM32MP131AAE3, STM32MP131AAF3, STM32MP131AAG3, STM32MP131CAE3, STM32MP131CAF3, STM32MP131CAG3, STM32MP131DAE7, STM32MP131DAF7, STM32MP131DAG7, STM32MP131FAE7, STM32MP131FAF7, STM32MP131FAG7, STM32MP133AAE3, STM32MP133AAF3, STM32MP133AAG3, STM32MP133CAE3, STM32MP133CAF3, STM32MP133CAG3, STM32MP133DAE7, STM32MP133DAF7, STM32MP133DAG7, STM32MP133FAE7, STM32MP133FAF7, STM32MP133FAG7, STM32MP135AAE3, STM32MP135AAF3, STM32MP135AAG3, STM32MP135CAE3, STM32MP135CAF3, STM32MP135CAG3, STM32MP135DAE7, STM32MP135DAF7, STM32MP135DAG7, STM32MP135F-DK, STM32MP135FAE7, STM32MP135FAF7, STM32MP135FAF7T, STM32MP135FAF7U, STM32MP135FAG7, STM32MP231AAJ3, STM32MP231AAK3, STM32MP231AAL3, STM32MP231CAJ3, STM32MP231CAK3, STM32MP231CAL3, STM32MP231DAJ3, STM32MP231DAK3, STM32MP231DAL3, STM32MP231FAJ3, STM32MP231FAK3, STM32MP231FAL3, STM32MP233AAJ3, STM32MP233AAK3, STM32MP233AAL3, STM32MP233CAJ3, STM32MP233CAK3, STM32MP233CAL3, STM32MP233DAJ3, STM32MP233DAK3, STM32MP233DAL3, STM32MP233FAJ3, STM32MP233FAK3, STM32MP233FAL3, STM32MP235AAJ3, STM32MP235AAK3, STM32MP235AAL3, STM32MP235CAJ3, STM32MP235CAK3, STM32MP235CAL3, STM32MP235DAJ3, STM32MP235DAK3, STM32MP235DAL3, STM32MP235FAJ3, STM32MP235FAK3, STM32MP235FAL3, STM32MP251AAI3, STM32MP251AAJ3, STM32MP251AAK3, STM32MP251AAL3, STM32MP251CAI3, STM32MP251CAJ3, STM32MP251CAK3, STM32MP251CAL3, STM32MP251DAI3, STM32MP251DAJ3, STM32MP251DAK3, STM32MP251DAL3, STM32MP251FAI3, STM32MP251FAJ3, STM32MP251FAK3, STM32MP251FAL3, STM32MP253AAI3, STM32MP253AAJ3, STM32MP253AAK3, STM32MP253AAL3, STM32MP253CAI3, STM32MP253CAJ3, STM32MP253CAK3, STM32MP253CAL3, STM32MP253DAI3, STM32MP253DAJ3, STM32MP253DAK3, STM32MP253DAL3, STM32MP253FAI3, STM32MP253FAJ3, STM32MP253FAK3, STM32MP253FAL3, STM32MP255AAI3, STM32MP255AAJ3, STM32MP255AAK3, STM32MP255AAL3, STM32MP255CAI3, STM32MP255CAJ3, STM32MP255CAK3, STM32MP255CAL3, STM32MP255DAI3, STM32MP255DAJ3, STM32MP255DAK3, STM32MP255DAL3, STM32MP255FAI3, STM32MP255FAJ3, STM32MP255FAK3, STM32MP255FAL3, STM32MP257AAI3, STM32MP257AAJ3, STM32MP257AAK3, STM32MP257AAL3, STM32MP257CAI3, STM32MP257CAJ3, STM32MP257CAK3, STM32MP257CAL3, STM32MP257DAI3, STM32MP257DAJ3, STM32MP257DAK3, STM32MP257DAL3, STM32MP257F-DK, STM32MP257F-EV1, STM32MP257FAI3, STM32MP257FAJ3, STM32MP257FAK3, STM32MP257FAL3, STM32N645A0H3Q, STM32N645B0H3Q, STM32N645I0H3Q, STM32N645L0H3Q, STM32N645X0H3Q, STM32N645Z0H3Q, STM32N647A0H3Q, STM32N647B0H3Q, STM32N647I0H3Q, STM32N647L0H3Q, STM32N647X0H3Q, STM32N647Z0H3Q, STM32N655A0H3Q, STM32N655B0H3Q, STM32N655I0H3Q, STM32N655L0H3Q, STM32N655X0H3Q, STM32N655Z0H3Q, STM32N6570-DK, STM32N657A0H3Q, STM32N657B0H3Q, STM32N657I0H3Q, STM32N657L0H3Q, STM32N657X0H3Q, STM32N657Z0H3Q, STM32U031C6T6, STM32U031C6U6, STM32U031C8T6, STM32U031C8U6, STM32U031F4P6, STM32U031F6P6, STM32U031F8P6, STM32U031G6Y6TR, STM32U031G8Y6TR, STM32U031K4U6, STM32U031K6U6, STM32U031K8U6, STM32U031R6I6, STM32U031R6T6, STM32U031R8I6, STM32U031R8T6, STM32U073C8T6, STM32U073C8U6, STM32U073CBT6, STM32U073CBU6, STM32U073CCT6, STM32U073CCU6, STM32U073H8Y6TR, STM32U073HBY6TR, STM32U073HCY6TR, STM32U073K8U6, STM32U073KBU6, STM32U073KCU6, STM32U073M8I6, STM32U073M8T6, STM32U073MBI6, STM32U073MBT6, STM32U073MCI6, STM32U073MCT6, STM32U073R8I6, STM32U073R8T6, STM32U073RBI6, STM32U073RBT6, STM32U073RCI6, STM32U073RCT6, STM32U083C-DK, STM32U083CCT6, STM32U083CCU6, STM32U083HCY6TR, STM32U083KCU6, STM32U083MCI6, STM32U083MCT6, STM32U083RCI6, STM32U083RCT6, STM32U375CET6, STM32U375CET6Q, STM32U375CEU6, STM32U375CEU6Q, STM32U375CEY6QTR, STM32U375CGT6, STM32U375CGT6Q, STM32U375CGU6, STM32U375CGU6Q, STM32U375CGY6QTR, STM32U375KEU6, STM32U375KGU6, STM32U375REI6, STM32U375REI6Q, STM32U375RET6, STM32U375RET6Q, STM32U375REY6GTR, STM32U375REY6QTR, STM32U375RGI6, STM32U375RGI6Q, STM32U375RGT6, STM32U375RGT6Q, STM32U375RGY6GTR, STM32U375RGY6QTR, STM32U375VEI6, STM32U375VEI6Q, STM32U375VET6, STM32U375VET6Q, STM32U375VGI6, STM32U375VGI6Q, STM32U375VGT6, STM32U375VGT6Q, STM32U385CGT6, STM32U385CGT6Q, STM32U385CGU6, STM32U385CGU6Q, STM32U385CGY6QTR, STM32U385KGU6, STM32U385RGI6, STM32U385RGI6Q, STM32U385RGT6, STM32U385RGT6Q, STM32U385RGY6GTR, STM32U385RGY6QTR, STM32U385VGI6, STM32U385VGI6Q, STM32U385VGT6, STM32U385VGT6Q, STM32U535CBT6, STM32U535CBT6Q, STM32U535CBU6, STM32U535CBU6Q, STM32U535CCT6, STM32U535CCT6Q, STM32U535CCU6, STM32U535CCU6Q, STM32U535CET6, STM32U535CET6Q, STM32U535CEU6, STM32U535CEU6Q, STM32U535JEY6QTR, STM32U535NCY6QTR, STM32U535NEY6QTR, STM32U535RBI6, STM32U535RBI6Q, STM32U535RBT6, STM32U535RBT6Q, STM32U535RCI6, STM32U535RCI6Q, STM32U535RCT6, STM32U535RCT6Q, STM32U535REI6, STM32U535REI6Q, STM32U535RET6, STM32U535RET6Q, STM32U535VCI6, STM32U535VCI6Q, STM32U535VCT6, STM32U535VCT6Q, STM32U535VEI6, STM32U535VEI6Q, STM32U535VET6, STM32U535VET6Q, STM32U545CET6, STM32U545CET6Q, STM32U545CEU6, STM32U545CEU6Q, STM32U545JEY6QTR, STM32U545NEY6QTR, STM32U545REI6, STM32U545REI6Q, STM32U545RET6, STM32U545RET6Q, STM32U545VEI6, STM32U545VEI6Q, STM32U545VET6, STM32U545VET6Q, STM32U595AIH6, STM32U595AIH6Q, STM32U595AJH6, STM32U595AJH6Q, STM32U595QII6, STM32U595QII6Q, STM32U595QJI6, STM32U595QJI6Q, STM32U595RIT6, STM32U595RIT6Q, STM32U595RJT6, STM32U595RJT6Q, STM32U595VIT6, STM32U595VIT6Q, STM32U595VJT6, STM32U595VJT6Q, STM32U595ZIT6, STM32U595ZIT6Q, STM32U595ZIY6QTR, STM32U595ZJT6, STM32U595ZJT6Q, STM32U595ZJY6QTR, STM32U599BJY6QTR, STM32U599NIH6Q, STM32U599NJH6Q, STM32U599VIT6Q, STM32U599VJT6, STM32U599VJT6Q, STM32U599ZIT6Q, STM32U599ZIY6QTR, STM32U599ZJT6Q, STM32U599ZJY6QTR, STM32U5A5AJH6, STM32U5A5AJH6Q, STM32U5A5QII3Q , STM32U5A5QJI6, STM32U5A5QJI6Q, STM32U5A5RJT6, STM32U5A5RJT6Q, STM32U5A5VJT6, STM32U5A5VJT6Q, STM32U5A5ZJT6, STM32U5A5ZJT6Q, STM32U5A5ZJY6QTR, STM32U5A9BJY6QTR, STM32U5A9J-DK, STM32U5A9NJH6Q, STM32U5A9VJT6Q, STM32U5A9ZJT6Q, STM32U5A9ZJY6QTR, STM32U5F7VIT6, STM32U5F7VIT6Q, STM32U5F7VJT6, STM32U5F7VJT6Q, STM32U5F9BJY6QTR, STM32U5F9NJH6Q, STM32U5F9VIT6Q, STM32U5F9VJT6Q, STM32U5F9ZIJ6QTR, STM32U5F9ZIT6Q, STM32U5F9ZJJ6QTR, STM32U5F9ZJT6Q, STM32U5G7VJT6, STM32U5G7VJT6Q, STM32U5G9BJY6QTR, STM32U5G9J-DK1, STM32U5G9J-DK2, STM32U5G9NJH6Q, STM32U5G9VJT6Q, STM32U5G9ZJJ6QTR, STM32U5G9ZJT6Q, STM32WB05KZV6TR, STM32WB05KZV7TR, STM32WB05TZF6TR, STM32WB05TZF7TR, STM32WB06CCF6TR, STM32WB06CCF7TR, STM32WB06CCV6TR, STM32WB06CCV7TR, STM32WB06KCV6TR, STM32WB06KCV7TR, STM32WB07CCF6TR, STM32WB07CCF7TR, STM32WB07CCV6TR, STM32WB07CCV7TR, STM32WB07KCV6TR, STM32WB07KCV7TR, STM32WB09KEV6TR, STM32WB09KEV7TR, STM32WB09TEF6TR, STM32WB09TEF7TR, STM32WB1MMCH6, STM32WBA50KGU6, STM32WBA50KGU6TR, STM32WBA52CEU6, STM32WBA52CEU6TR, STM32WBA52CEU7, STM32WBA52CEU7TR, STM32WBA52CGU6, STM32WBA52CGU6TR, STM32WBA52CGU6U, STM32WBA52CGU7, STM32WBA52CGU7TR, STM32WBA52KEU6, STM32WBA52KEU6TR, STM32WBA52KGU6, STM32WBA52KGU6TR, STM32WBA54CEU6, STM32WBA54CEU6TR, STM32WBA54CEU7, STM32WBA54CEU7TR, STM32WBA54CGU6, STM32WBA54CGU6TR, STM32WBA54CGU7, STM32WBA54CGU7TR, STM32WBA54KEU6, STM32WBA54KEU6TR, STM32WBA54KEU7, STM32WBA54KEU7TR, STM32WBA54KGU6, STM32WBA54KGU6TR, STM32WBA54KGU7, STM32WBA54KGU7TR, STM32WBA55CEU6, STM32WBA55CEU6TR, STM32WBA55CEU7, STM32WBA55CEU7TR, STM32WBA55CGU6, STM32WBA55CGU6TR, STM32WBA55CGU6U, STM32WBA55CGU7, STM32WBA55CGU7TR, STM32WBA55G-DK1, STM32WBA55HEF6, STM32WBA55HEF7, STM32WBA55HGF6, STM32WBA55HGF7, STM32WBA55UEI6, STM32WBA55UEI6TR, STM32WBA55UEI7, STM32WBA55UEI7TR, STM32WBA55UGI6, STM32WBA55UGI6TR, STM32WBA55UGI7, STM32WBA55UGI7TR, STM32WBA5MJGH6TR, STM32WBA62CGU6, STM32WBA62CIU6, STM32WBA62MGF6, STM32WBA62MIF6, STM32WBA62PGI6, STM32WBA62PII6, STM32WBA63CGU6, STM32WBA63CGU7, STM32WBA63CIU6, STM32WBA63CIU7, STM32WBA64CGU6, STM32WBA64CGU7, STM32WBA64CIU6, STM32WBA64CIU7, STM32WBA65CGU6, STM32WBA65CGU7, STM32WBA65CIU6, STM32WBA65CIU7, STM32WBA65I-DK1, STM32WBA65MGF6, STM32WBA65MGF7, STM32WBA65MIF6, STM32WBA65MIF7, STM32WBA65PGI6, STM32WBA65PGI7, STM32WBA65PII6, STM32WBA65PII7, STM32WBA65RGV6, STM32WBA65RGV7, STM32WBA65RIV6, STM32WBA65RIV7, STM32WL30K8V6, STM32WL30KBV6, STM32WL31C8V6, STM32WL31CBV6, STM32WL31K8V6, STM32WL31KBV6, STM32WL33C8V6, STM32WL33C8V6TR, STM32WL33C8V7, STM32WL33C8V7TR, STM32WL33CBV6, STM32WL33CBV6TR, STM32WL33CBV7, STM32WL33CBV7TR, STM32WL33CCV6, STM32WL33CCV6TR, STM32WL33CCV7, STM32WL33CCV7A, STM32WL33CCV7ATR, STM32WL33CCV7TR, STM32WL33K8V6, STM32WL33K8V6TR, STM32WL33K8V7, STM32WL33K8V7TR, STM32WL33KBV6, STM32WL33KBV6TR, STM32WL33KBV7, STM32WL33KBV7TR, STM32WL33KCV6, STM32WL33KCV6TR, STM32WL33KCV7, STM32WL33KCV7TR, STM32WL5MOCH6, STM32WL5MOCH6TR]
2026-08-19 18:21:28,979 [INFO] ApiDb:668 - CubeFinder database Data Model version=2.1
2026-08-19 18:21:28,980 [INFO] ApiDb:669 - CubeFinder database Configuration version=3.0.42
2026-08-19 18:21:28,980 [INFO] ApiDb:670 - CubeFinder database generation date=2026-08-04 (1785840812)
2026-08-19 18:21:28,980 [INFO] ApiDb:671 - CubeFinder database FW Pack versions=[FP-ATR-ASTRA1_V2.0.0, FP-SNS-FLIGHT1_V5.1.0, FP-SNS-MOTENV1_V5.1.0, FP-SNS-MOTENVWB1_V1.5.0, FP-SNS-SMARTAG2_V1.2.0, FP-SNS-STBOX1_V2.1.0, STM32Cube_FW_C0_V1.4.1, STM32Cube_FW_F4_V1.28.3, STM32Cube_FW_F7_V1.17.4, STM32Cube_FW_G0_V1.6.3, STM32Cube_FW_G4_V1.6.2, STM32Cube_FW_H5_V1.7.0, STM32Cube_FW_H7RS_V1.3.0, STM32Cube_FW_H7_V1.13.0, STM32Cube_FW_L0_V1.12.2, STM32Cube_FW_L4_V1.18.2, STM32Cube_FW_L5_V1.6.0, STM32Cube_FW_N6_V1.4.0, STM32Cube_FW_U0_V1.3.0, STM32Cube_FW_U3_V1.4.0, STM32Cube_FW_U5_V1.9.0, STM32Cube_FW_WB0_V1.5.0, STM32Cube_FW_WBA_V1.10.0, STM32Cube_FW_WB_V1.24.0, STM32Cube_FW_WL3_V1.5.0, STM32Cube_FW_WL_V1.6.0, X-CUBE-ALGOBUILD_V1.5.0, X-CUBE-ALS_V1.0.2, X-CUBE-AZRTOS-F4_V1.1.0, X-CUBE-AZRTOS-F7_V1.1.0, X-CUBE-AZRTOS-G0_V1.1.0, X-CUBE-AZRTOS-G4_V2.0.0, X-CUBE-AZRTOS-H7RS_V1.3.0, X-CUBE-AZRTOS-H7_V3.5.0, X-CUBE-AZRTOS-L4_V2.0.0, X-CUBE-AZRTOS-L5_V2.0.0, X-CUBE-AZRTOS-WB_V2.0.0, X-CUBE-AZRTOS-WL_V2.0.0, X-CUBE-BLE1_V7.1.0, X-CUBE-BLE2_V3.3.0, X-CUBE-BLEMGR_V4.2.0, X-CUBE-EEPRMA1_V5.2.0, X-CUBE-FREERTOS_V1.6.0, X-CUBE-GNSS1_V7.1.1, X-CUBE-MEMS1_V13.0.0, X-CUBE-NFC4_V3.0.0, X-CUBE-NFC7_V2.0.0, X-CUBE-SFXS2LP1_V4.0.0, X-CUBE-ST67W61_V1.3.0, X-CUBE-SUBG2_V5.0.0, X-CUBE-TOF1_V3.4.3]
2026-08-19 18:21:31,675 [INFO] ApiDb:240 - Found 895 in-development CPN: [B-G473E-ZEST1S, B-WB1M-WPAN1, B-WBA5M-WPAN, B-WL5M-SUBG1, NUCLEO-C031C6, NUCLEO-C051C8, NUCLEO-C071RB, NUCLEO-C092RC, NUCLEO-H503RB, NUCLEO-H533RE, NUCLEO-H563ZI, NUCLEO-H7S3L8, NUCLEO-N657X0-Q, NUCLEO-U031R8, NUCLEO-U083RC, NUCLEO-U385RG-Q, NUCLEO-U545RE-Q, NUCLEO-U5A5ZJ-Q, NUCLEO-WB05KZ, NUCLEO-WB07CC, NUCLEO-WB09KE, NUCLEO-WBA52CG, NUCLEO-WBA55CG, NUCLEO-WBA65RI, NUCLEO-WL33CC1, NUCLEO-WL33CC2, STEVAL-PROTEUS1, STEVAL-SMARTAG2, STEVAL-STWINBX1, STM320518-EVAL, STM32C0116-DK, STM32C011D6Y3TR, STM32C011D6Y6TR, STM32C011F4P3, STM32C011F4P6, STM32C011F4U3, STM32C011F4U6TR, STM32C011F6P3, STM32C011F6P6, STM32C011F6U3, STM32C011F6U6TR, STM32C011J4M3, STM32C011J4M6, STM32C011J6M3, STM32C011J6M6, STM32C0316-DK, STM32C031C4T3, STM32C031C4T6, STM32C031C4U3, STM32C031C4U6, STM32C031C6T3, STM32C031C6T6, STM32C031C6U3, STM32C031C6U6, STM32C031F4P3, STM32C031F4P6, STM32C031F6P3, STM32C031F6P6, STM32C031G4U3, STM32C031G4U6, STM32C031G6U3, STM32C031G6U6, STM32C031K4T3, STM32C031K4T6, STM32C031K4U3, STM32C031K4U6, STM32C031K6T3, STM32C031K6T6, STM32C031K6U3, STM32C031K6U6, STM32C051C6T6, STM32C051C6U6, STM32C051C8T6, STM32C051C8U6, STM32C051D8Y6TR, STM32C051F6P6, STM32C051F8P6, STM32C051G6U6, STM32C051G8U6, STM32C051K6T6, STM32C051K6U6, STM32C051K8T6, STM32C071C8T6, STM32C071C8T6N, STM32C071C8U6, STM32C071C8U6N, STM32C071CBT6, STM32C071CBT6N, STM32C071CBU6, STM32C071CBU6N, STM32C071F8P6, STM32C071F8P6N, STM32C071FBP6, STM32C071FBP6N, STM32C071FBY6TR, STM32C071G8U6, STM32C071G8U6N, STM32C071GBU6, STM32C071GBU6N, STM32C071K8T6, STM32C071K8T6N, STM32C071K8U6, STM32C071K8U6N, STM32C071KBT6, STM32C071KBT6N, STM32C071KBU6, STM32C071KBU6N, STM32C071R8T6, STM32C071R8T6N, STM32C071RBI6N, STM32C071RBT6, STM32C071RBT6N, STM32C091CBT6, STM32C091CBU6, STM32C091CCT6, STM32C091CCU6, STM32C091ECY6TR, STM32C091FBP6, STM32C091FCP6, STM32C091GBU6, STM32C091GCU6, STM32C091KBT6, STM32C091KBU6, STM32C091KCT6, STM32C091KCU6, STM32C091RBT6, STM32C091RCI6, STM32C091RCT6, STM32C092CBT6, STM32C092CBU6, STM32C092CCT6, STM32C092CCU6, STM32C092ECY6TR, STM32C092FBP6, STM32C092FCP6, STM32C092GBU6, STM32C092GCU6, STM32C092KBT6, STM32C092KBU6, STM32C092KCT6, STM32C092KCU6, STM32C092RBT6, STM32C092RCI6, STM32C092RCT6, STM32G071K8TXN, STM32G071K8UXN, STM32G081GBU6N, STM32G081KBT6N, STM32G081KBUXN, STM32G0B1CCT6N, STM32G0B1KCT6, STM32G0B1NEY6TR, STM32G0B1RCT6N, STM32G0C1CCT6, STM32G0C1CCT6N, STM32G0C1CCU6N, STM32G0C1CET6N, STM32G0C1CEU6N, STM32G0C1KCT6, STM32G0C1NEY6TR, STM32G0C1RCI6N, STM32G0C1RCT6N, STM32G0C1REI6N, STM32G0C1RET6N, STM32G0C1VCI6, STM32G0C1VEI6, STM32G411C6T3, STM32G411C6T6, STM32G411C6U3, STM32G411C6U6, STM32G411C8T3, STM32G411C8T6, STM32G411C8U3, STM32G411C8U6, STM32G411CBT3, STM32G411CBT6, STM32G411CBU3, STM32G411CBU6, STM32G411CCT3, STM32G411CCT6, STM32G411CCU3, STM32G411CCU6, STM32G411K6T3, STM32G411K6T6, STM32G411K6U3, STM32G411K6U6, STM32G411K8T3, STM32G411K8T6, STM32G411K8U3, STM32G411K8U6, STM32G411KBT3, STM32G411KBT6, STM32G411KBU3, STM32G411KBU6, STM32G411M6T3, STM32G411M6T6, STM32G411M8T3, STM32G411M8T6, STM32G411MBT3, STM32G411MBT6, STM32G411MCT3, STM32G411MCT6, STM32G411R6T3, STM32G411R6T6, STM32G411R8T3, STM32G411R8T6, STM32G411RBT3, STM32G411RBT6, STM32G411RCT3, STM32G411RCT6, STM32G414CBT3, STM32G414CBT6, STM32G414CBU3, STM32G414CBU6, STM32G414CCT3, STM32G414CCT6, STM32G414CCU3, STM32G414CCU6, STM32G414MBT3, STM32G414MBT6, STM32G414MCT3, STM32G414MCT6, STM32G414RBT3, STM32G414RBT6, STM32G414RCT3, STM32G414RCT6, STM32G414VBT3, STM32G414VBT6, STM32G414VCT3, STM32G414VCT6, STM32G431CBT3Z, STM32G431RBT3Z, STM32G471CCT6, STM32G471CCU6, STM32G471CET3, STM32G471CET6, STM32G471CEU3, STM32G471CEU6, STM32G471MCT6, STM32G471MET3, STM32G471MET6, STM32G471MEY6TR, STM32G471QCT6, STM32G471QET3, STM32G471RCT6, STM32G471RET3, STM32G471RET6, STM32G471VCH6, STM32G471VCI6, STM32G471VCT6, STM32G471VEH3, STM32G471VEH6, STM32G471VEI3, STM32G471VEI6, STM32G471VET3, STM32G471VET6, STM32G473QET3Z, STM32G473RET3Z, STM32G474CCT6, STM32G491RET3Z, STM32H503CBT6, STM32H503CBU6, STM32H503EBY6TR, STM32H503KBU6, STM32H503RBT6, STM32H523CCT6, STM32H523CCU6, STM32H523CET6, STM32H523CEU6, STM32H523HEY6TR, STM32H523RCT6, STM32H523RET6, STM32H523VCI6, STM32H523VCT6, STM32H523VEI6, STM32H523VET6, STM32H523ZCJ6, STM32H523ZCT6, STM32H523ZEJ6, STM32H523ZET6, STM32H533CET6, STM32H533CEU6, STM32H533HEY6TR, STM32H533RET6, STM32H533VEI6, STM32H533VET6, STM32H533ZEJ6, STM32H533ZET6, STM32H562AGI6, STM32H562AII6, STM32H562IGK6, STM32H562IGT6, STM32H562IIK6, STM32H562IIT6, STM32H562RGT6, STM32H562RGV6, STM32H562RIT6, STM32H562RIV6, STM32H562VGT6, STM32H562VIT6, STM32H562ZGT6, STM32H562ZIT6, STM32H563AGI6, STM32H563AII3Q, STM32H563AII6, STM32H563IGK6, STM32H563IGT6, STM32H563IIK3Q, STM32H563IIK6, STM32H563IIT3Q, STM32H563IIT6, STM32H563MIY3QTR, STM32H563RGT6, STM32H563RGV6, STM32H563RIT6, STM32H563RIV6, STM32H563VGT6, STM32H563VIT3Q, STM32H563VIT6, STM32H563ZGT6, STM32H563ZIT3Q, STM32H563ZIT6, STM32H573AII3Q, STM32H573AII6, STM32H573I-DK, STM32H573IIK3Q, STM32H573IIK6, STM32H573IIT3Q, STM32H573IIT6, STM32H573MIY3QTR, STM32H573RIT6, STM32H573RIV6, STM32H573VIT3Q, STM32H573VIT6, STM32H573ZIT3Q, STM32H573ZIT6, STM32H7R3A8I6, STM32H7R3I8K6, STM32H7R3I8T6, STM32H7R3L8H6, STM32H7R3L8H6H, STM32H7R3R8V6, STM32H7R3V8H6, STM32H7R3V8T6, STM32H7R3V8Y6TR, STM32H7R3Z8J6, STM32H7R3Z8T6, STM32H7R7A8I6, STM32H7R7I8K6, STM32H7R7I8T6, STM32H7R7L8H6, STM32H7R7L8H6H, STM32H7R7Z8J6, STM32H7S3A8I6, STM32H7S3I8K6, STM32H7S3I8T6, STM32H7S3L8H6, STM32H7S3L8H6H, STM32H7S3R8V6, STM32H7S3V8H6, STM32H7S3V8T6, STM32H7S3V8Y6TR, STM32H7S3Z8J6, STM32H7S3Z8T6, STM32H7S78-DK, STM32H7S7A8I6, STM32H7S7I8K6, STM32H7S7I8T6, STM32H7S7L8H6, STM32H7S7L8H6H, STM32H7S7Z8J6, STM32L4R5QGI6STR, STM32MP131AAE3, STM32MP131AAF3, STM32MP131AAG3, STM32MP131CAE3, STM32MP131CAF3, STM32MP131CAG3, STM32MP131DAE7, STM32MP131DAF7, STM32MP131DAG7, STM32MP131FAE7, STM32MP131FAF7, STM32MP131FAG7, STM32MP133AAE3, STM32MP133AAF3, STM32MP133AAG3, STM32MP133CAE3, STM32MP133CAF3, STM32MP133CAG3, STM32MP133DAE7, STM32MP133DAF7, STM32MP133DAG7, STM32MP133FAE7, STM32MP133FAF7, STM32MP133FAG7, STM32MP135AAE3, STM32MP135AAF3, STM32MP135AAG3, STM32MP135CAE3, STM32MP135CAF3, STM32MP135CAG3, STM32MP135DAE7, STM32MP135DAF7, STM32MP135DAG7, STM32MP135F-DK, STM32MP135FAE7, STM32MP135FAF7, STM32MP135FAF7T, STM32MP135FAF7U, STM32MP135FAG7, STM32MP231AAJ3, STM32MP231AAK3, STM32MP231AAL3, STM32MP231CAJ3, STM32MP231CAK3, STM32MP231CAL3, STM32MP231DAJ3, STM32MP231DAK3, STM32MP231DAL3, STM32MP231FAJ3, STM32MP231FAK3, STM32MP231FAL3, STM32MP233AAJ3, STM32MP233AAK3, STM32MP233AAL3, STM32MP233CAJ3, STM32MP233CAK3, STM32MP233CAL3, STM32MP233DAJ3, STM32MP233DAK3, STM32MP233DAL3, STM32MP233FAJ3, STM32MP233FAK3, STM32MP233FAL3, STM32MP235AAJ3, STM32MP235AAK3, STM32MP235AAL3, STM32MP235CAJ3, STM32MP235CAK3, STM32MP235CAL3, STM32MP235DAJ3, STM32MP235DAK3, STM32MP235DAL3, STM32MP235FAJ3, STM32MP235FAK3, STM32MP235FAL3, STM32MP251AAI3, STM32MP251AAJ3, STM32MP251AAK3, STM32MP251AAL3, STM32MP251CAI3, STM32MP251CAJ3, STM32MP251CAK3, STM32MP251CAL3, STM32MP251DAI3, STM32MP251DAJ3, STM32MP251DAK3, STM32MP251DAL3, STM32MP251FAI3, STM32MP251FAJ3, STM32MP251FAK3, STM32MP251FAL3, STM32MP253AAI3, STM32MP253AAJ3, STM32MP253AAK3, STM32MP253AAL3, STM32MP253CAI3, STM32MP253CAJ3, STM32MP253CAK3, STM32MP253CAL3, STM32MP253DAI3, STM32MP253DAJ3, STM32MP253DAK3, STM32MP253DAL3, STM32MP253FAI3, STM32MP253FAJ3, STM32MP253FAK3, STM32MP253FAL3, STM32MP255AAI3, STM32MP255AAJ3, STM32MP255AAK3, STM32MP255AAL3, STM32MP255CAI3, STM32MP255CAJ3, STM32MP255CAK3, STM32MP255CAL3, STM32MP255DAI3, STM32MP255DAJ3, STM32MP255DAK3, STM32MP255DAL3, STM32MP255FAI3, STM32MP255FAJ3, STM32MP255FAK3, STM32MP255FAL3, STM32MP257AAI3, STM32MP257AAJ3, STM32MP257AAK3, STM32MP257AAL3, STM32MP257CAI3, STM32MP257CAJ3, STM32MP257CAK3, STM32MP257CAL3, STM32MP257DAI3, STM32MP257DAJ3, STM32MP257DAK3, STM32MP257DAL3, STM32MP257F-DK, STM32MP257F-EV1, STM32MP257FAI3, STM32MP257FAJ3, STM32MP257FAK3, STM32MP257FAL3, STM32N645A0H3Q, STM32N645B0H3Q, STM32N645I0H3Q, STM32N645L0H3Q, STM32N645X0H3Q, STM32N645Z0H3Q, STM32N647A0H3Q, STM32N647B0H3Q, STM32N647I0H3Q, STM32N647L0H3Q, STM32N647X0H3Q, STM32N647Z0H3Q, STM32N655A0H3Q, STM32N655B0H3Q, STM32N655I0H3Q, STM32N655L0H3Q, STM32N655X0H3Q, STM32N655Z0H3Q, STM32N6570-DK, STM32N657A0H3Q, STM32N657B0H3Q, STM32N657I0H3Q, STM32N657L0H3Q, STM32N657X0H3Q, STM32N657Z0H3Q, STM32U031C6T6, STM32U031C6U6, STM32U031C8T6, STM32U031C8U6, STM32U031F4P6, STM32U031F6P6, STM32U031F8P6, STM32U031G6Y6TR, STM32U031G8Y6TR, STM32U031K4U6, STM32U031K6U6, STM32U031K8U6, STM32U031R6I6, STM32U031R6T6, STM32U031R8I6, STM32U031R8T6, STM32U073C8T6, STM32U073C8U6, STM32U073CBT6, STM32U073CBU6, STM32U073CCT6, STM32U073CCU6, STM32U073H8Y6TR, STM32U073HBY6TR, STM32U073HCY6TR, STM32U073K8U6, STM32U073KBU6, STM32U073KCU6, STM32U073M8I6, STM32U073M8T6, STM32U073MBI6, STM32U073MBT6, STM32U073MCI6, STM32U073MCT6, STM32U073R8I6, STM32U073R8T6, STM32U073RBI6, STM32U073RBT6, STM32U073RCI6, STM32U073RCT6, STM32U083C-DK, STM32U083CCT6, STM32U083CCU6, STM32U083HCY6TR, STM32U083KCU6, STM32U083MCI6, STM32U083MCT6, STM32U083RCI6, STM32U083RCT6, STM32U375CET6, STM32U375CET6Q, STM32U375CEU6, STM32U375CEU6Q, STM32U375CEY6QTR, STM32U375CGT6, STM32U375CGT6Q, STM32U375CGU6, STM32U375CGU6Q, STM32U375CGY6QTR, STM32U375KEU6, STM32U375KGU6, STM32U375REI6, STM32U375REI6Q, STM32U375RET6, STM32U375RET6Q, STM32U375REY6GTR, STM32U375REY6QTR, STM32U375RGI6, STM32U375RGI6Q, STM32U375RGT6, STM32U375RGT6Q, STM32U375RGY6GTR, STM32U375RGY6QTR, STM32U375VEI6, STM32U375VEI6Q, STM32U375VET6, STM32U375VET6Q, STM32U375VGI6, STM32U375VGI6Q, STM32U375VGT6, STM32U375VGT6Q, STM32U385CGT6, STM32U385CGT6Q, STM32U385CGU6, STM32U385CGU6Q, STM32U385CGY6QTR, STM32U385KGU6, STM32U385RGI6, STM32U385RGI6Q, STM32U385RGT6, STM32U385RGT6Q, STM32U385RGY6GTR, STM32U385RGY6QTR, STM32U385VGI6, STM32U385VGI6Q, STM32U385VGT6, STM32U385VGT6Q, STM32U535CBT6, STM32U535CBT6Q, STM32U535CBU6, STM32U535CBU6Q, STM32U535CCT6, STM32U535CCT6Q, STM32U535CCU6, STM32U535CCU6Q, STM32U535CET6, STM32U535CET6Q, STM32U535CEU6, STM32U535CEU6Q, STM32U535JEY6QTR, STM32U535NCY6QTR, STM32U535NEY6QTR, STM32U535RBI6, STM32U535RBI6Q, STM32U535RBT6, STM32U535RBT6Q, STM32U535RCI6, STM32U535RCI6Q, STM32U535RCT6, STM32U535RCT6Q, STM32U535REI6, STM32U535REI6Q, STM32U535RET6, STM32U535RET6Q, STM32U535VCI6, STM32U535VCI6Q, STM32U535VCT6, STM32U535VCT6Q, STM32U535VEI6, STM32U535VEI6Q, STM32U535VET6, STM32U535VET6Q, STM32U545CET6, STM32U545CET6Q, STM32U545CEU6, STM32U545CEU6Q, STM32U545JEY6QTR, STM32U545NEY6QTR, STM32U545REI6, STM32U545REI6Q, STM32U545RET6, STM32U545RET6Q, STM32U545VEI6, STM32U545VEI6Q, STM32U545VET6, STM32U545VET6Q, STM32U595AIH6, STM32U595AIH6Q, STM32U595AJH6, STM32U595AJH6Q, STM32U595QII6, STM32U595QII6Q, STM32U595QJI6, STM32U595QJI6Q, STM32U595RIT6, STM32U595RIT6Q, STM32U595RJT6, STM32U595RJT6Q, STM32U595VIT6, STM32U595VIT6Q, STM32U595VJT6, STM32U595VJT6Q, STM32U595ZIT6, STM32U595ZIT6Q, STM32U595ZIY6QTR, STM32U595ZJT6, STM32U595ZJT6Q, STM32U595ZJY6QTR, STM32U599BJY6QTR, STM32U599NIH6Q, STM32U599NJH6Q, STM32U599VIT6Q, STM32U599VJT6, STM32U599VJT6Q, STM32U599ZIT6Q, STM32U599ZIY6QTR, STM32U599ZJT6Q, STM32U599ZJY6QTR, STM32U5A5AJH6, STM32U5A5AJH6Q, STM32U5A5QII3Q , STM32U5A5QJI6, STM32U5A5QJI6Q, STM32U5A5RJT6, STM32U5A5RJT6Q, STM32U5A5VJT6, STM32U5A5VJT6Q, STM32U5A5ZJT6, STM32U5A5ZJT6Q, STM32U5A5ZJY6QTR, STM32U5A9BJY6QTR, STM32U5A9J-DK, STM32U5A9NJH6Q, STM32U5A9VJT6Q, STM32U5A9ZJT6Q, STM32U5A9ZJY6QTR, STM32U5F7VIT6, STM32U5F7VIT6Q, STM32U5F7VJT6, STM32U5F7VJT6Q, STM32U5F9BJY6QTR, STM32U5F9NJH6Q, STM32U5F9VIT6Q, STM32U5F9VJT6Q, STM32U5F9ZIJ6QTR, STM32U5F9ZIT6Q, STM32U5F9ZJJ6QTR, STM32U5F9ZJT6Q, STM32U5G7VJT6, STM32U5G7VJT6Q, STM32U5G9BJY6QTR, STM32U5G9J-DK1, STM32U5G9J-DK2, STM32U5G9NJH6Q, STM32U5G9VJT6Q, STM32U5G9ZJJ6QTR, STM32U5G9ZJT6Q, STM32WB05KZV6TR, STM32WB05KZV7TR, STM32WB05TZF6TR, STM32WB05TZF7TR, STM32WB06CCF6TR, STM32WB06CCF7TR, STM32WB06CCV6TR, STM32WB06CCV7TR, STM32WB06KCV6TR, STM32WB06KCV7TR, STM32WB07CCF6TR, STM32WB07CCF7TR, STM32WB07CCV6TR, STM32WB07CCV7TR, STM32WB07KCV6TR, STM32WB07KCV7TR, STM32WB09KEV6TR, STM32WB09KEV7TR, STM32WB09TEF6TR, STM32WB09TEF7TR, STM32WB1MMCH6, STM32WBA50KGU6, STM32WBA50KGU6TR, STM32WBA52CEU6, STM32WBA52CEU6TR, STM32WBA52CEU7, STM32WBA52CEU7TR, STM32WBA52CGU6, STM32WBA52CGU6TR, STM32WBA52CGU6U, STM32WBA52CGU7, STM32WBA52CGU7TR, STM32WBA52KEU6, STM32WBA52KEU6TR, STM32WBA52KGU6, STM32WBA52KGU6TR, STM32WBA54CEU6, STM32WBA54CEU6TR, STM32WBA54CEU7, STM32WBA54CEU7TR, STM32WBA54CGU6, STM32WBA54CGU6TR, STM32WBA54CGU7, STM32WBA54CGU7TR, STM32WBA54KEU6, STM32WBA54KEU6TR, STM32WBA54KEU7, STM32WBA54KEU7TR, STM32WBA54KGU6, STM32WBA54KGU6TR, STM32WBA54KGU7, STM32WBA54KGU7TR, STM32WBA55CEU6, STM32WBA55CEU6TR, STM32WBA55CEU7, STM32WBA55CEU7TR, STM32WBA55CGU6, STM32WBA55CGU6TR, STM32WBA55CGU6U, STM32WBA55CGU7, STM32WBA55CGU7TR, STM32WBA55G-DK1, STM32WBA55HEF6, STM32WBA55HEF7, STM32WBA55HGF6, STM32WBA55HGF7, STM32WBA55UEI6, STM32WBA55UEI6TR, STM32WBA55UEI7, STM32WBA55UEI7TR, STM32WBA55UGI6, STM32WBA55UGI6TR, STM32WBA55UGI7, STM32WBA55UGI7TR, STM32WBA5MJGH6TR, STM32WBA62CGU6, STM32WBA62CIU6, STM32WBA62MGF6, STM32WBA62MIF6, STM32WBA62PGI6, STM32WBA62PII6, STM32WBA63CGU6, STM32WBA63CGU7, STM32WBA63CIU6, STM32WBA63CIU7, STM32WBA64CGU6, STM32WBA64CGU7, STM32WBA64CIU6, STM32WBA64CIU7, STM32WBA65CGU6, STM32WBA65CGU7, STM32WBA65CIU6, STM32WBA65CIU7, STM32WBA65I-DK1, STM32WBA65MGF6, STM32WBA65MGF7, STM32WBA65MIF6, STM32WBA65MIF7, STM32WBA65PGI6, STM32WBA65PGI7, STM32WBA65PII6, STM32WBA65PII7, STM32WBA65RGV6, STM32WBA65RGV7, STM32WBA65RIV6, STM32WBA65RIV7, STM32WL30K8V6, STM32WL30KBV6, STM32WL31C8V6, STM32WL31CBV6, STM32WL31K8V6, STM32WL31KBV6, STM32WL33C8V6, STM32WL33C8V6TR, STM32WL33C8V7, STM32WL33C8V7TR, STM32WL33CBV6, STM32WL33CBV6TR, STM32WL33CBV7, STM32WL33CBV7TR, STM32WL33CCV6, STM32WL33CCV6TR, STM32WL33CCV7, STM32WL33CCV7A, STM32WL33CCV7ATR, STM32WL33CCV7TR, STM32WL33K8V6, STM32WL33K8V6TR, STM32WL33K8V7, STM32WL33K8V7TR, STM32WL33KBV6, STM32WL33KBV6TR, STM32WL33KBV7, STM32WL33KBV7TR, STM32WL33KCV6, STM32WL33KCV6TR, STM32WL33KCV7, STM32WL33KCV7TR, STM32WL5MOCH6, STM32WL5MOCH6TR]
2026-08-19 18:21:31,683 [INFO] DbMcus:218 - Found 5310 MCUs, 5122 are supported
2026-08-19 18:21:31,683 [INFO] ApiDb:423 - Load user favorites file C:\Users\lthst/.stm32cubeide/favorites.mcus.txt: 0 item(s)
2026-08-19 18:21:31,683 [INFO] ApiDb:427 - User favorites MCUs=[]
2026-08-19 18:21:31,683 [INFO] DbMcus:224 - Set 0 / 0 favorites MCUs
2026-08-19 18:21:32,536 [INFO] BoardInfo:889 - No configuration file found for board NUCLEO-H553ZG
2026-08-19 18:21:32,539 [INFO] DbBoards:161 - Board is not supported: NUCLEO-H553ZG
2026-08-19 18:21:32,545 [INFO] BoardInfo:889 - No configuration file found for board NUCLEO-H5E5ZJ
2026-08-19 18:21:32,547 [INFO] DbBoards:161 - Board is not supported: NUCLEO-H5E5ZJ
2026-08-19 18:21:32,726 [INFO] BoardInfo:889 - No configuration file found for board NUCLEO-U3C5ZI-Q
2026-08-19 18:21:32,730 [INFO] DbBoards:161 - Board is not supported: NUCLEO-U3C5ZI-Q
2026-08-19 18:21:32,758 [INFO] BoardInfo:889 - No configuration file found for board NUCLEO-WBA25CE1
2026-08-19 18:21:32,761 [INFO] DbBoards:161 - Board is not supported: NUCLEO-WBA25CE1
2026-08-19 18:21:32,780 [INFO] BoardInfo:889 - No configuration file found for board NUCLEO-WL3RKB1
2026-08-19 18:21:32,782 [INFO] DbBoards:161 - Board is not supported: NUCLEO-WL3RKB1
2026-08-19 18:21:32,783 [INFO] BoardInfo:889 - No configuration file found for board NUCLEO-WL3RKB2
2026-08-19 18:21:32,786 [INFO] DbBoards:161 - Board is not supported: NUCLEO-WL3RKB2
2026-08-19 18:21:32,805 [INFO] BoardInfo:889 - No configuration file found for board P-NUCLEO-WB55
2026-08-19 18:21:32,807 [INFO] DbBoards:161 - Kit is not supported: P-NUCLEO-WB55
2026-08-19 18:21:32,821 [INFO] BoardInfo:889 - No configuration file found for board STEVAL-BFA001V1B
2026-08-19 18:21:32,824 [INFO] DbBoards:161 - Kit is not supported: STEVAL-BFA001V1B
2026-08-19 18:21:32,826 [INFO] BoardInfo:889 - No configuration file found for board STEVAL-BFA001V2B
2026-08-19 18:21:32,830 [INFO] DbBoards:161 - Kit is not supported: STEVAL-BFA001V2B
2026-08-19 18:21:33,077 [INFO] BoardInfo:889 - No configuration file found for board STM32H5F5J-DK
2026-08-19 18:21:33,080 [INFO] DbBoards:161 - Board is not supported: STM32H5F5J-DK
2026-08-19 18:21:33,200 [INFO] BoardInfo:889 - No configuration file found for board STM32MP215F-DK
2026-08-19 18:21:33,202 [INFO] DbBoards:161 - Board is not supported: STM32MP215F-DK
2026-08-19 18:21:33,242 [INFO] DbBoards:168 - Found 219 boards, 208 are supported
2026-08-19 18:21:33,243 [INFO] DbBoards:169 - Found 219 boards, 43 of them is supported for  Bsp
2026-08-19 18:21:33,247 [INFO] ApiDb:423 - Load user favorites file C:\Users\lthst/.stm32cubeide/favorites.boards.txt: 0 item(s)
2026-08-19 18:21:33,247 [INFO] ApiDb:427 - User favorites Boards=[]
2026-08-19 18:21:33,247 [INFO] DbBoards:198 - Set 0 / 0 favorites Boards
2026-08-19 18:21:33,300 [INFO] UtilMem:75 - End LoadConfig() Used Memory: 931260368 Bytes (1073741824)
2026-08-19 18:21:33,498 [WARN] ThirdParty:833 - waiting for thirdparty lock release [change project]
2026-08-19 18:21:33,499 [INFO] ThirdParty:835 - entering critical section [change project]
2026-08-19 18:21:33,499 [INFO] ThirdParty:1030 - CMSIS Pack Vendor :STMicroelectronics X-CUBE-AZRTOS-H7 3.5.0
2026-08-19 18:21:33,499 [INFO] ThirdParty:1030 - CMSIS Pack Vendor :STMicroelectronics X-CUBE-PM33A1 1.0.0
2026-08-19 18:21:33,499 [INFO] ThirdParty:1030 - CMSIS Pack Vendor :STMicroelectronics USBPD 4.1
2026-08-19 18:21:33,499 [INFO] ThirdParty:1030 - CMSIS Pack Vendor :STMicroelectronics USB_HOST 2.0.0
2026-08-19 18:21:33,499 [INFO] ThirdParty:1030 - CMSIS Pack Vendor :STMicroelectronics FP-SNS-MOTENVWB1 1.4.0
2026-08-19 18:21:33,499 [INFO] ThirdParty:1030 - CMSIS Pack Vendor :STMicroelectronics FP-ATR-ASTRA1 2.0.3
2026-08-19 18:21:33,499 [INFO] ThirdParty:1030 - CMSIS Pack Vendor :STMicroelectronics X-CUBE-AZRTOS-F4 1.1.0
2026-08-19 18:21:33,499 [INFO] ThirdParty:1030 - CMSIS Pack Vendor :STMicroelectronics LIBJPEG 8.0.0
2026-08-19 18:21:33,500 [INFO] ThirdParty:1030 - CMSIS Pack Vendor :STMicroelectronics FP-ATR-ASTRA1 2.0.2
2026-08-19 18:21:33,500 [INFO] ThirdParty:1030 - CMSIS Pack Vendor :Avnet-IotConnect X-CUBE-IoTC-DA16k-PMOD 1.0.0
2026-08-19 18:21:33,500 [INFO] ThirdParty:1030 - CMSIS Pack Vendor :STMicroelectronics X-CUBE-SMBUS 2.1.0
2026-08-19 18:21:33,500 [INFO] ThirdParty:1030 - CMSIS Pack Vendor :STMicroelectronics X-CUBE-WB05N 1.1.0
2026-08-19 18:21:33,500 [INFO] ThirdParty:1030 - CMSIS Pack Vendor :STMicroelectronics X-CUBE-ISPU 2.1.0
2026-08-19 18:21:33,500 [INFO] ThirdParty:1030 - CMSIS Pack Vendor :STMicroelectronics eDS-WB_DPC_TT-BIDIR 2.1.1
2026-08-19 18:21:33,500 [INFO] ThirdParty:1030 - CMSIS Pack Vendor :STMicroelectronics X-CUBE-ST60 1.0.0
2026-08-19 18:21:33,500 [INFO] ThirdParty:1030 - CMSIS Pack Vendor :STMicroelectronics X-CUBE-NFC12 1.0.0
2026-08-19 18:21:33,500 [INFO] ThirdParty:1030 - CMSIS Pack Vendor :STMicroelectronics X-CUBE-AZRTOS-F7 1.1.0
2026-08-19 18:21:33,500 [INFO] ThirdParty:1030 - CMSIS Pack Vendor :STMicroelectronics X-CUBE-AZRTOS-L5 2.0.0
2026-08-19 18:21:33,500 [INFO] ThirdParty:1030 - CMSIS Pack Vendor :STMicroelectronics USB_DEVICE 2.0.0
2026-08-19 18:21:33,500 [INFO] ThirdParty:1030 - CMSIS Pack Vendor :STMicroelectronics X-CUBE-NFC6 3.1.0
2026-08-19 18:21:33,500 [INFO] ThirdParty:1030 - CMSIS Pack Vendor :STMicroelectronics X-CUBE-ALGOBUILD 1.5.0
2026-08-19 18:21:33,500 [INFO] ThirdParty:1030 - CMSIS Pack Vendor :STMicroelectronics FreeRTOS 0.0.1
2026-08-19 18:21:33,500 [INFO] ThirdParty:1030 - CMSIS Pack Vendor :STMicroelectronics X-CUBE-AZRTOS-H7RS 1.3.0
2026-08-19 18:21:33,500 [INFO] ThirdParty:1030 - CMSIS Pack Vendor :STMicroelectronics X-CUBE-DPower 1.2.0
2026-08-19 18:21:33,500 [INFO] ThirdParty:1030 - CMSIS Pack Vendor :STMicroelectronics eDS-WB_DPC_VIENNA 1.2.0
2026-08-19 18:21:33,500 [INFO] ThirdParty:1030 - CMSIS Pack Vendor :STMicroelectronics X-CUBE-MEMS1 13.0.0
2026-08-19 18:21:33,500 [INFO] ThirdParty:1030 - CMSIS Pack Vendor :STMicroelectronics eDS-WB_DPC_3PH2L-BIDIR 1.1.1
2026-08-19 18:21:33,500 [INFO] ThirdParty:1030 - CMSIS Pack Vendor :Infineon AIROC-Wi-Fi-Bluetooth-STM32 1.7.0
2026-08-19 18:21:33,501 [INFO] ThirdParty:1030 - CMSIS Pack Vendor :STMicroelectronics PDM2PCM 3.3.0
2026-08-19 18:21:33,501 [INFO] ThirdParty:1030 - CMSIS Pack Vendor :STMicroelectronics X-CUBE-AZRTOS-H7 3.4.0
2026-08-19 18:21:33,501 [INFO] ThirdParty:1030 - CMSIS Pack Vendor :STMicroelectronics X-CUBE-DISPLAY 3.0.0
2026-08-19 18:21:33,501 [INFO] ThirdParty:1030 - CMSIS Pack Vendor :STMicroelectronics X-CUBE-GNSS1 7.1.1
2026-08-19 18:21:33,501 [INFO] ThirdParty:1030 - CMSIS Pack Vendor :STMicroelectronics X-CUBE-NFC10 1.0.0
2026-08-19 18:21:33,501 [INFO] ThirdParty:1030 - CMSIS Pack Vendor :STMicroelectronics X-CUBE-BLEMGR 4.0.0
2026-08-19 18:21:33,501 [INFO] ThirdParty:1030 - CMSIS Pack Vendor :STMicroelectronics X-CUBE-FREERTOS 1.3.1
2026-08-19 18:21:33,501 [INFO] ThirdParty:1030 - CMSIS Pack Vendor :STMicroelectronics HAL Drivers 0.0.0
2026-08-19 18:21:33,501 [INFO] ThirdParty:1030 - CMSIS Pack Vendor :STMicroelectronics X-CUBE-ST60 1.1.0
2026-08-19 18:21:33,501 [INFO] ThirdParty:1030 - CMSIS Pack Vendor :emotas I-CUBE-CANOPEN 1.3.0
2026-08-19 18:21:33,501 [INFO] ThirdParty:1030 - CMSIS Pack Vendor :STMicroelectronics X-CUBE-FREERTOS 1.3.0
2026-08-19 18:21:33,501 [INFO] ThirdParty:1030 - CMSIS Pack Vendor :STMicroelectronics X-CUBE-NFC7 1.0.1
2026-08-19 18:21:33,501 [INFO] ThirdParty:1030 - CMSIS Pack Vendor :STMicroelectronics MBEDTLS 2.14.1
2026-08-19 18:21:33,501 [INFO] ThirdParty:1030 - CMSIS Pack Vendor :STMicroelectronics X-CUBE-GNSS1 7.1.0
2026-08-19 18:21:33,501 [INFO] ThirdParty:1030 - CMSIS Pack Vendor :STMicroelectronics X-CUBE-TOUCHGFX 4.26.0
2026-08-19 18:21:33,501 [INFO] ThirdParty:1030 - CMSIS Pack Vendor :STMicroelectronics X-CUBE-TOUCHGFX 4.26.1
2026-08-19 18:21:33,501 [INFO] ThirdParty:1030 - CMSIS Pack Vendor :quantropi X-CUBE-qispace-sdk-base 2.0.0
2026-08-19 18:21:33,501 [INFO] ThirdParty:1030 - CMSIS Pack Vendor :STMicroelectronics X-CUBE-AI 10.0.0
2026-08-19 18:21:33,501 [INFO] ThirdParty:1030 - CMSIS Pack Vendor :STMicroelectronics FP-SNS-STAIOTCFT 1.0.0
2026-08-19 18:21:33,501 [INFO] ThirdParty:1030 - CMSIS Pack Vendor :STMicroelectronics FP-SNS-SMARTAG2 1.2.0
2026-08-19 18:21:33,501 [INFO] ThirdParty:1030 - CMSIS Pack Vendor :STMicroelectronics FP-SNS-FLIGHT1 5.1.0
2026-08-19 18:21:33,501 [INFO] ThirdParty:1030 - CMSIS Pack Vendor :STMicroelectronics X-CUBE-MEMS1 11.1.0
2026-08-19 18:21:33,502 [INFO] ThirdParty:1030 - CMSIS Pack Vendor :STMicroelectronics X-CUBE-AZRTOS-WL 2.0.0
2026-08-19 18:21:33,502 [INFO] ThirdParty:1030 - CMSIS Pack Vendor :STMicroelectronics X-CUBE-DPower 1.3.0
2026-08-19 18:21:33,502 [INFO] ThirdParty:1030 - CMSIS Pack Vendor :STMicroelectronics FP-SNS-MOTENV1 5.0.0
2026-08-19 18:21:33,502 [INFO] ThirdParty:1030 - CMSIS Pack Vendor :STMicroelectronics USB_DEVICE 1.0.0
2026-08-19 18:21:33,502 [INFO] ThirdParty:1030 - CMSIS Pack Vendor :STMicroelectronics X-CUBE-AZRTOS-H7RS 1.2.0
2026-08-19 18:21:33,502 [INFO] ThirdParty:1030 - CMSIS Pack Vendor :STMicroelectronics X-CUBE-AZRTOS-L4 2.0.0
2026-08-19 18:21:33,502 [INFO] ThirdParty:1030 - CMSIS Pack Vendor :STMicroelectronics ThreadX 0.0.2
2026-08-19 18:21:33,502 [INFO] ThirdParty:1030 - CMSIS Pack Vendor :WES I-CUBE-Cesium 1.3.0
2026-08-19 18:21:33,503 [INFO] ThirdParty:1030 - CMSIS Pack Vendor :STMicroelectronics lwIP 2.1.2
2026-08-19 18:21:33,503 [INFO] ThirdParty:1030 - CMSIS Pack Vendor :STMicroelectronics X-CUBE-SFXS2LP1 4.0.0
2026-08-19 18:21:33,503 [INFO] ThirdParty:1030 - CMSIS Pack Vendor :STMicroelectronics X-CUBE-BLE2 3.3.0
2026-08-19 18:21:33,503 [INFO] ThirdParty:1030 - CMSIS Pack Vendor :Avnet-IOTCONNECT X-CUBE-iotc-st67-sdk 1.0.0
2026-08-19 18:21:33,503 [INFO] ThirdParty:1030 - CMSIS Pack Vendor :STMicroelectronics PDM2PCM 3.2.0
2026-08-19 18:21:33,503 [INFO] ThirdParty:1030 - CMSIS Pack Vendor :STMicroelectronics X-CUBE-WB05N 2.1.0
2026-08-19 18:21:33,503 [INFO] ThirdParty:1030 - CMSIS Pack Vendor :STMicroelectronics X-CUBE-AZRTOS-H7 3.3.0
2026-08-19 18:21:33,503 [INFO] ThirdParty:1030 - CMSIS Pack Vendor :STMicroelectronics X-CUBE-NFC9 1.0.0
2026-08-19 18:21:33,503 [INFO] ThirdParty:1030 - CMSIS Pack Vendor :STMicroelectronics X-CUBE-BLE1 7.1.0
2026-08-19 18:21:33,503 [INFO] ThirdParty:1030 - CMSIS Pack Vendor :wolfSSL I-CUBE-wolfMQTT 1.19.2
2026-08-19 18:21:33,503 [INFO] ThirdParty:1030 - CMSIS Pack Vendor :STMicroelectronics USB_DEVICE 3.0.0
2026-08-19 18:21:33,504 [INFO] ThirdParty:1030 - CMSIS Pack Vendor :STMicroelectronics X-CUBE-EEPRMA1 5.2.0
2026-08-19 18:21:33,504 [INFO] ThirdParty:1030 - CMSIS Pack Vendor :STMicroelectronics X-CUBE-BLEMGR 4.1.0
2026-08-19 18:21:33,504 [INFO] ThirdParty:1030 - CMSIS Pack Vendor :STMicroelectronics X-CUBE-AZRTOS-WB 2.0.0
2026-08-19 18:21:33,504 [INFO] ThirdParty:1030 - CMSIS Pack Vendor :STMicroelectronics X-CUBE-GNSS1 7.0.1
2026-08-19 18:21:33,504 [INFO] ThirdParty:1030 - CMSIS Pack Vendor :STMicroelectronics X-CUBE-TOUCHGFX 4.25.0
2026-08-19 18:21:33,504 [INFO] ThirdParty:1030 - CMSIS Pack Vendor :STMicroelectronics X-CUBE-AI 10.1.0
2026-08-19 18:21:33,504 [INFO] ThirdParty:1030 - CMSIS Pack Vendor :STMicroelectronics FP-SNS-STBOX1 2.0.0
2026-08-19 18:21:33,504 [INFO] ThirdParty:1030 - CMSIS Pack Vendor :STMicroelectronics X-CUBE-MEMS1 12.0.0
2026-08-19 18:21:33,504 [INFO] ThirdParty:1030 - CMSIS Pack Vendor :STMicroelectronics X-CUBE-STSE01 2.0.0
2026-08-19 18:21:33,504 [INFO] ThirdParty:1030 - CMSIS Pack Vendor :STMicroelectronics X-CUBE-MEMS1 11.2.0
2026-08-19 18:21:33,504 [INFO] ThirdParty:1030 - CMSIS Pack Vendor :STMicroelectronics X-CUBE-AZRTOS-G0 1.1.0
2026-08-19 18:21:33,504 [INFO] ThirdParty:1030 - CMSIS Pack Vendor :STMicroelectronics X-CUBE-SAFEA1 1.2.2
2026-08-19 18:21:33,504 [INFO] ThirdParty:1030 - CMSIS Pack Vendor :STMicroelectronics X-CUBE-NFC4 3.0.0
2026-08-19 18:21:33,504 [INFO] ThirdParty:1030 - CMSIS Pack Vendor :STMicroelectronics X-CUBE-SUBG2 5.0.0
2026-08-19 18:21:33,504 [INFO] ThirdParty:1030 - CMSIS Pack Vendor :STMicroelectronics X-CUBE-AZRTOS-H7RS 1.1.0
2026-08-19 18:21:33,504 [INFO] ThirdParty:1030 - CMSIS Pack Vendor :STMicroelectronics STM32_WPAN 1.0.0
2026-08-19 18:21:33,504 [INFO] ThirdParty:1030 - CMSIS Pack Vendor :EmbeddedOffice I-CUBE-FS-RTOS 1.0.1
2026-08-19 18:21:33,504 [INFO] ThirdParty:1030 - CMSIS Pack Vendor :STMicroelectronics lwIP 2.0.3
2026-08-19 18:21:33,504 [INFO] ThirdParty:1030 - CMSIS Pack Vendor :Cesanta I-CUBE-Mongoose 7.13.0
2026-08-19 18:21:33,505 [INFO] ThirdParty:1030 - CMSIS Pack Vendor :STMicroelectronics USB_HOST 1.0.0
2026-08-19 18:21:33,505 [INFO] ThirdParty:1030 - CMSIS Pack Vendor :STMicroelectronics X-CUBE-AZRTOS-G4 2.0.0
2026-08-19 18:21:33,505 [INFO] ThirdParty:1030 - CMSIS Pack Vendor :STMicroelectronics X-CUBE-WB05N 2.0.0
2026-08-19 18:21:33,505 [INFO] ThirdParty:1030 - CMSIS Pack Vendor :STMicroelectronics PDM2PCM 3.1.0
2026-08-19 18:21:33,505 [INFO] ThirdParty:1030 - CMSIS Pack Vendor :wolfSSL I-CUBE-wolfTPM 3.8.0
2026-08-19 18:21:33,505 [INFO] ThirdParty:1030 - CMSIS Pack Vendor :wolfSSL I-CUBE-wolfSSH 1.4.20
2026-08-19 18:21:33,505 [INFO] ThirdParty:1030 - CMSIS Pack Vendor :STMicroelectronics X-CUBE-NFC7 2.0.0
2026-08-19 18:21:33,505 [INFO] ThirdParty:1030 - CMSIS Pack Vendor :STMicroelectronics X-CUBE-TCPP 4.2.0
2026-08-19 18:21:33,505 [INFO] ThirdParty:1030 - CMSIS Pack Vendor :RealThread X-CUBE-RT-Thread_Nano 4.1.1
2026-08-19 18:21:33,505 [INFO] ThirdParty:1030 - CMSIS Pack Vendor :STMicroelectronics FP-ATR-SIGFOX1 3.2.0
2026-08-19 18:21:33,505 [INFO] ThirdParty:1030 - CMSIS Pack Vendor :STMicroelectronics X-CUBE-EEPRMA1 5.1.0
2026-08-19 18:21:33,505 [INFO] ThirdParty:1030 - CMSIS Pack Vendor :STMicroelectronics MBEDTLS 2.16.2
2026-08-19 18:21:33,505 [INFO] ThirdParty:1030 - CMSIS Pack Vendor :STMicroelectronics X-CUBE-IPS 3.1.0
2026-08-19 18:21:33,505 [INFO] ThirdParty:1030 - CMSIS Pack Vendor :STMicroelectronics X-CUBE-ALS 1.0.2
2026-08-19 18:21:33,505 [INFO] ThirdParty:1030 - CMSIS Pack Vendor :wolfSSL I-CUBE-wolfSSL 5.7.6
2026-08-19 18:21:33,505 [INFO] ThirdParty:1030 - CMSIS Pack Vendor :ITTIA_DB I-CUBE-ITTIADB 8.9.0
2026-08-19 18:21:33,505 [INFO] ThirdParty:1030 - CMSIS Pack Vendor :STMicroelectronics X-CUBE-STSE01 1.0.0
2026-08-19 18:21:33,505 [INFO] ThirdParty:1030 - CMSIS Pack Vendor :portGmbH I-Cube-SoM-uGOAL 1.1.0
2026-08-19 18:21:33,505 [INFO] ThirdParty:1030 - CMSIS Pack Vendor :STMicroelectronics X-CUBE-NFC6 3.2.0
2026-08-19 18:21:33,505 [INFO] ThirdParty:1030 - CMSIS Pack Vendor :STMicroelectronics X-CUBE-ST67W61 1.0.0
2026-08-19 18:21:33,505 [INFO] ThirdParty:1030 - CMSIS Pack Vendor :STMicroelectronics X-CUBE-AI 10.2.1
2026-08-19 18:21:33,506 [INFO] ThirdParty:1030 - CMSIS Pack Vendor :STMicroelectronics X-CUBE-AI 10.2.0
2026-08-19 18:21:33,506 [INFO] ThirdParty:1030 - CMSIS Pack Vendor :STMicroelectronics ThreadX 1.0.0
2026-08-19 18:21:33,506 [INFO] ThirdParty:1030 - CMSIS Pack Vendor :STMicroelectronics X-CUBE-MEMS1 12.1.0
2026-08-19 18:21:33,506 [INFO] ThirdParty:1030 - CMSIS Pack Vendor :SEGGER I-CUBE-embOS 1.3.1
2026-08-19 18:21:33,506 [INFO] ThirdParty:1030 - CMSIS Pack Vendor :STMicroelectronics X-CUBE-ALGOBUILD 1.4.0
2026-08-19 18:21:33,506 [INFO] ThirdParty:1030 - CMSIS Pack Vendor :STMicroelectronics X-CUBE-MEMS1 11.3.0
2026-08-19 18:21:33,506 [INFO] ThirdParty:1030 - CMSIS Pack Vendor :STMicroelectronics X-CUBE-TOF1 3.4.2
2026-08-19 18:21:33,506 [INFO] ThirdParty:1030 - CMSIS Pack Vendor :STMicroelectronics X-CUBE-TOF1 3.4.3
2026-08-19 18:21:33,506 [INFO] ThirdParty:1030 - CMSIS Pack Vendor :STMicroelectronics X-CUBE-NFC13 1.0.0
2026-08-19 18:21:33,506 [INFO] ThirdParty:841 - exiting critical section [change project]
2026-08-19 18:21:34,349 [INFO] PinOutPanel:1589 - setPackage(No Configuration,No Configuration)
2026-08-19 18:21:34,352 [INFO] PinOutPanel:1589 - setPackage(STM32F429ZITx,LQFP144)
2026-08-19 18:21:35,674 [INFO] UtilMem:75 - Before build in PCC Used Memory: 984090624 Bytes (1073741824)
2026-08-19 18:21:37,418 [INFO] UtilMem:75 - After build in PCC Used Memory: 745959936 Bytes (1073741824)
2026-08-19 18:21:37,486 [INFO] IPUIPlugin:80 - create IPUIPlugin
2026-08-19 18:21:37,486 [INFO] IPUIPlugin:80 - create IPUIPlugin
2026-08-19 18:21:37,487 [INFO] IPUIPlugin:80 - create IPUIPlugin
2026-08-19 18:21:37,487 [INFO] IPUIPlugin:80 - create IPUIPlugin
2026-08-19 18:21:37,487 [INFO] IPUIPlugin:80 - create IPUIPlugin
2026-08-19 18:21:37,487 [INFO] IPUIPlugin:80 - create IPUIPlugin
2026-08-19 18:21:37,487 [INFO] IPUIPlugin:80 - create IPUIPlugin
2026-08-19 18:21:37,488 [INFO] IPUIPlugin:80 - create IPUIPlugin
2026-08-19 18:21:37,488 [INFO] IPUIPlugin:80 - create IPUIPlugin
2026-08-19 18:21:37,488 [INFO] IPUIPlugin:80 - create IPUIPlugin
2026-08-19 18:21:37,488 [INFO] IPUIPlugin:80 - create IPUIPlugin
2026-08-19 18:21:37,489 [INFO] IPUIPlugin:80 - create IPUIPlugin
2026-08-19 18:21:37,489 [INFO] IPUIPlugin:80 - create IPUIPlugin
2026-08-19 18:21:37,489 [INFO] IPUIPlugin:80 - create IPUIPlugin
2026-08-19 18:21:37,489 [INFO] IPUIPlugin:80 - create IPUIPlugin
2026-08-19 18:21:37,489 [INFO] IPUIPlugin:80 - create IPUIPlugin
2026-08-19 18:21:37,490 [INFO] IPUIPlugin:80 - create IPUIPlugin
2026-08-19 18:21:37,490 [INFO] IPUIPlugin:80 - create IPUIPlugin
2026-08-19 18:21:37,490 [INFO] IPUIPlugin:80 - create IPUIPlugin
2026-08-19 18:21:37,490 [INFO] IPUIPlugin:80 - create IPUIPlugin
2026-08-19 18:21:37,491 [INFO] IPUIPlugin:80 - create IPUIPlugin
2026-08-19 18:21:37,491 [INFO] IPUIPlugin:80 - create IPUIPlugin
2026-08-19 18:21:37,492 [INFO] IPUIPlugin:80 - create IPUIPlugin
2026-08-19 18:21:37,492 [INFO] IPUIPlugin:80 - create IPUIPlugin
2026-08-19 18:21:37,493 [INFO] IPUIPlugin:80 - create IPUIPlugin
2026-08-19 18:21:37,493 [INFO] IPUIPlugin:80 - create IPUIPlugin
2026-08-19 18:21:37,494 [INFO] IPUIPlugin:80 - create IPUIPlugin
2026-08-19 18:21:37,495 [INFO] IPUIPlugin:80 - create IPUIPlugin
2026-08-19 18:21:37,495 [INFO] IPUIPlugin:80 - create IPUIPlugin
2026-08-19 18:21:37,495 [INFO] IPUIPlugin:80 - create IPUIPlugin
2026-08-19 18:21:37,496 [INFO] IPUIPlugin:80 - create IPUIPlugin
2026-08-19 18:21:37,496 [INFO] IPUIPlugin:80 - create IPUIPlugin
2026-08-19 18:21:37,497 [INFO] IPUIPlugin:80 - create IPUIPlugin
2026-08-19 18:21:37,497 [INFO] IPUIPlugin:80 - create IPUIPlugin
2026-08-19 18:21:37,497 [INFO] IPUIPlugin:80 - create IPUIPlugin
2026-08-19 18:21:37,497 [INFO] IPUIPlugin:80 - create IPUIPlugin
2026-08-19 18:21:37,498 [INFO] IPUIPlugin:80 - create IPUIPlugin
2026-08-19 18:21:37,498 [INFO] IPUIPlugin:80 - create IPUIPlugin
2026-08-19 18:21:37,498 [INFO] IPUIPlugin:80 - create IPUIPlugin
2026-08-19 18:21:37,499 [INFO] IPUIPlugin:80 - create IPUIPlugin
2026-08-19 18:21:37,499 [INFO] IPUIPlugin:80 - create IPUIPlugin
2026-08-19 18:21:37,499 [INFO] IPUIPlugin:80 - create IPUIPlugin
2026-08-19 18:21:37,499 [INFO] IPUIPlugin:80 - create IPUIPlugin
2026-08-19 18:21:37,500 [INFO] IPUIPlugin:80 - create IPUIPlugin
2026-08-19 18:21:37,500 [INFO] IPUIPlugin:80 - create IPUIPlugin
2026-08-19 18:21:37,501 [INFO] IPUIPlugin:80 - create IPUIPlugin
2026-08-19 18:21:37,501 [INFO] IPUIPlugin:80 - create IPUIPlugin
2026-08-19 18:21:37,501 [INFO] IPUIPlugin:80 - create IPUIPlugin
2026-08-19 18:21:37,502 [INFO] IPUIPlugin:80 - create IPUIPlugin
2026-08-19 18:21:37,502 [INFO] IPUIPlugin:80 - create IPUIPlugin
2026-08-19 18:21:37,503 [INFO] IPUIPlugin:80 - create IPUIPlugin
2026-08-19 18:21:37,503 [INFO] IPUIPlugin:80 - create IPUIPlugin
2026-08-19 18:21:37,504 [INFO] IPUIPlugin:80 - create IPUIPlugin
2026-08-19 18:21:37,504 [INFO] IPUIPlugin:80 - create IPUIPlugin
2026-08-19 18:21:37,505 [INFO] IPUIPlugin:80 - create IPUIPlugin
2026-08-19 18:21:37,506 [INFO] IPUIPlugin:80 - create IPUIPlugin
2026-08-19 18:21:37,506 [INFO] IPUIPlugin:80 - create IPUIPlugin
2026-08-19 18:21:37,507 [INFO] IPUIPlugin:80 - create IPUIPlugin
2026-08-19 18:21:37,507 [INFO] IPUIPlugin:80 - create IPUIPlugin
2026-08-19 18:21:37,508 [INFO] IPUIPlugin:80 - create IPUIPlugin
2026-08-19 18:21:37,508 [INFO] IPUIPlugin:80 - create IPUIPlugin
2026-08-19 18:21:37,509 [INFO] IPUIPlugin:80 - create IPUIPlugin
2026-08-19 18:21:37,509 [INFO] IPUIPlugin:80 - create IPUIPlugin
2026-08-19 18:21:37,510 [INFO] IPUIPlugin:80 - create IPUIPlugin
2026-08-19 18:21:37,512 [INFO] IPUIPlugin:80 - create IPUIPlugin
2026-08-19 18:21:37,512 [INFO] IPUIPlugin:80 - create IPUIPlugin
2026-08-19 18:21:37,708 [INFO] ApiDbMcu:508 - Load IP Config File for PDM2PCM
2026-08-19 18:21:38,110 [INFO] CADModel:165 - CPN selected for project levelSTM32F429ZIT6
2026-08-19 18:21:38,110 [INFO] CADModel:114 - Register for checkConnection events
2026-08-19 18:21:38,152 [INFO] OpenFileManager:385 - Restore cursor
2026-08-19 18:23:07,124 [INFO] Gpio:277 - dependency for GPIO [RCC, TIM3, USART3]
2026-08-19 18:23:42,632 [INFO] NvicIntPanel:101 - NVIC parent = com.st.microxplorer.plugins.ip.nvic.MultiNvicIntPanel[,0,0,526x265,layout=javax.swing.BoxLayout,alignmentX=0.0,alignmentY=0.0,border=,flags=9,maximumSize=,minimumSize=,preferredSize=]
2026-08-19 18:23:46,958 [INFO] UtilMem:75 - End SaveConfig() Used Memory: 946518280 Bytes (1073741824)
2026-08-19 18:23:48,431 [INFO] UtilMem:75 - End SaveConfig() Used Memory: 1004685520 Bytes (1073741824)
2026-08-19 18:23:49,516 [INFO] BlockDiagram:2775 - set Specific Code input for plugin: TIM1_8
2026-08-19 18:23:49,516 [INFO] BlockDiagram:2775 - set Specific Code input for plugin: SYS
2026-08-19 18:23:49,517 [INFO] BlockDiagram:2775 - set Specific Code input for plugin: RCC
2026-08-19 18:23:49,517 [INFO] BlockDiagram:2775 - set Specific Code input for plugin: NVIC
2026-08-19 18:23:49,517 [INFO] BlockDiagram:2775 - set Specific Code input for plugin: USART
2026-08-19 18:23:49,518 [INFO] BlockDiagram:2775 - set Specific Code input for plugin: GPIO
2026-08-19 18:23:49,521 [INFO] CodeGenerator:882 - code generatio: config db path: C:\ST\STM32CubeIDE_1.18.0\STM32CubeIDE\plugins\com.st.stm32cube.common.mx_6.14.0.202502271554\\db\
2026-08-19 18:23:50,959 [INFO] CodeEngine:263 - oldGeneratedFile, C:\Users\lthst\Desktop\ICT\dc_motor\MXTmpFiles\license.tmp_save
2026-08-19 18:23:52,931 [INFO] CodeEngine:287 - Generated code: C:\Users\lthst\Desktop\ICT\dc_motor\MXTmpFiles\license.tmp
2026-08-19 18:23:53,186 [INFO] CodeEngine:263 - oldGeneratedFile, C:\Users\lthst\Desktop\ICT\dc_motor\MXTmpFiles\gpio.tmp_save
2026-08-19 18:23:53,841 [INFO] CodeEngine:287 - Generated code: C:\Users\lthst\Desktop\ICT\dc_motor\MXTmpFiles\gpio.tmp
2026-08-19 18:23:55,647 [INFO] CodeEngine:263 - oldGeneratedFile, C:\Users\lthst\Desktop\ICT\dc_motor\Core\Src\stm32f4xx_it.c_save
2026-08-19 18:23:56,408 [INFO] CodeEngine:287 - Generated code: C:\Users\lthst\Desktop\ICT\dc_motor\Core\Src\stm32f4xx_it.c
2026-08-19 18:23:56,485 [INFO] CodeEngine:263 - oldGeneratedFile, C:\Users\lthst\Desktop\ICT\dc_motor\Core\Inc\stm32f4xx_it.h_save
2026-08-19 18:23:56,762 [INFO] CodeEngine:287 - Generated code: C:\Users\lthst\Desktop\ICT\dc_motor\Core\Inc\stm32f4xx_it.h
2026-08-19 18:23:56,948 [INFO] CodeEngine:263 - oldGeneratedFile, C:\Users\lthst\Desktop\ICT\dc_motor\Core\Src\stm32f4xx_hal_msp.c_save
2026-08-19 18:23:57,751 [INFO] CodeEngine:287 - Generated code: C:\Users\lthst\Desktop\ICT\dc_motor\Core\Src\stm32f4xx_hal_msp.c
2026-08-19 18:23:57,806 [INFO] CodeEngine:263 - oldGeneratedFile, C:\Users\lthst\Desktop\ICT\dc_motor\MXTmpFiles\system.tmp_save
2026-08-19 18:23:58,033 [INFO] CodeEngine:287 - Generated code: C:\Users\lthst\Desktop\ICT\dc_motor\MXTmpFiles\system.tmp
2026-08-19 18:23:58,135 [INFO] CodeEngine:319 - oldGeneratedFile, C:\Users\lthst\Desktop\ICT\dc_motor\Core\Inc\stm32f4xx_hal_conf.h_save
2026-08-19 18:23:58,465 [INFO] CodeEngine:343 - Generated code: C:\Users\lthst\Desktop\ICT\dc_motor\Core\Inc\stm32f4xx_hal_conf.h
2026-08-19 18:23:58,683 [INFO] ApiDbMcu:508 - Load IP Config File for TIM3
2026-08-19 18:23:58,701 [INFO] ApiDbMcu:508 - Load IP Config File for USART3
2026-08-19 18:23:58,725 [INFO] ApiDbMcu:508 - Load IP Config File for RCC
2026-08-19 18:23:58,732 [WARN] IPConfigManager:3747 - IP not found : TIM
2026-08-19 18:23:58,745 [WARN] CodeGenerator:4198 - IP not found : null
2026-08-19 18:23:58,863 [INFO] CodeEngine:263 - oldGeneratedFile, C:\Users\lthst\Desktop\ICT\dc_motor\Core\Inc\main.h_save
2026-08-19 18:23:59,286 [INFO] CodeEngine:287 - Generated code: C:\Users\lthst\Desktop\ICT\dc_motor\Core\Inc\main.h
2026-08-19 18:23:59,387 [INFO] CodeEngine:263 - oldGeneratedFile, C:\Users\lthst\Desktop\ICT\dc_motor\Core\Src\main.c_save
2026-08-19 18:24:00,724 [INFO] CodeEngine:287 - Generated code: C:\Users\lthst\Desktop\ICT\dc_motor\Core\Src\main.c
2026-08-19 18:24:03,311 [INFO] ProjectBuilder:3324 - Time for Copy HAL[1] : 1694mS.
2026-08-19 18:24:03,357 [INFO] ProjectBuilder:4912 - Project Generator version: 4.6.0-B36
2026-08-19 18:24:03,845 [INFO] ConfigFileManager:1590 - The Die is : DIE419
2026-08-19 18:24:03,907 [INFO] ApiDbMcu:508 - Load IP Config File for FATFS
2026-08-19 18:24:03,936 [INFO] ApiDbMcu:508 - Load IP Config File for FREERTOS
2026-08-19 18:24:03,962 [INFO] ApiDbMcu:508 - Load IP Config File for LIBJPEG
2026-08-19 18:24:04,032 [INFO] ApiDbMcu:508 - Load IP Config File for LWIP
2026-08-19 18:24:04,085 [INFO] ApiDbMcu:508 - Load IP Config File for MBEDTLS
2026-08-19 18:24:04,129 [INFO] ApiDbMcu:508 - Load IP Config File for USB_DEVICE
2026-08-19 18:24:04,178 [INFO] ApiDbMcu:508 - Load IP Config File for USB_HOST
2026-08-19 18:24:06,150 [INFO] LogOutputStream:77 - [STDOUT_REDIRECT] 
2026-08-19 18:24:10,668 [INFO] ProjectBuilder:5191 - Time for Generating toolchain IDE Files: 7310mS.
2026-08-19 18:24:10,670 [INFO] ProjectBuilder:3181 - Time for Copy CMSIS : 2mS.
2026-08-19 18:24:10,678 [INFO] ProjectBuilder:3181 - Time for Copy CMSIS : 1mS.
2026-08-19 18:32:34,717 [INFO] NvicIntPanel:101 - NVIC parent = com.st.microxplorer.plugins.ip.nvic.MultiNvicIntPanel[,0,0,0x0,invalid,layout=javax.swing.BoxLayout,alignmentX=0.0,alignmentY=0.0,border=,flags=9,maximumSize=,minimumSize=,preferredSize=]
2026-08-19 18:32:37,768 [INFO] NvicIntPanel:101 - NVIC parent = com.st.microxplorer.plugins.ip.nvic.MultiNvicIntPanel[,0,0,0x0,invalid,layout=javax.swing.BoxLayout,alignmentX=0.0,alignmentY=0.0,border=,flags=9,maximumSize=,minimumSize=,preferredSize=]
2026-08-19 18:33:15,016 [INFO] NvicIntPanel:101 - NVIC parent = com.st.microxplorer.plugins.ip.nvic.MultiNvicIntPanel[,0,0,0x0,invalid,layout=javax.swing.BoxLayout,alignmentX=0.0,alignmentY=0.0,border=,flags=9,maximumSize=,minimumSize=,preferredSize=]
2026-08-19 18:33:56,076 [INFO] NvicIntPanel:101 - NVIC parent = com.st.microxplorer.plugins.ip.nvic.MultiNvicIntPanel[,0,0,0x0,invalid,layout=javax.swing.BoxLayout,alignmentX=0.0,alignmentY=0.0,border=,flags=9,maximumSize=,minimumSize=,preferredSize=]
2026-08-19 18:34:07,473 [INFO] UtilMem:75 - End SaveConfig() Used Memory: 754383376 Bytes (1073741824)
2026-08-19 18:34:09,090 [INFO] UtilMem:75 - End SaveConfig() Used Memory: 822493656 Bytes (1073741824)
2026-08-19 18:34:10,840 [INFO] BlockDiagram:2775 - set Specific Code input for plugin: TIM1_8
2026-08-19 18:34:10,840 [INFO] BlockDiagram:2775 - set Specific Code input for plugin: TIM1_8
2026-08-19 18:34:10,841 [INFO] BlockDiagram:2775 - set Specific Code input for plugin: SYS
2026-08-19 18:34:10,841 [INFO] BlockDiagram:2775 - set Specific Code input for plugin: RCC
2026-08-19 18:34:10,841 [INFO] BlockDiagram:2775 - set Specific Code input for plugin: NVIC
2026-08-19 18:34:10,841 [INFO] BlockDiagram:2775 - set Specific Code input for plugin: USART
2026-08-19 18:34:10,843 [INFO] BlockDiagram:2775 - set Specific Code input for plugin: GPIO
2026-08-19 18:34:10,846 [INFO] CodeGenerator:882 - code generatio: config db path: C:\ST\STM32CubeIDE_1.18.0\STM32CubeIDE\plugins\com.st.stm32cube.common.mx_6.14.0.202502271554\\db\
2026-08-19 18:34:11,236 [INFO] CodeEngine:263 - oldGeneratedFile, C:\Users\lthst\Desktop\ICT\dc_motor\MXTmpFiles\license.tmp_save
2026-08-19 18:34:11,797 [INFO] CodeEngine:287 - Generated code: C:\Users\lthst\Desktop\ICT\dc_motor\MXTmpFiles\license.tmp
2026-08-19 18:34:11,883 [INFO] CodeEngine:263 - oldGeneratedFile, C:\Users\lthst\Desktop\ICT\dc_motor\MXTmpFiles\gpio.tmp_save
2026-08-19 18:34:12,923 [INFO] CodeEngine:287 - Generated code: C:\Users\lthst\Desktop\ICT\dc_motor\MXTmpFiles\gpio.tmp
2026-08-19 18:34:14,167 [INFO] CodeEngine:263 - oldGeneratedFile, C:\Users\lthst\Desktop\ICT\dc_motor\Core\Src\stm32f4xx_it.c_save
2026-08-19 18:34:16,958 [INFO] CodeEngine:287 - Generated code: C:\Users\lthst\Desktop\ICT\dc_motor\Core\Src\stm32f4xx_it.c
2026-08-19 18:34:17,026 [INFO] CodeEngine:263 - oldGeneratedFile, C:\Users\lthst\Desktop\ICT\dc_motor\Core\Inc\stm32f4xx_it.h_save
2026-08-19 18:34:17,320 [INFO] CodeEngine:287 - Generated code: C:\Users\lthst\Desktop\ICT\dc_motor\Core\Inc\stm32f4xx_it.h
2026-08-19 18:34:17,545 [INFO] CodeEngine:263 - oldGeneratedFile, C:\Users\lthst\Desktop\ICT\dc_motor\Core\Src\stm32f4xx_hal_msp.c_save
2026-08-19 18:34:18,419 [INFO] CodeEngine:287 - Generated code: C:\Users\lthst\Desktop\ICT\dc_motor\Core\Src\stm32f4xx_hal_msp.c
2026-08-19 18:34:18,506 [INFO] CodeEngine:263 - oldGeneratedFile, C:\Users\lthst\Desktop\ICT\dc_motor\MXTmpFiles\system.tmp_save
2026-08-19 18:34:18,742 [INFO] CodeEngine:287 - Generated code: C:\Users\lthst\Desktop\ICT\dc_motor\MXTmpFiles\system.tmp
2026-08-19 18:34:18,843 [INFO] CodeEngine:319 - oldGeneratedFile, C:\Users\lthst\Desktop\ICT\dc_motor\Core\Inc\stm32f4xx_hal_conf.h_save
2026-08-19 18:34:19,322 [INFO] CodeEngine:343 - Generated code: C:\Users\lthst\Desktop\ICT\dc_motor\Core\Inc\stm32f4xx_hal_conf.h
2026-08-19 18:34:19,625 [INFO] ApiDbMcu:508 - Load IP Config File for TIM4
2026-08-19 18:34:19,635 [WARN] IPConfigManager:3747 - IP not found : TIM
2026-08-19 18:34:19,638 [WARN] CodeGenerator:4198 - IP not found : null
2026-08-19 18:34:19,790 [INFO] CodeEngine:263 - oldGeneratedFile, C:\Users\lthst\Desktop\ICT\dc_motor\Core\Inc\main.h_save
2026-08-19 18:34:20,382 [INFO] CodeEngine:287 - Generated code: C:\Users\lthst\Desktop\ICT\dc_motor\Core\Inc\main.h
2026-08-19 18:34:20,457 [INFO] CodeEngine:263 - oldGeneratedFile, C:\Users\lthst\Desktop\ICT\dc_motor\Core\Src\main.c_save
2026-08-19 18:34:21,528 [INFO] CodeEngine:287 - Generated code: C:\Users\lthst\Desktop\ICT\dc_motor\Core\Src\main.c
2026-08-19 18:34:23,763 [INFO] ProjectBuilder:3324 - Time for Copy HAL[1] : 1051mS.
2026-08-19 18:34:23,777 [INFO] ProjectBuilder:4912 - Project Generator version: 4.6.0-B36
2026-08-19 18:34:24,128 [INFO] ConfigFileManager:1590 - The Die is : DIE419
2026-08-19 18:34:32,975 [INFO] ProjectBuilder:5191 - Time for Generating toolchain IDE Files: 9198mS.
2026-08-19 18:34:32,994 [INFO] ProjectBuilder:3181 - Time for Copy CMSIS : 17mS.
2026-08-19 18:34:33,030 [INFO] ProjectBuilder:3181 - Time for Copy CMSIS : 0mS.
2026-08-19 22:16:21,279 [INFO] Activator:176 - 


2026-08-19 22:16:21,282 [INFO] Activator:177 - !SESSION log4j initialized
2026-08-19 22:16:37,972 [INFO] LogOutputStream:77 - [STDOUT_REDIRECT] 
2026-08-19 22:16:43,991 [ERROR] ConfigurationRetriever:142 - IOException on connection: Read timed out
2026-08-19 22:16:46,298 [INFO] ApplicationProperties:184 - Using Application install path: C:\ST\STM32CubeIDE_1.18.0\STM32CubeIDE\plugins\com.st.stm32cube.common.mx_6.14.0.202502271554
2026-08-19 22:16:46,336 [INFO] DbMcusXml:78 - Set database path to: C:\ST\STM32CubeIDE_1.18.0\STM32CubeIDE\plugins\com.st.stm32cube.common.mx_6.14.0.202502271554\\db\/mcu/
2026-08-19 22:16:46,337 [INFO] ApiDb:274 - Set plugin database path to: C:\ST\STM32CubeIDE_1.18.0\STM32CubeIDE\plugins\com.st.stm32cube.common.mx_6.14.0.202502271554\\db\/plugins/boardmanager/
2026-08-19 22:16:46,337 [WARN] ApiDb:259 - Overriding images path with different value:  => C:\ST\STM32CubeIDE_1.18.0\STM32CubeIDE\plugins\com.st.stm32cube.common.mx_6.14.0.202502271554\\db\/plugins/mcufinder/images/
2026-08-19 22:16:46,352 [INFO] ApiDb:250 - Set database path to: C:\Users\lthst\.stmcufinder\plugins\mcufinder//mcu/
2026-08-19 22:16:46,354 [INFO] DbMcusAds:125 - Set database path to: C:\Users\lthst\.stmcufinder\plugins\mcufinder//mcu/
2026-08-19 22:16:46,359 [INFO] CrossReferenceDbSqlite:203 - Set database path to: C:\Users\lthst\.stmcufinder\plugins\mcufinder//mcu/cs/
2026-08-19 22:16:46,619 [INFO] RulesReader:64 - Compatibility file has been processed (301 Rules)
2026-08-19 22:16:46,788 [INFO] DbMcusXml:78 - Set database path to: C:\ST\STM32CubeIDE_1.18.0\STM32CubeIDE\plugins\com.st.stm32cube.common.mx_6.14.0.202502271554\\db\/mcu/
2026-08-19 22:16:46,789 [INFO] ApiDb:274 - Set plugin database path to: C:\ST\STM32CubeIDE_1.18.0\STM32CubeIDE\plugins\com.st.stm32cube.common.mx_6.14.0.202502271554\\db\/plugins/boardmanager/
2026-08-19 22:16:46,789 [INFO] ApiDb:261 - Set plugin images path to: C:\ST\STM32CubeIDE_1.18.0\STM32CubeIDE\plugins\com.st.stm32cube.common.mx_6.14.0.202502271554\\db\/plugins/mcufinder/images/
2026-08-19 22:16:46,789 [WARN] DbFile:41 - Overriding database path with different value: C:\Users\lthst\.stmcufinder\plugins\mcufinder/ => C:\Users\lthst\.stmcufinder\plugins\mcufinder
2026-08-19 22:16:46,790 [INFO] ApiDb:250 - Set database path to: C:\Users\lthst\.stmcufinder\plugins\mcufinder//mcu/
2026-08-19 22:16:46,790 [WARN] DbFile:41 - Overriding database path with different value: C:\Users\lthst\.stmcufinder\plugins\mcufinder/ => C:\Users\lthst\.stmcufinder\plugins\mcufinder
2026-08-19 22:16:46,790 [INFO] DbMcusAds:125 - Set database path to: C:\Users\lthst\.stmcufinder\plugins\mcufinder//mcu/
2026-08-19 22:16:46,790 [WARN] DbFile:41 - Overriding database path with different value: C:\Users\lthst\.stmcufinder\plugins\mcufinder/ => C:\Users\lthst\.stmcufinder\plugins\mcufinder
2026-08-19 22:16:46,790 [WARN] DbFile:41 - Overriding database path with different value: C:\Users\lthst\.stmcufinder\plugins\mcufinder/ => C:\Users\lthst\.stmcufinder\plugins\mcufinder
2026-08-19 22:16:46,791 [INFO] CrossReferenceDbSqlite:203 - Set database path to: C:\Users\lthst\.stmcufinder\plugins\mcufinder//mcu/cs/
2026-08-19 22:16:46,975 [INFO] MainPanel:272 - HeapMemory: 268435456
2026-08-19 22:16:47,196 [INFO] DbMcusXml:78 - Set database path to: C:\ST\STM32CubeIDE_1.18.0\STM32CubeIDE\plugins\com.st.stm32cube.common.mx_6.14.0.202502271554\\db\/mcu/
2026-08-19 22:16:47,196 [INFO] ApiDb:274 - Set plugin database path to: C:\ST\STM32CubeIDE_1.18.0\STM32CubeIDE\plugins\com.st.stm32cube.common.mx_6.14.0.202502271554\\db\/plugins/boardmanager/
2026-08-19 22:16:47,197 [INFO] ApiDb:261 - Set plugin images path to: C:\ST\STM32CubeIDE_1.18.0\STM32CubeIDE\plugins\com.st.stm32cube.common.mx_6.14.0.202502271554\\db\/plugins/mcufinder/images/
2026-08-19 22:16:47,197 [WARN] DbFile:41 - Overriding database path with different value: C:\Users\lthst\.stmcufinder\plugins\mcufinder/ => C:\Users\lthst\.stmcufinder\plugins\mcufinder
2026-08-19 22:16:47,197 [INFO] ApiDb:250 - Set database path to: C:\Users\lthst\.stmcufinder\plugins\mcufinder//mcu/
2026-08-19 22:16:47,198 [WARN] DbFile:41 - Overriding database path with different value: C:\Users\lthst\.stmcufinder\plugins\mcufinder/ => C:\Users\lthst\.stmcufinder\plugins\mcufinder
2026-08-19 22:16:47,198 [INFO] DbMcusAds:125 - Set database path to: C:\Users\lthst\.stmcufinder\plugins\mcufinder//mcu/
2026-08-19 22:16:47,198 [WARN] DbFile:41 - Overriding database path with different value: C:\Users\lthst\.stmcufinder\plugins\mcufinder/ => C:\Users\lthst\.stmcufinder\plugins\mcufinder
2026-08-19 22:16:47,198 [WARN] DbFile:41 - Overriding database path with different value: C:\Users\lthst\.stmcufinder\plugins\mcufinder/ => C:\Users\lthst\.stmcufinder\plugins\mcufinder
2026-08-19 22:16:47,199 [INFO] CrossReferenceDbSqlite:203 - Set database path to: C:\Users\lthst\.stmcufinder\plugins\mcufinder//mcu/cs/
2026-08-19 22:16:47,232 [INFO] ApplicationProperties:184 - Using Application install path: C:\ST\STM32CubeIDE_1.18.0\STM32CubeIDE\plugins\com.st.stm32cube.common.mx_6.14.0.202502271554
2026-08-19 22:16:47,234 [INFO] PluginManage:196 - Search for loadable plugins [exclusion list=, ]
2026-08-19 22:16:47,237 [INFO] PluginManage:310 - Check plugin analytics
2026-08-19 22:16:47,663 [INFO] AnalyticsPlugin:253 - Accepted Software Licenses: 
2026-08-19 22:16:47,665 [INFO] AnalyticsPlugin:255 - Accepted CMSIS Pack Licenses: 
2026-08-19 22:16:47,667 [INFO] AnalyticsPlugin:257 - Accepted Firmware Licenses: FW.F4.1.28.0
2026-08-19 22:16:47,678 [INFO] PluginManage:359 - Loaded plugin analytics (category:tool,tabindex:-1)
2026-08-19 22:16:47,679 [INFO] PluginManage:310 - Check plugin cadmodel
2026-08-19 22:16:47,722 [INFO] CADModel:105 - Init CAD model plugin
2026-08-19 22:16:47,722 [INFO] PluginManage:359 - Loaded plugin cadmodel (category:power,tabindex:5)
2026-08-19 22:16:47,722 [INFO] PluginManage:310 - Check plugin clock
2026-08-19 22:16:47,769 [INFO] PluginManage:359 - Loaded plugin clock (category:base,tabindex:2)
2026-08-19 22:16:47,769 [INFO] PluginManage:310 - Check plugin ddr
2026-08-19 22:16:47,773 [INFO] PluginManage:359 - Loaded plugin ddr (category:tool,tabindex:6)
2026-08-19 22:16:47,774 [INFO] PluginManage:310 - Check plugin filemanager
2026-08-19 22:16:48,043 [INFO] PluginManage:359 - Loaded plugin filemanager (category:base,tabindex:10)
2026-08-19 22:16:48,044 [INFO] PluginManage:310 - Check plugin ipmanager
2026-08-19 22:16:48,057 [INFO] PluginManage:359 - Loaded plugin ipmanager (category:base,tabindex:5)
2026-08-19 22:16:48,057 [INFO] PluginManage:310 - Check plugin lpbam
2026-08-19 22:16:48,100 [INFO] PluginManage:359 - Loaded plugin lpbam (category:base,tabindex:0)
2026-08-19 22:16:48,101 [INFO] PluginManage:310 - Check plugin memorymap
2026-08-19 22:16:48,159 [INFO] PluginManage:359 - Loaded plugin memorymap (category:base,tabindex:4)
2026-08-19 22:16:48,159 [INFO] PluginManage:310 - Check plugin pinoutandconfiguration
2026-08-19 22:16:48,206 [INFO] PluginManage:359 - Loaded plugin pinoutandconfiguration (category:base,tabindex:1)
2026-08-19 22:16:48,206 [INFO] PluginManage:310 - Check plugin pinoutconfig
2026-08-19 22:16:48,399 [WARN] SupportedApi:132 - Cannot load RTOS API schema: s4s-elt-must-match.1: The content of 'definitions' must match (annotation?, (simpleType | complexType)?, (unique | key | keyref)*)). A problem was found starting at: attribute.
2026-08-19 22:16:48,827 [INFO] PluginManage:359 - Loaded plugin pinoutconfig (category:base,tabindex:0)
2026-08-19 22:16:48,827 [INFO] PluginManage:310 - Check plugin power
2026-08-19 22:16:48,925 [INFO] PluginManage:359 - Loaded plugin power (category:power,tabindex:4)
2026-08-19 22:16:48,925 [INFO] PluginManage:310 - Check plugin projectmanager
2026-08-19 22:16:48,996 [INFO] PluginManage:359 - Loaded plugin projectmanager (category:projectmanager,tabindex:4)
2026-08-19 22:16:48,996 [INFO] PluginManage:310 - Check plugin rif
2026-08-19 22:16:49,086 [INFO] PluginManage:359 - Loaded plugin rif (category:base,tabindex:3)
2026-08-19 22:16:49,086 [INFO] PluginManage:310 - Check plugin thirdparty
2026-08-19 22:16:50,361 [INFO] PluginManage:359 - Loaded plugin thirdparty (category:base,tabindex:-1)
2026-08-19 22:16:50,362 [WARN] IntegrityCheckThread:84 - waiting for thirdparty lock release [integrity check]
2026-08-19 22:16:50,362 [INFO] PluginManage:310 - Check plugin tools
2026-08-19 22:16:50,362 [INFO] IntegrityCheckThread:86 - entering critical section [integrity check]
2026-08-19 22:16:50,363 [INFO] ThirdPartyUpdaterWithRetryManager:70 - Updater plugin not ready yet. [1/15]
2026-08-19 22:16:50,530 [INFO] PluginManage:359 - Loaded plugin tools (category:base,tabindex:7)
2026-08-19 22:16:50,530 [INFO] PluginManage:310 - Check plugin tutovideos
2026-08-19 22:16:51,165 [INFO] PluginManage:359 - Loaded plugin tutovideos (category:base,tabindex:-1)
2026-08-19 22:16:51,167 [INFO] PluginManage:310 - Check plugin updater
2026-08-19 22:16:51,275 [INFO] PluginManage:359 - Loaded plugin updater (category:base,tabindex:12)
2026-08-19 22:16:51,275 [INFO] PluginManage:310 - Check plugin userauth
2026-08-19 22:16:51,300 [INFO] UserAuth:118 - Init User Auth plugin
2026-08-19 22:16:51,301 [INFO] PluginManage:359 - Loaded plugin userauth (category:base,tabindex:14)
2026-08-19 22:16:51,302 [INFO] PluginManage:283 - PluginManage : Loaded plugins [18]
2026-08-19 22:16:51,956 [INFO] PinOutPanel:1589 - setPackage(No Configuration,No Configuration)
2026-08-19 22:16:52,205 [INFO] CADModel:165 - CPN selected for project level
2026-08-19 22:16:52,206 [INFO] CADModel:114 - Register for checkConnection events
2026-08-19 22:16:52,287 [INFO] IPUIPlugin:80 - create IPUIPlugin
2026-08-19 22:16:52,287 [INFO] PluginManager:220 - loadIPPluginJar : add adc
2026-08-19 22:16:52,446 [INFO] IPUIPlugin:80 - create IPUIPlugin
2026-08-19 22:16:52,447 [INFO] PluginManager:220 - loadIPPluginJar : add aes
2026-08-19 22:16:52,639 [INFO] IPUIPlugin:80 - create IPUIPlugin
2026-08-19 22:16:52,639 [INFO] PluginManager:220 - loadIPPluginJar : add can
2026-08-19 22:16:52,720 [INFO] IPUIPlugin:80 - create IPUIPlugin
2026-08-19 22:16:52,721 [INFO] PluginManager:220 - loadIPPluginJar : add comp
2026-08-19 22:16:52,870 [INFO] IPUIPlugin:80 - create IPUIPlugin
2026-08-19 22:16:52,870 [INFO] PluginManager:220 - loadIPPluginJar : add cryp
2026-08-19 22:16:52,905 [INFO] IPUIPlugin:80 - create IPUIPlugin
2026-08-19 22:16:52,906 [INFO] PluginManager:220 - loadIPPluginJar : add ddr_ctrl_phy
2026-08-19 22:16:53,025 [INFO] IPUIPlugin:80 - create IPUIPlugin
2026-08-19 22:16:53,025 [INFO] PluginManager:220 - loadIPPluginJar : add dfsdm
2026-08-19 22:16:53,082 [INFO] IPUIPlugin:80 - create IPUIPlugin
2026-08-19 22:16:53,083 [INFO] PluginManager:220 - loadIPPluginJar : add dma
2026-08-19 22:16:53,257 [INFO] IPUIPlugin:80 - create IPUIPlugin
2026-08-19 22:16:53,258 [INFO] PluginManager:220 - loadIPPluginJar : add dma3
2026-08-19 22:16:53,366 [INFO] ThirdPartyUpdaterWithRetryManager:70 - Updater plugin not ready yet. [2/15]
2026-08-19 22:16:53,485 [INFO] IPUIPlugin:80 - create IPUIPlugin
2026-08-19 22:16:53,485 [INFO] PluginManager:220 - loadIPPluginJar : add extmemmanager
2026-08-19 22:16:53,586 [INFO] IPUIPlugin:80 - create IPUIPlugin
2026-08-19 22:16:53,587 [INFO] PluginManager:220 - loadIPPluginJar : add fatfs
2026-08-19 22:16:53,809 [INFO] IPUIPlugin:80 - create IPUIPlugin
2026-08-19 22:16:53,809 [INFO] PluginManager:220 - loadIPPluginJar : add fmc
2026-08-19 22:16:53,859 [INFO] IPUIPlugin:80 - create IPUIPlugin
2026-08-19 22:16:53,860 [INFO] PluginManager:220 - loadIPPluginJar : add freertos
2026-08-19 22:16:53,951 [INFO] IPUIPlugin:80 - create IPUIPlugin
2026-08-19 22:16:53,952 [INFO] PluginManager:220 - loadIPPluginJar : add genericplugin
2026-08-19 22:16:54,317 [INFO] IPUIPlugin:80 - create IPUIPlugin
2026-08-19 22:16:54,318 [INFO] PluginManager:220 - loadIPPluginJar : add gfxmmu
2026-08-19 22:16:54,919 [INFO] IPUIPlugin:80 - create IPUIPlugin
2026-08-19 22:16:54,919 [INFO] PluginManager:220 - loadIPPluginJar : add gic
2026-08-19 22:16:54,957 [INFO] IPUIPlugin:80 - create IPUIPlugin
2026-08-19 22:16:54,957 [INFO] PluginManager:220 - loadIPPluginJar : add gpio
2026-08-19 22:16:55,423 [INFO] IPUIPlugin:80 - create IPUIPlugin
2026-08-19 22:16:55,423 [INFO] PluginManager:220 - loadIPPluginJar : add gtzc
2026-08-19 22:16:55,536 [INFO] IPUIPlugin:80 - create IPUIPlugin
2026-08-19 22:16:55,537 [INFO] PluginManager:220 - loadIPPluginJar : add hash
2026-08-19 22:16:55,767 [INFO] IPUIPlugin:80 - create IPUIPlugin
2026-08-19 22:16:55,767 [INFO] PluginManager:220 - loadIPPluginJar : add i2c
2026-08-19 22:16:55,928 [INFO] IPUIPlugin:80 - create IPUIPlugin
2026-08-19 22:16:55,929 [INFO] PluginManager:220 - loadIPPluginJar : add i2s
2026-08-19 22:16:56,121 [INFO] IPUIPlugin:80 - create IPUIPlugin
2026-08-19 22:16:56,121 [INFO] PluginManager:220 - loadIPPluginJar : add i3c
2026-08-19 22:16:56,374 [INFO] ThirdPartyUpdaterWithRetryManager:70 - Updater plugin not ready yet. [3/15]
2026-08-19 22:16:56,554 [INFO] IPUIPlugin:80 - create IPUIPlugin
2026-08-19 22:16:56,555 [INFO] PluginManager:220 - loadIPPluginJar : add ipddr
2026-08-19 22:16:56,944 [INFO] IPUIPlugin:80 - create IPUIPlugin
2026-08-19 22:16:56,944 [INFO] PluginManager:220 - loadIPPluginJar : add linkedlist
2026-08-19 22:16:57,119 [INFO] IPUIPlugin:80 - create IPUIPlugin
2026-08-19 22:16:57,120 [INFO] PluginManager:220 - loadIPPluginJar : add lorawan
2026-08-19 22:16:57,294 [INFO] IPUIPlugin:80 - create IPUIPlugin
2026-08-19 22:16:57,295 [INFO] PluginManager:220 - loadIPPluginJar : add ltdc
2026-08-19 22:16:57,346 [INFO] IPUIPlugin:80 - create IPUIPlugin
2026-08-19 22:16:57,347 [INFO] PluginManager:220 - loadIPPluginJar : add mdma
2026-08-19 22:16:57,403 [INFO] IPUIPlugin:80 - create IPUIPlugin
2026-08-19 22:16:57,404 [INFO] PluginManager:220 - loadIPPluginJar : add nvic
2026-08-19 22:16:57,556 [INFO] IPUIPlugin:80 - create IPUIPlugin
2026-08-19 22:16:57,556 [INFO] PluginManager:220 - loadIPPluginJar : add opamp
2026-08-19 22:16:57,806 [INFO] IPUIPlugin:80 - create IPUIPlugin
2026-08-19 22:16:57,806 [INFO] PluginManager:220 - loadIPPluginJar : add openamp
2026-08-19 22:16:58,001 [INFO] IPUIPlugin:80 - create IPUIPlugin
2026-08-19 22:16:58,001 [INFO] PluginManager:220 - loadIPPluginJar : add pdm2pcm
2026-08-19 22:16:58,050 [INFO] IPUIPlugin:80 - create IPUIPlugin
2026-08-19 22:16:58,056 [INFO] PluginManager:220 - loadIPPluginJar : add plateformsettings
2026-08-19 22:16:58,136 [INFO] IPUIPlugin:80 - create IPUIPlugin
2026-08-19 22:16:58,136 [INFO] PluginManager:220 - loadIPPluginJar : add quadspi
2026-08-19 22:16:58,270 [INFO] IPUIPlugin:80 - create IPUIPlugin
2026-08-19 22:16:58,272 [INFO] PluginManager:220 - loadIPPluginJar : add radio
2026-08-19 22:16:58,304 [INFO] IPUIPlugin:80 - create IPUIPlugin
2026-08-19 22:16:58,305 [INFO] PluginManager:220 - loadIPPluginJar : add resmgrutility
2026-08-19 22:16:58,532 [INFO] IPUIPlugin:80 - create IPUIPlugin
2026-08-19 22:16:58,533 [INFO] PluginManager:220 - loadIPPluginJar : add sai
2026-08-19 22:16:58,718 [INFO] IPUIPlugin:80 - create IPUIPlugin
2026-08-19 22:16:58,719 [INFO] PluginManager:220 - loadIPPluginJar : add spi
2026-08-19 22:16:59,105 [INFO] IPUIPlugin:80 - create IPUIPlugin
2026-08-19 22:16:59,105 [INFO] PluginManager:220 - loadIPPluginJar : add stm32_wpan
2026-08-19 22:16:59,211 [INFO] IPUIPlugin:80 - create IPUIPlugin
2026-08-19 22:16:59,211 [INFO] PluginManager:220 - loadIPPluginJar : add tim
2026-08-19 22:16:59,376 [INFO] ThirdPartyUpdaterWithRetryManager:70 - Updater plugin not ready yet. [4/15]
2026-08-19 22:16:59,478 [INFO] IPUIPlugin:80 - create IPUIPlugin
2026-08-19 22:16:59,479 [INFO] PluginManager:220 - loadIPPluginJar : add touchsensing
2026-08-19 22:16:59,601 [INFO] IPUIPlugin:80 - create IPUIPlugin
2026-08-19 22:16:59,601 [INFO] PluginManager:220 - loadIPPluginJar : add tracer_emb
2026-08-19 22:16:59,707 [INFO] IPUIPlugin:80 - create IPUIPlugin
2026-08-19 22:16:59,707 [INFO] PluginManager:220 - loadIPPluginJar : add ts
2026-08-19 22:16:59,802 [INFO] IPUIPlugin:80 - create IPUIPlugin
2026-08-19 22:16:59,802 [INFO] PluginManager:220 - loadIPPluginJar : add tsc
2026-08-19 22:16:59,897 [INFO] IPUIPlugin:80 - create IPUIPlugin
2026-08-19 22:16:59,897 [INFO] PluginManager:220 - loadIPPluginJar : add ucpd
2026-08-19 22:17:00,102 [INFO] IPUIPlugin:80 - create IPUIPlugin
2026-08-19 22:17:00,103 [INFO] PluginManager:220 - loadIPPluginJar : add usart
2026-08-19 22:17:00,289 [INFO] IPUIPlugin:80 - create IPUIPlugin
2026-08-19 22:17:00,289 [INFO] PluginManager:220 - loadIPPluginJar : add usbx
2026-08-19 22:17:00,534 [FATAL] Updater:351 - Updater called before beeing initialized
2026-08-19 22:17:00,631 [INFO] RulesReader:64 - Compatibility file has been processed (301 Rules)
2026-08-19 22:17:00,666 [INFO] RulesReader:64 - Compatibility file has been processed (301 Rules)
2026-08-19 22:17:00,688 [INFO] CADModel:165 - CPN selected for project level
2026-08-19 22:17:00,688 [INFO] CADModel:114 - Register for checkConnection events
2026-08-19 22:17:00,689 [FATAL] Updater:351 - Updater called before beeing initialized
2026-08-19 22:17:00,689 [ERROR] CADModel:125 - Updater not yet initialized, retry later 
2026-08-19 22:17:01,109 [FATAL] Updater:351 - Updater called before beeing initialized
2026-08-19 22:17:01,114 [INFO] CADModel:165 - CPN selected for project level
2026-08-19 22:17:01,115 [INFO] CADModel:114 - Register for checkConnection events
2026-08-19 22:17:01,115 [FATAL] Updater:351 - Updater called before beeing initialized
2026-08-19 22:17:01,115 [ERROR] CADModel:125 - Updater not yet initialized, retry later 
2026-08-19 22:17:01,155 [FATAL] Updater:351 - Updater called before beeing initialized
2026-08-19 22:17:01,714 [FATAL] Updater:351 - Updater called before beeing initialized
2026-08-19 22:17:01,824 [INFO] DbMcusAds:53 - JSON generation date=Wed Jul 15 18:44:54 KST 2026 (1784108694001)
2026-08-19 22:17:01,825 [FATAL] Updater:351 - Updater called before beeing initialized
2026-08-19 22:17:02,093 [WARN] DetailPanel:346 - Failed to get advertising image, set to default
2026-08-19 22:17:02,384 [INFO] ThirdPartyUpdaterWithRetryManager:70 - Updater plugin not ready yet. [5/15]
2026-08-19 22:17:03,161 [FATAL] Updater:351 - Updater called before beeing initialized
2026-08-19 22:17:03,164 [FATAL] Updater:351 - Updater called before beeing initialized
2026-08-19 22:17:03,164 [FATAL] Updater:351 - Updater called before beeing initialized
2026-08-19 22:17:03,164 [WARN] DetailPanel:346 - Failed to get advertising image, set to default
2026-08-19 22:17:03,165 [FATAL] Updater:351 - Updater called before beeing initialized
2026-08-19 22:17:03,345 [ERROR] Updater:1198 - MainUpdater not yet initialized. External WinMGr cannot be set.
2026-08-19 22:17:03,372 [INFO] Updater:1134 - Updater Version found : 6.14.0
2026-08-19 22:17:03,418 [INFO] ApplicationProperties:184 - Using Application install path: C:\ST\STM32CubeIDE_1.18.0\STM32CubeIDE\plugins\com.st.stm32cube.common.mx_6.14.0.202502271554
2026-08-19 22:17:04,629 [INFO] MainUpdater:2872 - connection check result : 10
2026-08-19 22:17:04,631 [INFO] MainUpdater:289 - Updater Check For Update Now.
2026-08-19 22:17:04,631 [INFO] MicroXplorer:498 - Change Database Version : DB.6.0.140
2026-08-19 22:17:04,765 [INFO] McuFinderGlobals:63 - Set McuFinder mode to 2 (CubeIDE integrated)
2026-08-19 22:17:04,866 [INFO] UserAuth:486 - Internet connection configuration mode: 1
2026-08-19 22:17:04,969 [INFO] JxBrowserEngine:152 - Initiate JxBrowser Engine with user profile folder
2026-08-19 22:17:05,317 [INFO] CheckServerUpdateThread:120 - End of CheckServer Thread
2026-08-19 22:17:07,011 [WARN] PackLoader:240 - Cannot read IP mode file for STMicroelectronics.X-CUBE-AZRTOS-H7.3.5.0
2026-08-19 22:17:07,080 [WARN] PackLoader:240 - Cannot read IP mode file for STMicroelectronics.FP-SNS-MOTENVWB1.1.4.0
2026-08-19 22:17:07,125 [WARN] PackLoader:240 - Cannot read IP mode file for STMicroelectronics.FP-ATR-ASTRA1.2.0.3
2026-08-19 22:17:07,168 [WARN] PackLoader:240 - Cannot read IP mode file for STMicroelectronics.FP-ATR-ASTRA1.2.0.2
2026-08-19 22:17:07,214 [ERROR] Engine:466 - C:\Users\lthst\.stm32cubemx\thirdparties\pdsc\STMicroelectronics.X-CUBE-SMBUS.2.1.1.pdsc: PDSC version is not supported
2026-08-19 22:17:07,257 [WARN] PackLoader:240 - Cannot read IP mode file for STMicroelectronics.X-CUBE-SMBUS.2.1.0
2026-08-19 22:17:07,315 [WARN] PackLoader:240 - Cannot read IP mode file for STMicroelectronics.X-CUBE-WB05N.1.1.0
2026-08-19 22:17:07,351 [WARN] PackLoader:240 - Cannot read IP mode file for STMicroelectronics.X-CUBE-ST60.1.0.0
2026-08-19 22:17:07,431 [WARN] PackLoader:240 - Cannot read IP mode file for STMicroelectronics.X-CUBE-AZRTOS-F7.1.1.0
2026-08-19 22:17:07,556 [ERROR] Engine:466 - C:\Users\lthst\.stm32cubemx\thirdparties\pdsc\STMicroelectronics.X-CUBE-FREERTOS.1.6.0.pdsc: PDSC version is not supported
2026-08-19 22:17:07,601 [ERROR] Engine:466 - C:\Users\lthst\.stm32cubemx\thirdparties\pdsc\STMicroelectronics.FP-SNS-MOTENV1.5.1.0.pdsc: PDSC version is not supported
2026-08-19 22:17:07,714 [WARN] PackLoader:240 - Cannot read IP mode file for STMicroelectronics.X-CUBE-AZRTOS-H7RS.1.3.0
2026-08-19 22:17:07,825 [WARN] PackLoader:240 - Cannot read IP mode file for Infineon.AIROC-Wi-Fi-Bluetooth-STM32.1.7.0
2026-08-19 22:17:07,927 [WARN] PackLoader:240 - Cannot read IP mode file for STMicroelectronics.X-CUBE-AZRTOS-H7.3.4.0
2026-08-19 22:17:08,000 [WARN] PackLoader:240 - Cannot read IP mode file for STMicroelectronics.X-CUBE-DISPLAY.3.0.0
2026-08-19 22:17:08,081 [WARN] PackLoader:240 - Cannot read IP mode file for STMicroelectronics.X-CUBE-GNSS1.7.1.1
2026-08-19 22:17:08,171 [ERROR] Engine:466 - C:\Users\lthst\.stm32cubemx\thirdparties\pdsc\STMicroelectronics.FP-SNS-MOTENVWB1.1.5.0.pdsc: PDSC version is not supported
2026-08-19 22:17:08,212 [WARN] PackLoader:240 - Cannot read IP mode file for STMicroelectronics.X-CUBE-NFC10.1.0.0
2026-08-19 22:17:08,337 [WARN] PackLoader:240 - Cannot read IP mode file for STMicroelectronics.X-CUBE-BLEMGR.4.0.0
2026-08-19 22:17:08,393 [WARN] PackLoader:240 - Cannot read IP mode file for STMicroelectronics.X-CUBE-ST60.1.1.0
2026-08-19 22:17:08,466 [WARN] PackLoader:240 - Cannot read IP mode file for emotas.I-CUBE-CANOPEN.1.3.0
2026-08-19 22:17:08,492 [ERROR] Engine:466 - C:\Users\lthst\.stm32cubemx\thirdparties\pdsc\STMicroelectronics.X-CUBE-WBA.1.1.0.pdsc: PDSC version is not supported
2026-08-19 22:17:08,576 [WARN] PackLoader:240 - Cannot read IP mode file for STMicroelectronics.X-CUBE-GNSS1.7.1.0
2026-08-19 22:17:08,611 [WARN] ConditionMgr:438 - getConditionDescription Invalid condition id : Cortex-A Device cause : null
2026-08-19 22:17:08,684 [WARN] ConditionMgr:1044 - genDependencies : Invalid condition id : Cortex-A Device cause : null
2026-08-19 22:17:08,684 [WARN] ConditionMgr:1044 - genDependencies : Invalid condition id : Cortex-A Device cause : null
2026-08-19 22:17:08,684 [WARN] ConditionMgr:1044 - genDependencies : Invalid condition id : Cortex-A Device cause : null
2026-08-19 22:17:08,842 [WARN] PackLoader:240 - Cannot read IP mode file for STMicroelectronics.X-CUBE-AI.10.0.0
2026-08-19 22:17:08,929 [ERROR] Engine:466 - C:\Users\lthst\.stm32cubemx\thirdparties\pdsc\STMicroelectronics.FP-SNS-STBOX1.2.1.0.pdsc: PDSC version is not supported
2026-08-19 22:17:08,959 [WARN] PackLoader:240 - Cannot read IP mode file for STMicroelectronics.FP-SNS-SMARTAG2.1.2.0
2026-08-19 22:17:09,000 [WARN] PackLoader:240 - Cannot read IP mode file for STMicroelectronics.FP-SNS-FLIGHT1.5.1.0
2026-08-19 22:17:09,356 [WARN] PackLoader:240 - Cannot read IP mode file for STMicroelectronics.X-CUBE-MEMS1.11.1.0
2026-08-19 22:17:09,868 [INFO] WebApp:169 - Instantiating new browser for Auth
2026-08-19 22:17:10,864 [INFO] LogOutputStream:77 - [STDOUT_REDIRECT] 1 : Invalid condition id : UX_CORESTACK_Condition cause : null
2026-08-19 22:17:10,866 [INFO] LogOutputStream:77 - [STDOUT_REDIRECT] 1 : Invalid condition id : UX_CORESTACK_Condition cause : null
2026-08-19 22:17:10,869 [INFO] LogOutputStream:77 - [STDOUT_REDIRECT] 1 : Invalid condition id : UX_CORESTACK_Condition cause : null
2026-08-19 22:17:10,871 [INFO] LogOutputStream:77 - [STDOUT_REDIRECT] 1 : Invalid condition id : UX_CORESTACK_Condition cause : null
2026-08-19 22:17:10,872 [INFO] LogOutputStream:77 - [STDOUT_REDIRECT] 1 : Invalid condition id : UX_CORESTACK_Condition cause : null
2026-08-19 22:17:10,881 [WARN] PackLoader:240 - Cannot read IP mode file for STMicroelectronics.X-CUBE-AZRTOS-WL.2.0.0
2026-08-19 22:17:10,933 [WARN] PackLoader:240 - Cannot read IP mode file for STMicroelectronics.FP-SNS-MOTENV1.5.0.0
2026-08-19 22:17:11,036 [WARN] PackLoader:240 - Cannot read IP mode file for STMicroelectronics.X-CUBE-AZRTOS-H7RS.1.2.0
2026-08-19 22:17:11,113 [WARN] PackLoader:240 - Cannot read IP mode file for WES.I-CUBE-Cesium.1.3.0
2026-08-19 22:17:11,145 [WARN] PackLoader:240 - Cannot read IP mode file for STMicroelectronics.X-CUBE-BLE2.3.3.0
2026-08-19 22:17:11,285 [WARN] PackLoader:240 - Cannot read IP mode file for STMicroelectronics.X-CUBE-NFC9.1.0.0
2026-08-19 22:17:11,325 [WARN] PackLoader:240 - Cannot read IP mode file for STMicroelectronics.X-CUBE-BLE1.7.1.0
2026-08-19 22:17:11,356 [WARN] PackLoader:240 - Cannot read IP mode file for wolfSSL.I-CUBE-wolfMQTT.1.19.2
2026-08-19 22:17:11,410 [ERROR] Engine:466 - C:\Users\lthst\.stm32cubemx\thirdparties\pdsc\STMicroelectronics.X-CUBE-FREERTOS.1.4.0.pdsc: PDSC version is not supported
2026-08-19 22:17:11,444 [WARN] PackLoader:240 - Cannot read IP mode file for STMicroelectronics.X-CUBE-EEPRMA1.5.2.0
2026-08-19 22:17:11,484 [ERROR] Engine:466 - C:\Users\lthst\.stm32cubemx\thirdparties\pdsc\STMicroelectronics.X-CUBE-ST67W61.1.1.0.pdsc: PDSC version is not supported
2026-08-19 22:17:11,512 [WARN] PackLoader:240 - Cannot read IP mode file for STMicroelectronics.X-CUBE-AI.10.1.0
2026-08-19 22:17:11,549 [ERROR] Engine:466 - C:\Users\lthst\.stm32cubemx\thirdparties\pdsc\STMicroelectronics.FP-SNS-STAIOTCFT.1.1.0.pdsc: PDSC version is not supported
2026-08-19 22:17:11,731 [WARN] PackLoader:240 - Cannot read IP mode file for STMicroelectronics.X-CUBE-MEMS1.12.0.0
2026-08-19 22:17:12,459 [INFO] WebApp:463 - Apply proxy settings
2026-08-19 22:17:12,459 [WARN] PackLoader:240 - Cannot read IP mode file for STMicroelectronics.X-CUBE-MEMS1.11.2.0
2026-08-19 22:17:12,460 [INFO] WebApp:548 - Chromium requires no authentication
2026-08-19 22:17:12,485 [INFO] WebApp:491 - Direct internet connection detected
2026-08-19 22:17:12,608 [INFO] WebApp:894 - Register for checkConnection events
2026-08-19 22:17:12,609 [INFO] WebApp:463 - Apply proxy settings
2026-08-19 22:17:12,609 [INFO] WebApp:548 - Chromium requires no authentication
2026-08-19 22:17:12,610 [INFO] WebApp:491 - Direct internet connection detected
2026-08-19 22:17:12,809 [WARN] PackLoader:240 - Cannot read IP mode file for STMicroelectronics.X-CUBE-AZRTOS-G0.1.1.0
2026-08-19 22:17:12,863 [WARN] PackLoader:240 - Cannot read IP mode file for STMicroelectronics.X-CUBE-SAFEA1.1.2.2
2026-08-19 22:17:12,897 [WARN] PackLoader:240 - Cannot read IP mode file for STMicroelectronics.X-CUBE-NFC4.3.0.0
2026-08-19 22:17:12,936 [WARN] PackLoader:240 - Cannot read IP mode file for EmbeddedOffice.I-CUBE-FS-RTOS.1.0.1
2026-08-19 22:17:12,978 [WARN] PackLoader:240 - Cannot read IP mode file for STMicroelectronics.X-CUBE-WB05N.2.0.0
2026-08-19 22:17:13,109 [WARN] PackLoader:240 - Cannot read IP mode file for wolfSSL.I-CUBE-wolfTPM.3.8.0
2026-08-19 22:17:13,142 [WARN] PackLoader:240 - Cannot read IP mode file for STMicroelectronics.X-CUBE-TCPP.4.2.0
2026-08-19 22:17:13,182 [WARN] PackLoader:240 - Cannot read IP mode file for RealThread.X-CUBE-RT-Thread_Nano.4.1.1
2026-08-19 22:17:13,214 [WARN] PackLoader:240 - Cannot read IP mode file for STMicroelectronics.FP-ATR-SIGFOX1.3.2.0
2026-08-19 22:17:13,256 [WARN] PackLoader:240 - Cannot read IP mode file for STMicroelectronics.X-CUBE-EEPRMA1.5.1.0
2026-08-19 22:17:13,286 [ERROR] Engine:466 - C:\Users\lthst\.stm32cubemx\thirdparties\pdsc\STMicroelectronics.X-CUBE-FREERTOS.1.5.0.pdsc: PDSC version is not supported
2026-08-19 22:17:13,349 [WARN] PackLoader:240 - Cannot read IP mode file for wolfSSL.I-CUBE-wolfSSL.5.7.6
2026-08-19 22:17:13,394 [WARN] PackLoader:240 - Cannot read IP mode file for ITTIA_DB.I-CUBE-ITTIADB.8.9.0
2026-08-19 22:17:13,435 [WARN] PackLoader:240 - Cannot read IP mode file for STMicroelectronics.X-CUBE-NFC6.3.2.0
2026-08-19 22:17:13,451 [INFO] WebApp:225 - Starting web application
2026-08-19 22:17:13,452 [INFO] WebApp:593 - Web application path used C:\ST\STM32CubeIDE_1.18.0\STM32CubeIDE\plugins\com.st.stm32cube.common.mx_6.14.0.202502271554\db\plugins\mcufinder\reactClient1\index.html
2026-08-19 22:17:13,478 [WARN] PackLoader:240 - Cannot read IP mode file for STMicroelectronics.X-CUBE-ST67W61.1.0.0
2026-08-19 22:17:13,522 [WARN] PackLoader:240 - Cannot read IP mode file for STMicroelectronics.X-CUBE-AI.10.2.1
2026-08-19 22:17:13,657 [WARN] PackLoader:240 - Cannot read IP mode file for STMicroelectronics.X-CUBE-AI.10.2.0
2026-08-19 22:17:13,840 [WARN] PackLoader:240 - Cannot read IP mode file for STMicroelectronics.X-CUBE-MEMS1.12.1.0
2026-08-19 22:17:14,112 [WARN] PackLoader:240 - Cannot read IP mode file for SEGGER.I-CUBE-embOS.1.3.1
2026-08-19 22:17:14,160 [INFO] UserAuth:486 - Internet connection configuration mode: 1
2026-08-19 22:17:14,217 [WARN] PackLoader:240 - Cannot read IP mode file for STMicroelectronics.X-CUBE-ALGOBUILD.1.4.0
2026-08-19 22:17:14,354 [WARN] PackLoader:240 - Cannot read IP mode file for STMicroelectronics.X-CUBE-MEMS1.11.3.0
2026-08-19 22:17:14,675 [WARN] PackLoader:240 - Cannot read IP mode file for STMicroelectronics.X-CUBE-NFC13.1.0.0
2026-08-19 22:17:14,705 [WARN] PackLoader:240 - Cannot read IP mode file for STMicroelectronics.X-CUBE-PM33A1.1.0.0
2026-08-19 22:17:14,775 [WARN] PackLoader:240 - Cannot read IP mode file for STMicroelectronics.X-CUBE-AZRTOS-F4.1.1.0
2026-08-19 22:17:14,810 [WARN] PackLoader:240 - Cannot read IP mode file for Avnet-IotConnect.X-CUBE-IoTC-DA16k-PMOD.1.0.0
2026-08-19 22:17:14,842 [WARN] PackLoader:240 - Cannot read IP mode file for STMicroelectronics.X-CUBE-ISPU.2.1.0
2026-08-19 22:17:14,880 [ERROR] Engine:466 - C:\Users\lthst\.stm32cubemx\thirdparties\pdsc\STMicroelectronics.X-CUBE-IPS.3.2.0.pdsc: PDSC version is not supported
2026-08-19 22:17:14,911 [WARN] PackLoader:240 - Cannot read IP mode file for STMicroelectronics.eDS-WB_DPC_TT-BIDIR.2.1.1
2026-08-19 22:17:14,951 [WARN] PackLoader:240 - Cannot read IP mode file for STMicroelectronics.X-CUBE-NFC12.1.0.0
2026-08-19 22:17:15,029 [WARN] PackLoader:240 - Cannot read IP mode file for STMicroelectronics.X-CUBE-AZRTOS-L5.2.0.0
2026-08-19 22:17:15,095 [WARN] PackLoader:240 - Cannot read IP mode file for STMicroelectronics.X-CUBE-NFC6.3.1.0
2026-08-19 22:17:15,137 [WARN] PackLoader:240 - Cannot read IP mode file for STMicroelectronics.X-CUBE-ALGOBUILD.1.5.0
2026-08-19 22:17:15,173 [WARN] PackLoader:240 - Cannot read IP mode file for STMicroelectronics.X-CUBE-DPower.1.2.0
2026-08-19 22:17:15,200 [WARN] PackLoader:240 - Cannot read IP mode file for STMicroelectronics.eDS-WB_DPC_VIENNA.1.2.0
2026-08-19 22:17:15,319 [WARN] PackLoader:240 - Cannot read IP mode file for STMicroelectronics.X-CUBE-MEMS1.13.0.0
2026-08-19 22:17:15,556 [WARN] PackLoader:240 - Cannot read IP mode file for STMicroelectronics.eDS-WB_DPC_3PH2L-BIDIR.1.1.1
2026-08-19 22:17:15,593 [ERROR] Engine:466 - C:\Users\lthst\.stm32cubemx\thirdparties\pdsc\STMicroelectronics.X-CUBE-ST67W61.1.3.0.pdsc: PDSC version is not supported
2026-08-19 22:17:15,646 [WARN] PackLoader:240 - Cannot read IP mode file for STMicroelectronics.X-CUBE-FREERTOS.1.3.1
2026-08-19 22:17:15,685 [WARN] PackLoader:240 - Cannot read IP mode file for STMicroelectronics.X-CUBE-FREERTOS.1.3.0
2026-08-19 22:17:15,728 [WARN] PackLoader:240 - Cannot read IP mode file for STMicroelectronics.X-CUBE-NFC7.1.0.1
2026-08-19 22:17:15,782 [WARN] PackLoader:240 - Cannot read IP mode file for STMicroelectronics.X-CUBE-TOUCHGFX.4.26.0
2026-08-19 22:17:15,926 [WARN] PackLoader:240 - Cannot read IP mode file for STMicroelectronics.X-CUBE-TOUCHGFX.4.26.1
2026-08-19 22:17:15,959 [WARN] PackLoader:240 - Cannot read IP mode file for STMicroelectronics.FP-SNS-STAIOTCFT.1.0.0
2026-08-19 22:17:16,001 [WARN] PackLoader:240 - Cannot read IP mode file for STMicroelectronics.X-CUBE-DPower.1.3.0
2026-08-19 22:17:16,094 [WARN] ConditionMgr:438 - getConditionDescription Invalid condition id : LAN8742 Phy interface Condition cause : null
2026-08-19 22:17:16,094 [WARN] PackLoader:240 - Cannot read IP mode file for STMicroelectronics.X-CUBE-AZRTOS-L4.2.0.0
2026-08-19 22:17:16,097 [WARN] ConditionMgr:1044 - genDependencies : Invalid condition id : LAN8742 Phy interface Condition cause : null
2026-08-19 22:17:16,098 [WARN] ConditionMgr:1044 - genDependencies : Invalid condition id : LAN8742 Phy interface Condition cause : null
2026-08-19 22:17:16,101 [WARN] ConditionMgr:1044 - genDependencies : Invalid condition id : LAN8742 Phy interface Condition cause : null
2026-08-19 22:17:16,144 [WARN] PackLoader:240 - Cannot read IP mode file for STMicroelectronics.X-CUBE-SFXS2LP1.4.0.0
2026-08-19 22:17:16,187 [WARN] PackLoader:240 - Cannot read IP mode file for STMicroelectronics.X-CUBE-WB05N.2.1.0
2026-08-19 22:17:16,195 [INFO] WebApp:191 - Connection restablished
2026-08-19 22:17:16,232 [ERROR] Engine:466 - C:\Users\lthst\.stm32cubemx\thirdparties\pdsc\STMicroelectronics.X-CUBE-ST67W61.1.2.0.pdsc: PDSC version is not supported
2026-08-19 22:17:16,296 [WARN] PackLoader:240 - Cannot read IP mode file for STMicroelectronics.X-CUBE-AZRTOS-H7.3.3.0
2026-08-19 22:17:16,414 [WARN] PackLoader:240 - Cannot read IP mode file for STMicroelectronics.X-CUBE-BLEMGR.4.1.0
2026-08-19 22:17:16,522 [WARN] ConditionMgr:438 - getConditionDescription Invalid condition id : UX DEVICE CLASS RTOS Condition cause : null
2026-08-19 22:17:16,522 [WARN] ConditionMgr:438 - getConditionDescription Invalid condition id : UX DEVICE CLASS RTOS Condition cause : null
2026-08-19 22:17:16,524 [WARN] PackLoader:240 - Cannot read IP mode file for STMicroelectronics.X-CUBE-AZRTOS-WB.2.0.0
2026-08-19 22:17:16,534 [WARN] ConditionMgr:1044 - genDependencies : Invalid condition id : UX DEVICE CLASS RTOS Condition cause : null
2026-08-19 22:17:16,534 [WARN] ConditionMgr:1044 - genDependencies : Invalid condition id : UX DEVICE CLASS RTOS Condition cause : null
2026-08-19 22:17:16,535 [WARN] ConditionMgr:1044 - genDependencies : Invalid condition id : UX DEVICE CLASS RTOS Condition cause : null
2026-08-19 22:17:16,541 [WARN] ConditionMgr:1044 - genDependencies : Invalid condition id : UX DEVICE CLASS RTOS Condition cause : null
2026-08-19 22:17:16,541 [WARN] ConditionMgr:1044 - genDependencies : Invalid condition id : UX DEVICE CLASS RTOS Condition cause : null
2026-08-19 22:17:16,623 [WARN] PackLoader:240 - Cannot read IP mode file for STMicroelectronics.X-CUBE-GNSS1.7.0.1
2026-08-19 22:17:16,648 [WARN] PackLoader:240 - Cannot read IP mode file for STMicroelectronics.X-CUBE-TOUCHGFX.4.25.0
2026-08-19 22:17:16,679 [WARN] PackLoader:240 - Cannot read IP mode file for STMicroelectronics.FP-SNS-STBOX1.2.0.0
2026-08-19 22:17:16,722 [WARN] PackLoader:240 - Cannot read IP mode file for STMicroelectronics.X-CUBE-STSE01.2.0.0
2026-08-19 22:17:16,774 [WARN] PackLoader:240 - Cannot read IP mode file for STMicroelectronics.X-CUBE-SUBG2.5.0.0
2026-08-19 22:17:16,890 [WARN] PackLoader:240 - Cannot read IP mode file for STMicroelectronics.X-CUBE-AZRTOS-H7RS.1.1.0
2026-08-19 22:17:17,006 [WARN] PackLoader:240 - Cannot read IP mode file for Cesanta.I-CUBE-Mongoose.7.13.0
2026-08-19 22:17:17,082 [WARN] PackLoader:240 - Cannot read IP mode file for STMicroelectronics.X-CUBE-AZRTOS-G4.2.0.0
2026-08-19 22:17:17,224 [WARN] PackLoader:240 - Cannot read IP mode file for wolfSSL.I-CUBE-wolfSSH.1.4.20
2026-08-19 22:17:17,257 [WARN] PackLoader:240 - Cannot read IP mode file for STMicroelectronics.X-CUBE-NFC7.2.0.0
2026-08-19 22:17:17,316 [WARN] PackLoader:240 - Cannot read IP mode file for STMicroelectronics.X-CUBE-IPS.3.1.0
2026-08-19 22:17:17,366 [ERROR] Engine:466 - C:\Users\lthst\.stm32cubemx\thirdparties\pdsc\STMicroelectronics.X-CUBE-BLEMGR.4.2.0.pdsc: PDSC version is not supported
2026-08-19 22:17:17,401 [WARN] PackLoader:240 - Cannot read IP mode file for STMicroelectronics.X-CUBE-ALS.1.0.2
2026-08-19 22:17:17,493 [WARN] PackLoader:240 - Cannot read IP mode file for STMicroelectronics.X-CUBE-STSE01.1.0.0
2026-08-19 22:17:17,556 [WARN] PackLoader:240 - Cannot read IP mode file for portGmbH.I-Cube-SoM-uGOAL.1.1.0
2026-08-19 22:17:17,623 [WARN] PackLoader:240 - Cannot read IP mode file for STMicroelectronics.X-CUBE-TOF1.3.4.2
2026-08-19 22:17:17,761 [WARN] PackLoader:240 - Cannot read IP mode file for STMicroelectronics.X-CUBE-TOF1.3.4.3
2026-08-19 22:17:17,790 [INFO] ThirdParty:978 - Integrity check success = true
2026-08-19 22:17:17,790 [INFO] IntegrityCheckThread:100 - exiting critical section [integrity check]
2026-08-19 22:17:17,791 [INFO] IntegrityCheckThread:103 - End integrity checks thread
2026-08-19 23:43:33,479 [INFO] WebApp:194 - Connection lost
2026-08-19 23:43:34,096 [INFO] WebApp:191 - Connection restablished
