2026-08-18 19:02:04,909 [INFO] Activator:176 - 


2026-08-18 19:02:04,915 [INFO] Activator:177 - !SESSION log4j initialized
2026-08-18 19:02:13,206 [INFO] LogOutputStream:77 - [STDOUT_REDIRECT] 
2026-08-18 19:02:22,315 [INFO] ApplicationProperties:184 - Using Application install path: C:\ST\STM32CubeIDE_1.18.0\STM32CubeIDE\plugins\com.st.stm32cube.common.mx_6.14.0.202502271554
2026-08-18 19:02:22,369 [INFO] DbMcusXml:78 - Set database path to: C:\ST\STM32CubeIDE_1.18.0\STM32CubeIDE\plugins\com.st.stm32cube.common.mx_6.14.0.202502271554\\db\/mcu/
2026-08-18 19:02:22,370 [INFO] ApiDb:274 - Set plugin database path to: C:\ST\STM32CubeIDE_1.18.0\STM32CubeIDE\plugins\com.st.stm32cube.common.mx_6.14.0.202502271554\\db\/plugins/boardmanager/
2026-08-18 19:02:22,371 [WARN] ApiDb:259 - Overriding images path with different value:  => C:\ST\STM32CubeIDE_1.18.0\STM32CubeIDE\plugins\com.st.stm32cube.common.mx_6.14.0.202502271554\\db\/plugins/mcufinder/images/
2026-08-18 19:02:22,393 [INFO] ApiDb:250 - Set database path to: C:\Users\lthst\.stmcufinder\plugins\mcufinder//mcu/
2026-08-18 19:02:22,396 [INFO] DbMcusAds:125 - Set database path to: C:\Users\lthst\.stmcufinder\plugins\mcufinder//mcu/
2026-08-18 19:02:22,403 [INFO] CrossReferenceDbSqlite:203 - Set database path to: C:\Users\lthst\.stmcufinder\plugins\mcufinder//mcu/cs/
2026-08-18 19:02:22,819 [INFO] RulesReader:64 - Compatibility file has been processed (301 Rules)
2026-08-18 19:02:23,125 [INFO] DbMcusXml:78 - Set database path to: C:\ST\STM32CubeIDE_1.18.0\STM32CubeIDE\plugins\com.st.stm32cube.common.mx_6.14.0.202502271554\\db\/mcu/
2026-08-18 19:02:23,125 [INFO] ApiDb:274 - Set plugin database path to: C:\ST\STM32CubeIDE_1.18.0\STM32CubeIDE\plugins\com.st.stm32cube.common.mx_6.14.0.202502271554\\db\/plugins/boardmanager/
2026-08-18 19:02:23,125 [INFO] ApiDb:261 - Set plugin images path to: C:\ST\STM32CubeIDE_1.18.0\STM32CubeIDE\plugins\com.st.stm32cube.common.mx_6.14.0.202502271554\\db\/plugins/mcufinder/images/
2026-08-18 19:02:23,129 [WARN] DbFile:41 - Overriding database path with different value: C:\Users\lthst\.stmcufinder\plugins\mcufinder/ => C:\Users\lthst\.stmcufinder\plugins\mcufinder
2026-08-18 19:02:23,130 [INFO] ApiDb:250 - Set database path to: C:\Users\lthst\.stmcufinder\plugins\mcufinder//mcu/
2026-08-18 19:02:23,130 [WARN] DbFile:41 - Overriding database path with different value: C:\Users\lthst\.stmcufinder\plugins\mcufinder/ => C:\Users\lthst\.stmcufinder\plugins\mcufinder
2026-08-18 19:02:23,130 [INFO] DbMcusAds:125 - Set database path to: C:\Users\lthst\.stmcufinder\plugins\mcufinder//mcu/
2026-08-18 19:02:23,132 [WARN] DbFile:41 - Overriding database path with different value: C:\Users\lthst\.stmcufinder\plugins\mcufinder/ => C:\Users\lthst\.stmcufinder\plugins\mcufinder
2026-08-18 19:02:23,132 [WARN] DbFile:41 - Overriding database path with different value: C:\Users\lthst\.stmcufinder\plugins\mcufinder/ => C:\Users\lthst\.stmcufinder\plugins\mcufinder
2026-08-18 19:02:23,132 [INFO] CrossReferenceDbSqlite:203 - Set database path to: C:\Users\lthst\.stmcufinder\plugins\mcufinder//mcu/cs/
2026-08-18 19:02:23,377 [INFO] MainPanel:272 - HeapMemory: 268435456
2026-08-18 19:02:23,633 [INFO] DbMcusXml:78 - Set database path to: C:\ST\STM32CubeIDE_1.18.0\STM32CubeIDE\plugins\com.st.stm32cube.common.mx_6.14.0.202502271554\\db\/mcu/
2026-08-18 19:02:23,633 [INFO] ApiDb:274 - Set plugin database path to: C:\ST\STM32CubeIDE_1.18.0\STM32CubeIDE\plugins\com.st.stm32cube.common.mx_6.14.0.202502271554\\db\/plugins/boardmanager/
2026-08-18 19:02:23,633 [INFO] ApiDb:261 - Set plugin images path to: C:\ST\STM32CubeIDE_1.18.0\STM32CubeIDE\plugins\com.st.stm32cube.common.mx_6.14.0.202502271554\\db\/plugins/mcufinder/images/
2026-08-18 19:02:23,641 [WARN] DbFile:41 - Overriding database path with different value: C:\Users\lthst\.stmcufinder\plugins\mcufinder/ => C:\Users\lthst\.stmcufinder\plugins\mcufinder
2026-08-18 19:02:23,641 [INFO] ApiDb:250 - Set database path to: C:\Users\lthst\.stmcufinder\plugins\mcufinder//mcu/
2026-08-18 19:02:23,641 [WARN] DbFile:41 - Overriding database path with different value: C:\Users\lthst\.stmcufinder\plugins\mcufinder/ => C:\Users\lthst\.stmcufinder\plugins\mcufinder
2026-08-18 19:02:23,641 [INFO] DbMcusAds:125 - Set database path to: C:\Users\lthst\.stmcufinder\plugins\mcufinder//mcu/
2026-08-18 19:02:23,645 [WARN] DbFile:41 - Overriding database path with different value: C:\Users\lthst\.stmcufinder\plugins\mcufinder/ => C:\Users\lthst\.stmcufinder\plugins\mcufinder
2026-08-18 19:02:23,645 [WARN] DbFile:41 - Overriding database path with different value: C:\Users\lthst\.stmcufinder\plugins\mcufinder/ => C:\Users\lthst\.stmcufinder\plugins\mcufinder
2026-08-18 19:02:23,645 [INFO] CrossReferenceDbSqlite:203 - Set database path to: C:\Users\lthst\.stmcufinder\plugins\mcufinder//mcu/cs/
2026-08-18 19:02:23,699 [INFO] ApplicationProperties:184 - Using Application install path: C:\ST\STM32CubeIDE_1.18.0\STM32CubeIDE\plugins\com.st.stm32cube.common.mx_6.14.0.202502271554
2026-08-18 19:02:23,701 [INFO] PluginManage:196 - Search for loadable plugins [exclusion list=, ]
2026-08-18 19:02:23,706 [INFO] PluginManage:310 - Check plugin analytics
2026-08-18 19:02:24,380 [INFO] AnalyticsPlugin:253 - Accepted Software Licenses: 
2026-08-18 19:02:24,382 [INFO] AnalyticsPlugin:255 - Accepted CMSIS Pack Licenses: 
2026-08-18 19:02:24,382 [INFO] AnalyticsPlugin:257 - Accepted Firmware Licenses: FW.F4.1.28.0
2026-08-18 19:02:24,398 [INFO] PluginManage:359 - Loaded plugin analytics (category:tool,tabindex:-1)
2026-08-18 19:02:24,402 [INFO] PluginManage:310 - Check plugin cadmodel
2026-08-18 19:02:24,446 [INFO] CADModel:105 - Init CAD model plugin
2026-08-18 19:02:24,451 [INFO] PluginManage:359 - Loaded plugin cadmodel (category:power,tabindex:5)
2026-08-18 19:02:24,455 [INFO] PluginManage:310 - Check plugin clock
2026-08-18 19:02:24,506 [INFO] PluginManage:359 - Loaded plugin clock (category:base,tabindex:2)
2026-08-18 19:02:24,507 [INFO] PluginManage:310 - Check plugin ddr
2026-08-18 19:02:24,514 [INFO] PluginManage:359 - Loaded plugin ddr (category:tool,tabindex:6)
2026-08-18 19:02:24,514 [INFO] PluginManage:310 - Check plugin filemanager
2026-08-18 19:02:25,115 [INFO] PluginManage:359 - Loaded plugin filemanager (category:base,tabindex:10)
2026-08-18 19:02:25,115 [INFO] PluginManage:310 - Check plugin ipmanager
2026-08-18 19:02:25,149 [INFO] PluginManage:359 - Loaded plugin ipmanager (category:base,tabindex:5)
2026-08-18 19:02:25,149 [INFO] PluginManage:310 - Check plugin lpbam
2026-08-18 19:02:25,219 [INFO] PluginManage:359 - Loaded plugin lpbam (category:base,tabindex:0)
2026-08-18 19:02:25,219 [INFO] PluginManage:310 - Check plugin memorymap
2026-08-18 19:02:25,299 [INFO] PluginManage:359 - Loaded plugin memorymap (category:base,tabindex:4)
2026-08-18 19:02:25,299 [INFO] PluginManage:310 - Check plugin pinoutandconfiguration
2026-08-18 19:02:25,379 [INFO] PluginManage:359 - Loaded plugin pinoutandconfiguration (category:base,tabindex:1)
2026-08-18 19:02:25,379 [INFO] PluginManage:310 - Check plugin pinoutconfig
2026-08-18 19:02:25,694 [WARN] SupportedApi:132 - Cannot load RTOS API schema: s4s-elt-must-match.1: The content of 'definitions' must match (annotation?, (simpleType | complexType)?, (unique | key | keyref)*)). A problem was found starting at: attribute.
2026-08-18 19:02:26,069 [INFO] PluginManage:359 - Loaded plugin pinoutconfig (category:base,tabindex:0)
2026-08-18 19:02:26,069 [INFO] PluginManage:310 - Check plugin power
2026-08-18 19:02:26,150 [INFO] PluginManage:359 - Loaded plugin power (category:power,tabindex:4)
2026-08-18 19:02:26,151 [INFO] PluginManage:310 - Check plugin projectmanager
2026-08-18 19:02:26,194 [INFO] PluginManage:359 - Loaded plugin projectmanager (category:projectmanager,tabindex:4)
2026-08-18 19:02:26,194 [INFO] PluginManage:310 - Check plugin rif
2026-08-18 19:02:26,249 [INFO] PluginManage:359 - Loaded plugin rif (category:base,tabindex:3)
2026-08-18 19:02:26,249 [INFO] PluginManage:310 - Check plugin thirdparty
2026-08-18 19:02:27,161 [INFO] PluginManage:359 - Loaded plugin thirdparty (category:base,tabindex:-1)
2026-08-18 19:02:27,161 [WARN] IntegrityCheckThread:84 - waiting for thirdparty lock release [integrity check]
2026-08-18 19:02:27,161 [INFO] PluginManage:310 - Check plugin tools
2026-08-18 19:02:27,166 [INFO] IntegrityCheckThread:86 - entering critical section [integrity check]
2026-08-18 19:02:27,166 [INFO] ThirdPartyUpdaterWithRetryManager:70 - Updater plugin not ready yet. [1/15]
2026-08-18 19:02:27,317 [INFO] PluginManage:359 - Loaded plugin tools (category:base,tabindex:7)
2026-08-18 19:02:27,323 [INFO] PluginManage:310 - Check plugin tutovideos
2026-08-18 19:02:27,894 [INFO] PluginManage:359 - Loaded plugin tutovideos (category:base,tabindex:-1)
2026-08-18 19:02:27,894 [INFO] PluginManage:310 - Check plugin updater
2026-08-18 19:02:27,945 [INFO] PluginManage:359 - Loaded plugin updater (category:base,tabindex:12)
2026-08-18 19:02:27,945 [INFO] PluginManage:310 - Check plugin userauth
2026-08-18 19:02:27,962 [INFO] UserAuth:118 - Init User Auth plugin
2026-08-18 19:02:27,962 [INFO] PluginManage:359 - Loaded plugin userauth (category:base,tabindex:14)
2026-08-18 19:02:27,962 [INFO] PluginManage:283 - PluginManage : Loaded plugins [18]
2026-08-18 19:02:28,562 [INFO] PinOutPanel:1589 - setPackage(No Configuration,No Configuration)
2026-08-18 19:02:28,830 [INFO] CADModel:165 - CPN selected for project level
2026-08-18 19:02:28,830 [INFO] CADModel:114 - Register for checkConnection events
2026-08-18 19:02:28,882 [INFO] IPUIPlugin:80 - create IPUIPlugin
2026-08-18 19:02:28,882 [INFO] PluginManager:220 - loadIPPluginJar : add adc
2026-08-18 19:02:29,049 [INFO] IPUIPlugin:80 - create IPUIPlugin
2026-08-18 19:02:29,052 [INFO] PluginManager:220 - loadIPPluginJar : add aes
2026-08-18 19:02:29,233 [INFO] IPUIPlugin:80 - create IPUIPlugin
2026-08-18 19:02:29,239 [INFO] PluginManager:220 - loadIPPluginJar : add can
2026-08-18 19:02:29,351 [INFO] IPUIPlugin:80 - create IPUIPlugin
2026-08-18 19:02:29,351 [INFO] PluginManager:220 - loadIPPluginJar : add comp
2026-08-18 19:02:29,486 [INFO] IPUIPlugin:80 - create IPUIPlugin
2026-08-18 19:02:29,486 [INFO] PluginManager:220 - loadIPPluginJar : add cryp
2026-08-18 19:02:29,532 [INFO] IPUIPlugin:80 - create IPUIPlugin
2026-08-18 19:02:29,532 [INFO] PluginManager:220 - loadIPPluginJar : add ddr_ctrl_phy
2026-08-18 19:02:29,664 [INFO] IPUIPlugin:80 - create IPUIPlugin
2026-08-18 19:02:29,664 [INFO] PluginManager:220 - loadIPPluginJar : add dfsdm
2026-08-18 19:02:29,728 [INFO] IPUIPlugin:80 - create IPUIPlugin
2026-08-18 19:02:29,728 [INFO] PluginManager:220 - loadIPPluginJar : add dma
2026-08-18 19:02:29,930 [INFO] IPUIPlugin:80 - create IPUIPlugin
2026-08-18 19:02:29,930 [INFO] PluginManager:220 - loadIPPluginJar : add dma3
2026-08-18 19:02:30,113 [INFO] IPUIPlugin:80 - create IPUIPlugin
2026-08-18 19:02:30,113 [INFO] PluginManager:220 - loadIPPluginJar : add extmemmanager
2026-08-18 19:02:30,176 [INFO] ThirdPartyUpdaterWithRetryManager:70 - Updater plugin not ready yet. [2/15]
2026-08-18 19:02:30,214 [INFO] IPUIPlugin:80 - create IPUIPlugin
2026-08-18 19:02:30,214 [INFO] PluginManager:220 - loadIPPluginJar : add fatfs
2026-08-18 19:02:30,445 [INFO] IPUIPlugin:80 - create IPUIPlugin
2026-08-18 19:02:30,450 [INFO] PluginManager:220 - loadIPPluginJar : add fmc
2026-08-18 19:02:30,506 [INFO] IPUIPlugin:80 - create IPUIPlugin
2026-08-18 19:02:30,506 [INFO] PluginManager:220 - loadIPPluginJar : add freertos
2026-08-18 19:02:30,615 [INFO] IPUIPlugin:80 - create IPUIPlugin
2026-08-18 19:02:30,615 [INFO] PluginManager:220 - loadIPPluginJar : add genericplugin
2026-08-18 19:02:31,057 [INFO] IPUIPlugin:80 - create IPUIPlugin
2026-08-18 19:02:31,057 [INFO] PluginManager:220 - loadIPPluginJar : add gfxmmu
2026-08-18 19:02:31,720 [INFO] IPUIPlugin:80 - create IPUIPlugin
2026-08-18 19:02:31,720 [INFO] PluginManager:220 - loadIPPluginJar : add gic
2026-08-18 19:02:31,779 [INFO] IPUIPlugin:80 - create IPUIPlugin
2026-08-18 19:02:31,779 [INFO] PluginManager:220 - loadIPPluginJar : add gpio
2026-08-18 19:02:32,215 [INFO] IPUIPlugin:80 - create IPUIPlugin
2026-08-18 19:02:32,215 [INFO] PluginManager:220 - loadIPPluginJar : add gtzc
2026-08-18 19:02:32,364 [INFO] IPUIPlugin:80 - create IPUIPlugin
2026-08-18 19:02:32,364 [INFO] PluginManager:220 - loadIPPluginJar : add hash
2026-08-18 19:02:32,629 [INFO] IPUIPlugin:80 - create IPUIPlugin
2026-08-18 19:02:32,629 [INFO] PluginManager:220 - loadIPPluginJar : add i2c
2026-08-18 19:02:32,822 [INFO] IPUIPlugin:80 - create IPUIPlugin
2026-08-18 19:02:32,822 [INFO] PluginManager:220 - loadIPPluginJar : add i2s
2026-08-18 19:02:33,004 [INFO] IPUIPlugin:80 - create IPUIPlugin
2026-08-18 19:02:33,004 [INFO] PluginManager:220 - loadIPPluginJar : add i3c
2026-08-18 19:02:33,179 [INFO] ThirdPartyUpdaterWithRetryManager:70 - Updater plugin not ready yet. [3/15]
2026-08-18 19:02:33,503 [INFO] IPUIPlugin:80 - create IPUIPlugin
2026-08-18 19:02:33,510 [INFO] PluginManager:220 - loadIPPluginJar : add ipddr
2026-08-18 19:02:33,969 [INFO] IPUIPlugin:80 - create IPUIPlugin
2026-08-18 19:02:33,969 [INFO] PluginManager:220 - loadIPPluginJar : add linkedlist
2026-08-18 19:02:34,132 [INFO] IPUIPlugin:80 - create IPUIPlugin
2026-08-18 19:02:34,132 [INFO] PluginManager:220 - loadIPPluginJar : add lorawan
2026-08-18 19:02:34,311 [INFO] IPUIPlugin:80 - create IPUIPlugin
2026-08-18 19:02:34,312 [INFO] PluginManager:220 - loadIPPluginJar : add ltdc
2026-08-18 19:02:34,368 [INFO] IPUIPlugin:80 - create IPUIPlugin
2026-08-18 19:02:34,368 [INFO] PluginManager:220 - loadIPPluginJar : add mdma
2026-08-18 19:02:34,414 [INFO] IPUIPlugin:80 - create IPUIPlugin
2026-08-18 19:02:34,416 [INFO] PluginManager:220 - loadIPPluginJar : add nvic
2026-08-18 19:02:34,586 [INFO] IPUIPlugin:80 - create IPUIPlugin
2026-08-18 19:02:34,586 [INFO] PluginManager:220 - loadIPPluginJar : add opamp
2026-08-18 19:02:34,878 [INFO] IPUIPlugin:80 - create IPUIPlugin
2026-08-18 19:02:34,878 [INFO] PluginManager:220 - loadIPPluginJar : add openamp
2026-08-18 19:02:35,019 [INFO] IPUIPlugin:80 - create IPUIPlugin
2026-08-18 19:02:35,019 [INFO] PluginManager:220 - loadIPPluginJar : add pdm2pcm
2026-08-18 19:02:35,085 [INFO] IPUIPlugin:80 - create IPUIPlugin
2026-08-18 19:02:35,097 [INFO] PluginManager:220 - loadIPPluginJar : add plateformsettings
2026-08-18 19:02:35,191 [INFO] IPUIPlugin:80 - create IPUIPlugin
2026-08-18 19:02:35,191 [INFO] PluginManager:220 - loadIPPluginJar : add quadspi
2026-08-18 19:02:35,306 [INFO] IPUIPlugin:80 - create IPUIPlugin
2026-08-18 19:02:35,306 [INFO] PluginManager:220 - loadIPPluginJar : add radio
2026-08-18 19:02:35,345 [INFO] IPUIPlugin:80 - create IPUIPlugin
2026-08-18 19:02:35,353 [INFO] PluginManager:220 - loadIPPluginJar : add resmgrutility
2026-08-18 19:02:35,606 [INFO] IPUIPlugin:80 - create IPUIPlugin
2026-08-18 19:02:35,608 [INFO] PluginManager:220 - loadIPPluginJar : add sai
2026-08-18 19:02:35,805 [INFO] IPUIPlugin:80 - create IPUIPlugin
2026-08-18 19:02:35,805 [INFO] PluginManager:220 - loadIPPluginJar : add spi
2026-08-18 19:02:36,194 [INFO] ThirdPartyUpdaterWithRetryManager:70 - Updater plugin not ready yet. [4/15]
2026-08-18 19:02:36,211 [INFO] IPUIPlugin:80 - create IPUIPlugin
2026-08-18 19:02:36,211 [INFO] PluginManager:220 - loadIPPluginJar : add stm32_wpan
2026-08-18 19:02:36,316 [INFO] IPUIPlugin:80 - create IPUIPlugin
2026-08-18 19:02:36,316 [INFO] PluginManager:220 - loadIPPluginJar : add tim
2026-08-18 19:02:36,608 [INFO] IPUIPlugin:80 - create IPUIPlugin
2026-08-18 19:02:36,609 [INFO] PluginManager:220 - loadIPPluginJar : add touchsensing
2026-08-18 19:02:36,696 [INFO] IPUIPlugin:80 - create IPUIPlugin
2026-08-18 19:02:36,697 [INFO] PluginManager:220 - loadIPPluginJar : add tracer_emb
2026-08-18 19:02:36,813 [INFO] IPUIPlugin:80 - create IPUIPlugin
2026-08-18 19:02:36,816 [INFO] PluginManager:220 - loadIPPluginJar : add ts
2026-08-18 19:02:36,924 [INFO] IPUIPlugin:80 - create IPUIPlugin
2026-08-18 19:02:36,931 [INFO] PluginManager:220 - loadIPPluginJar : add tsc
2026-08-18 19:02:37,036 [INFO] IPUIPlugin:80 - create IPUIPlugin
2026-08-18 19:02:37,038 [INFO] PluginManager:220 - loadIPPluginJar : add ucpd
2026-08-18 19:02:37,219 [INFO] IPUIPlugin:80 - create IPUIPlugin
2026-08-18 19:02:37,219 [INFO] PluginManager:220 - loadIPPluginJar : add usart
2026-08-18 19:02:37,446 [INFO] IPUIPlugin:80 - create IPUIPlugin
2026-08-18 19:02:37,446 [INFO] PluginManager:220 - loadIPPluginJar : add usbx
2026-08-18 19:02:37,663 [FATAL] Updater:351 - Updater called before beeing initialized
2026-08-18 19:02:37,723 [INFO] RulesReader:64 - Compatibility file has been processed (301 Rules)
2026-08-18 19:02:37,764 [INFO] RulesReader:64 - Compatibility file has been processed (301 Rules)
2026-08-18 19:02:37,797 [INFO] CADModel:165 - CPN selected for project level
2026-08-18 19:02:37,797 [INFO] CADModel:114 - Register for checkConnection events
2026-08-18 19:02:37,797 [FATAL] Updater:351 - Updater called before beeing initialized
2026-08-18 19:02:37,800 [ERROR] CADModel:125 - Updater not yet initialized, retry later 
2026-08-18 19:02:38,194 [FATAL] Updater:351 - Updater called before beeing initialized
2026-08-18 19:02:38,197 [INFO] CADModel:165 - CPN selected for project level
2026-08-18 19:02:38,197 [INFO] CADModel:114 - Register for checkConnection events
2026-08-18 19:02:38,197 [FATAL] Updater:351 - Updater called before beeing initialized
2026-08-18 19:02:38,197 [ERROR] CADModel:125 - Updater not yet initialized, retry later 
2026-08-18 19:02:38,211 [FATAL] Updater:351 - Updater called before beeing initialized
2026-08-18 19:02:38,528 [FATAL] Updater:351 - Updater called before beeing initialized
2026-08-18 19:02:38,555 [INFO] DbMcusAds:53 - JSON generation date=Mon Apr 27 17:14:29 KST 2026 (1777277669683)
2026-08-18 19:02:38,555 [FATAL] Updater:351 - Updater called before beeing initialized
2026-08-18 19:02:38,640 [WARN] DetailPanel:346 - Failed to get advertising image, set to default
2026-08-18 19:02:39,204 [INFO] ThirdPartyUpdaterWithRetryManager:70 - Updater plugin not ready yet. [5/15]
2026-08-18 19:02:39,457 [FATAL] Updater:351 - Updater called before beeing initialized
2026-08-18 19:02:39,459 [FATAL] Updater:351 - Updater called before beeing initialized
2026-08-18 19:02:39,459 [FATAL] Updater:351 - Updater called before beeing initialized
2026-08-18 19:02:39,460 [WARN] DetailPanel:346 - Failed to get advertising image, set to default
2026-08-18 19:02:39,462 [FATAL] Updater:351 - Updater called before beeing initialized
2026-08-18 19:02:39,620 [ERROR] Updater:1198 - MainUpdater not yet initialized. External WinMGr cannot be set.
2026-08-18 19:02:39,667 [INFO] Updater:1134 - Updater Version found : 6.14.0
2026-08-18 19:02:39,711 [INFO] ApplicationProperties:184 - Using Application install path: C:\ST\STM32CubeIDE_1.18.0\STM32CubeIDE\plugins\com.st.stm32cube.common.mx_6.14.0.202502271554
2026-08-18 19:02:40,790 [INFO] MainUpdater:2872 - connection check result : 10
2026-08-18 19:02:40,795 [INFO] MainUpdater:289 - Updater Check For Update Now.
2026-08-18 19:02:40,796 [INFO] MicroXplorer:498 - Change Database Version : DB.6.0.140
2026-08-18 19:02:40,831 [INFO] McuFinderGlobals:63 - Set McuFinder mode to 2 (CubeIDE integrated)
2026-08-18 19:02:40,859 [INFO] UserAuth:486 - Internet connection configuration mode: 1
2026-08-18 19:02:40,922 [INFO] JxBrowserEngine:152 - Initiate JxBrowser Engine with user profile folder
2026-08-18 19:02:41,519 [INFO] CheckServerUpdateThread:120 - End of CheckServer Thread
2026-08-18 19:02:43,424 [WARN] PackLoader:240 - Cannot read IP mode file for STMicroelectronics.X-CUBE-AZRTOS-H7.3.5.0
2026-08-18 19:02:43,488 [WARN] PackLoader:240 - Cannot read IP mode file for STMicroelectronics.FP-SNS-MOTENVWB1.1.4.0
2026-08-18 19:02:43,556 [WARN] PackLoader:240 - Cannot read IP mode file for STMicroelectronics.FP-ATR-ASTRA1.2.0.3
2026-08-18 19:02:43,592 [WARN] PackLoader:240 - Cannot read IP mode file for STMicroelectronics.FP-ATR-ASTRA1.2.0.2
2026-08-18 19:02:43,617 [ERROR] Engine:466 - C:\Users\lthst\.stm32cubemx\thirdparties\pdsc\STMicroelectronics.X-CUBE-SMBUS.2.1.1.pdsc: PDSC version is not supported
2026-08-18 19:02:43,655 [WARN] PackLoader:240 - Cannot read IP mode file for STMicroelectronics.X-CUBE-SMBUS.2.1.0
2026-08-18 19:02:43,709 [WARN] PackLoader:240 - Cannot read IP mode file for STMicroelectronics.X-CUBE-WB05N.1.1.0
2026-08-18 19:02:43,760 [WARN] PackLoader:240 - Cannot read IP mode file for STMicroelectronics.X-CUBE-ST60.1.0.0
2026-08-18 19:02:43,876 [WARN] PackLoader:240 - Cannot read IP mode file for STMicroelectronics.X-CUBE-AZRTOS-F7.1.1.0
2026-08-18 19:02:43,939 [ERROR] Engine:466 - C:\Users\lthst\.stm32cubemx\thirdparties\pdsc\STMicroelectronics.X-CUBE-FREERTOS.1.6.0.pdsc: PDSC version is not supported
2026-08-18 19:02:43,986 [ERROR] Engine:466 - C:\Users\lthst\.stm32cubemx\thirdparties\pdsc\STMicroelectronics.FP-SNS-MOTENV1.5.1.0.pdsc: PDSC version is not supported
2026-08-18 19:02:44,171 [WARN] PackLoader:240 - Cannot read IP mode file for STMicroelectronics.X-CUBE-AZRTOS-H7RS.1.3.0
2026-08-18 19:02:44,270 [WARN] PackLoader:240 - Cannot read IP mode file for Infineon.AIROC-Wi-Fi-Bluetooth-STM32.1.7.0
2026-08-18 19:02:44,396 [WARN] PackLoader:240 - Cannot read IP mode file for STMicroelectronics.X-CUBE-AZRTOS-H7.3.4.0
2026-08-18 19:02:44,449 [WARN] PackLoader:240 - Cannot read IP mode file for STMicroelectronics.X-CUBE-DISPLAY.3.0.0
2026-08-18 19:02:44,538 [WARN] PackLoader:240 - Cannot read IP mode file for STMicroelectronics.X-CUBE-GNSS1.7.1.1
2026-08-18 19:02:44,565 [ERROR] Engine:466 - C:\Users\lthst\.stm32cubemx\thirdparties\pdsc\STMicroelectronics.FP-SNS-MOTENVWB1.1.5.0.pdsc: PDSC version is not supported
2026-08-18 19:02:44,648 [WARN] PackLoader:240 - Cannot read IP mode file for STMicroelectronics.X-CUBE-NFC10.1.0.0
2026-08-18 19:02:44,709 [WARN] PackLoader:240 - Cannot read IP mode file for STMicroelectronics.X-CUBE-BLEMGR.4.0.0
2026-08-18 19:02:44,768 [WARN] PackLoader:240 - Cannot read IP mode file for STMicroelectronics.X-CUBE-ST60.1.1.0
2026-08-18 19:02:44,848 [WARN] PackLoader:240 - Cannot read IP mode file for emotas.I-CUBE-CANOPEN.1.3.0
2026-08-18 19:02:44,876 [ERROR] Engine:466 - C:\Users\lthst\.stm32cubemx\thirdparties\pdsc\STMicroelectronics.X-CUBE-WBA.1.1.0.pdsc: PDSC version is not supported
2026-08-18 19:02:44,913 [WARN] PackLoader:240 - Cannot read IP mode file for STMicroelectronics.X-CUBE-GNSS1.7.1.0
2026-08-18 19:02:44,947 [WARN] ConditionMgr:438 - getConditionDescription Invalid condition id : Cortex-A Device cause : null
2026-08-18 19:02:45,041 [WARN] ConditionMgr:1044 - genDependencies : Invalid condition id : Cortex-A Device cause : null
2026-08-18 19:02:45,041 [WARN] ConditionMgr:1044 - genDependencies : Invalid condition id : Cortex-A Device cause : null
2026-08-18 19:02:45,041 [WARN] ConditionMgr:1044 - genDependencies : Invalid condition id : Cortex-A Device cause : null
2026-08-18 19:02:45,104 [WARN] PackLoader:240 - Cannot read IP mode file for STMicroelectronics.X-CUBE-AI.10.0.0
2026-08-18 19:02:45,139 [ERROR] Engine:466 - C:\Users\lthst\.stm32cubemx\thirdparties\pdsc\STMicroelectronics.FP-SNS-STBOX1.2.1.0.pdsc: PDSC version is not supported
2026-08-18 19:02:45,175 [WARN] PackLoader:240 - Cannot read IP mode file for STMicroelectronics.FP-SNS-SMARTAG2.1.2.0
2026-08-18 19:02:45,210 [WARN] PackLoader:240 - Cannot read IP mode file for STMicroelectronics.FP-SNS-FLIGHT1.5.1.0
2026-08-18 19:02:45,253 [INFO] WebApp:169 - Instantiating new browser for Auth
2026-08-18 19:02:45,496 [WARN] PackLoader:240 - Cannot read IP mode file for STMicroelectronics.X-CUBE-MEMS1.11.1.0
2026-08-18 19:02:45,829 [INFO] LogOutputStream:77 - [STDOUT_REDIRECT] 1 : Invalid condition id : UX_CORESTACK_Condition cause : null
2026-08-18 19:02:45,829 [INFO] LogOutputStream:77 - [STDOUT_REDIRECT] 1 : Invalid condition id : UX_CORESTACK_Condition cause : null
2026-08-18 19:02:45,833 [INFO] LogOutputStream:77 - [STDOUT_REDIRECT] 1 : Invalid condition id : UX_CORESTACK_Condition cause : null
2026-08-18 19:02:45,835 [INFO] LogOutputStream:77 - [STDOUT_REDIRECT] 1 : Invalid condition id : UX_CORESTACK_Condition cause : null
2026-08-18 19:02:45,843 [INFO] LogOutputStream:77 - [STDOUT_REDIRECT] 1 : Invalid condition id : UX_CORESTACK_Condition cause : null
2026-08-18 19:02:45,845 [WARN] PackLoader:240 - Cannot read IP mode file for STMicroelectronics.X-CUBE-AZRTOS-WL.2.0.0
2026-08-18 19:02:45,883 [WARN] PackLoader:240 - Cannot read IP mode file for STMicroelectronics.FP-SNS-MOTENV1.5.0.0
2026-08-18 19:02:45,956 [WARN] PackLoader:240 - Cannot read IP mode file for STMicroelectronics.X-CUBE-AZRTOS-H7RS.1.2.0
2026-08-18 19:02:46,015 [WARN] PackLoader:240 - Cannot read IP mode file for WES.I-CUBE-Cesium.1.3.0
2026-08-18 19:02:46,093 [WARN] PackLoader:240 - Cannot read IP mode file for STMicroelectronics.X-CUBE-BLE2.3.3.0
2026-08-18 19:02:46,486 [WARN] PackLoader:240 - Cannot read IP mode file for STMicroelectronics.X-CUBE-NFC9.1.0.0
2026-08-18 19:02:46,569 [WARN] PackLoader:240 - Cannot read IP mode file for STMicroelectronics.X-CUBE-BLE1.7.1.0
2026-08-18 19:02:46,626 [WARN] PackLoader:240 - Cannot read IP mode file for wolfSSL.I-CUBE-wolfMQTT.1.19.2
2026-08-18 19:02:46,680 [ERROR] Engine:466 - C:\Users\lthst\.stm32cubemx\thirdparties\pdsc\STMicroelectronics.X-CUBE-FREERTOS.1.4.0.pdsc: PDSC version is not supported
2026-08-18 19:02:46,768 [WARN] PackLoader:240 - Cannot read IP mode file for STMicroelectronics.X-CUBE-EEPRMA1.5.2.0
2026-08-18 19:02:46,808 [ERROR] Engine:466 - C:\Users\lthst\.stm32cubemx\thirdparties\pdsc\STMicroelectronics.X-CUBE-ST67W61.1.1.0.pdsc: PDSC version is not supported
2026-08-18 19:02:46,844 [WARN] PackLoader:240 - Cannot read IP mode file for STMicroelectronics.X-CUBE-AI.10.1.0
2026-08-18 19:02:46,970 [ERROR] Engine:466 - C:\Users\lthst\.stm32cubemx\thirdparties\pdsc\STMicroelectronics.FP-SNS-STAIOTCFT.1.1.0.pdsc: PDSC version is not supported
2026-08-18 19:02:47,310 [WARN] PackLoader:240 - Cannot read IP mode file for STMicroelectronics.X-CUBE-MEMS1.12.0.0
2026-08-18 19:02:47,715 [WARN] PackLoader:240 - Cannot read IP mode file for STMicroelectronics.X-CUBE-MEMS1.11.2.0
2026-08-18 19:02:48,087 [WARN] PackLoader:240 - Cannot read IP mode file for STMicroelectronics.X-CUBE-AZRTOS-G0.1.1.0
2026-08-18 19:02:48,310 [WARN] PackLoader:240 - Cannot read IP mode file for STMicroelectronics.X-CUBE-SAFEA1.1.2.2
2026-08-18 19:02:48,458 [WARN] PackLoader:240 - Cannot read IP mode file for STMicroelectronics.X-CUBE-NFC4.3.0.0
2026-08-18 19:02:48,556 [WARN] PackLoader:240 - Cannot read IP mode file for EmbeddedOffice.I-CUBE-FS-RTOS.1.0.1
2026-08-18 19:02:48,671 [WARN] PackLoader:240 - Cannot read IP mode file for STMicroelectronics.X-CUBE-WB05N.2.0.0
2026-08-18 19:02:48,677 [INFO] WebApp:463 - Apply proxy settings
2026-08-18 19:02:48,678 [INFO] WebApp:548 - Chromium requires no authentication
2026-08-18 19:02:48,718 [WARN] PackLoader:240 - Cannot read IP mode file for wolfSSL.I-CUBE-wolfTPM.3.8.0
2026-08-18 19:02:48,720 [INFO] WebApp:491 - Direct internet connection detected
2026-08-18 19:02:48,816 [WARN] PackLoader:240 - Cannot read IP mode file for STMicroelectronics.X-CUBE-TCPP.4.2.0
2026-08-18 19:02:48,826 [INFO] WebApp:894 - Register for checkConnection events
2026-08-18 19:02:48,827 [INFO] WebApp:463 - Apply proxy settings
2026-08-18 19:02:48,827 [INFO] WebApp:548 - Chromium requires no authentication
2026-08-18 19:02:48,831 [INFO] WebApp:491 - Direct internet connection detected
2026-08-18 19:02:48,895 [WARN] PackLoader:240 - Cannot read IP mode file for RealThread.X-CUBE-RT-Thread_Nano.4.1.1
2026-08-18 19:02:48,964 [WARN] PackLoader:240 - Cannot read IP mode file for STMicroelectronics.FP-ATR-SIGFOX1.3.2.0
2026-08-18 19:02:49,037 [WARN] PackLoader:240 - Cannot read IP mode file for STMicroelectronics.X-CUBE-EEPRMA1.5.1.0
2026-08-18 19:02:49,075 [ERROR] Engine:466 - C:\Users\lthst\.stm32cubemx\thirdparties\pdsc\STMicroelectronics.X-CUBE-FREERTOS.1.5.0.pdsc: PDSC version is not supported
2026-08-18 19:02:49,121 [WARN] PackLoader:240 - Cannot read IP mode file for wolfSSL.I-CUBE-wolfSSL.5.7.6
2026-08-18 19:02:49,223 [WARN] PackLoader:240 - Cannot read IP mode file for ITTIA_DB.I-CUBE-ITTIADB.8.9.0
2026-08-18 19:02:49,235 [INFO] WebApp:191 - Connection restablished
2026-08-18 19:02:49,483 [WARN] PackLoader:240 - Cannot read IP mode file for STMicroelectronics.X-CUBE-NFC6.3.2.0
2026-08-18 19:02:49,699 [WARN] PackLoader:240 - Cannot read IP mode file for STMicroelectronics.X-CUBE-ST67W61.1.0.0
2026-08-18 19:02:49,743 [WARN] PackLoader:240 - Cannot read IP mode file for STMicroelectronics.X-CUBE-AI.10.2.1
2026-08-18 19:02:49,817 [WARN] PackLoader:240 - Cannot read IP mode file for STMicroelectronics.X-CUBE-AI.10.2.0
2026-08-18 19:02:49,977 [INFO] WebApp:225 - Starting web application
2026-08-18 19:02:49,977 [INFO] WebApp:593 - Web application path used C:\ST\STM32CubeIDE_1.18.0\STM32CubeIDE\plugins\com.st.stm32cube.common.mx_6.14.0.202502271554\db\plugins\mcufinder\reactClient1\index.html
2026-08-18 19:02:50,235 [WARN] PackLoader:240 - Cannot read IP mode file for STMicroelectronics.X-CUBE-MEMS1.12.1.0
2026-08-18 19:02:50,632 [WARN] PackLoader:240 - Cannot read IP mode file for SEGGER.I-CUBE-embOS.1.3.1
2026-08-18 19:02:50,780 [WARN] PackLoader:240 - Cannot read IP mode file for STMicroelectronics.X-CUBE-ALGOBUILD.1.4.0
2026-08-18 19:02:50,856 [INFO] UserAuth:486 - Internet connection configuration mode: 1
2026-08-18 19:02:50,987 [WARN] PackLoader:240 - Cannot read IP mode file for STMicroelectronics.X-CUBE-MEMS1.11.3.0
2026-08-18 19:02:51,374 [WARN] PackLoader:240 - Cannot read IP mode file for STMicroelectronics.X-CUBE-NFC13.1.0.0
2026-08-18 19:02:51,419 [WARN] PackLoader:240 - Cannot read IP mode file for STMicroelectronics.X-CUBE-PM33A1.1.0.0
2026-08-18 19:02:51,490 [WARN] PackLoader:240 - Cannot read IP mode file for STMicroelectronics.X-CUBE-AZRTOS-F4.1.1.0
2026-08-18 19:02:51,565 [WARN] PackLoader:240 - Cannot read IP mode file for Avnet-IotConnect.X-CUBE-IoTC-DA16k-PMOD.1.0.0
2026-08-18 19:02:51,643 [WARN] PackLoader:240 - Cannot read IP mode file for STMicroelectronics.X-CUBE-ISPU.2.1.0
2026-08-18 19:02:51,689 [ERROR] Engine:466 - C:\Users\lthst\.stm32cubemx\thirdparties\pdsc\STMicroelectronics.X-CUBE-IPS.3.2.0.pdsc: PDSC version is not supported
2026-08-18 19:02:51,736 [WARN] PackLoader:240 - Cannot read IP mode file for STMicroelectronics.eDS-WB_DPC_TT-BIDIR.2.1.1
2026-08-18 19:02:51,809 [WARN] PackLoader:240 - Cannot read IP mode file for STMicroelectronics.X-CUBE-NFC12.1.0.0
2026-08-18 19:02:51,923 [WARN] PackLoader:240 - Cannot read IP mode file for STMicroelectronics.X-CUBE-AZRTOS-L5.2.0.0
2026-08-18 19:02:51,981 [WARN] PackLoader:240 - Cannot read IP mode file for STMicroelectronics.X-CUBE-NFC6.3.1.0
2026-08-18 19:02:52,050 [WARN] PackLoader:240 - Cannot read IP mode file for STMicroelectronics.X-CUBE-ALGOBUILD.1.5.0
2026-08-18 19:02:52,100 [WARN] PackLoader:240 - Cannot read IP mode file for STMicroelectronics.X-CUBE-DPower.1.2.0
2026-08-18 19:02:52,152 [WARN] PackLoader:240 - Cannot read IP mode file for STMicroelectronics.eDS-WB_DPC_VIENNA.1.2.0
2026-08-18 19:02:52,315 [WARN] PackLoader:240 - Cannot read IP mode file for STMicroelectronics.X-CUBE-MEMS1.13.0.0
2026-08-18 19:02:52,588 [WARN] PackLoader:240 - Cannot read IP mode file for STMicroelectronics.eDS-WB_DPC_3PH2L-BIDIR.1.1.1
2026-08-18 19:02:52,649 [ERROR] Engine:466 - C:\Users\lthst\.stm32cubemx\thirdparties\pdsc\STMicroelectronics.X-CUBE-ST67W61.1.3.0.pdsc: PDSC version is not supported
2026-08-18 19:02:52,726 [WARN] PackLoader:240 - Cannot read IP mode file for STMicroelectronics.X-CUBE-FREERTOS.1.3.1
2026-08-18 19:02:52,786 [WARN] PackLoader:240 - Cannot read IP mode file for STMicroelectronics.X-CUBE-FREERTOS.1.3.0
2026-08-18 19:02:52,870 [WARN] PackLoader:240 - Cannot read IP mode file for STMicroelectronics.X-CUBE-NFC7.1.0.1
2026-08-18 19:02:52,923 [WARN] PackLoader:240 - Cannot read IP mode file for STMicroelectronics.X-CUBE-TOUCHGFX.4.26.0
2026-08-18 19:02:52,966 [WARN] PackLoader:240 - Cannot read IP mode file for STMicroelectronics.X-CUBE-TOUCHGFX.4.26.1
2026-08-18 19:02:53,002 [WARN] PackLoader:240 - Cannot read IP mode file for STMicroelectronics.FP-SNS-STAIOTCFT.1.0.0
2026-08-18 19:02:53,043 [WARN] PackLoader:240 - Cannot read IP mode file for STMicroelectronics.X-CUBE-DPower.1.3.0
2026-08-18 19:02:53,182 [WARN] ConditionMgr:438 - getConditionDescription Invalid condition id : LAN8742 Phy interface Condition cause : null
2026-08-18 19:02:53,183 [WARN] PackLoader:240 - Cannot read IP mode file for STMicroelectronics.X-CUBE-AZRTOS-L4.2.0.0
2026-08-18 19:02:53,185 [WARN] ConditionMgr:1044 - genDependencies : Invalid condition id : LAN8742 Phy interface Condition cause : null
2026-08-18 19:02:53,185 [WARN] ConditionMgr:1044 - genDependencies : Invalid condition id : LAN8742 Phy interface Condition cause : null
2026-08-18 19:02:53,187 [WARN] ConditionMgr:1044 - genDependencies : Invalid condition id : LAN8742 Phy interface Condition cause : null
2026-08-18 19:02:53,232 [WARN] PackLoader:240 - Cannot read IP mode file for STMicroelectronics.X-CUBE-SFXS2LP1.4.0.0
2026-08-18 19:02:53,281 [WARN] PackLoader:240 - Cannot read IP mode file for STMicroelectronics.X-CUBE-WB05N.2.1.0
2026-08-18 19:02:53,340 [ERROR] Engine:466 - C:\Users\lthst\.stm32cubemx\thirdparties\pdsc\STMicroelectronics.X-CUBE-ST67W61.1.2.0.pdsc: PDSC version is not supported
2026-08-18 19:02:53,440 [WARN] PackLoader:240 - Cannot read IP mode file for STMicroelectronics.X-CUBE-AZRTOS-H7.3.3.0
2026-08-18 19:02:53,562 [WARN] PackLoader:240 - Cannot read IP mode file for STMicroelectronics.X-CUBE-BLEMGR.4.1.0
2026-08-18 19:02:53,672 [WARN] ConditionMgr:438 - getConditionDescription Invalid condition id : UX DEVICE CLASS RTOS Condition cause : null
2026-08-18 19:02:53,672 [WARN] ConditionMgr:438 - getConditionDescription Invalid condition id : UX DEVICE CLASS RTOS Condition cause : null
2026-08-18 19:02:53,677 [WARN] PackLoader:240 - Cannot read IP mode file for STMicroelectronics.X-CUBE-AZRTOS-WB.2.0.0
2026-08-18 19:02:53,681 [WARN] ConditionMgr:1044 - genDependencies : Invalid condition id : UX DEVICE CLASS RTOS Condition cause : null
2026-08-18 19:02:53,683 [WARN] ConditionMgr:1044 - genDependencies : Invalid condition id : UX DEVICE CLASS RTOS Condition cause : null
2026-08-18 19:02:53,684 [WARN] ConditionMgr:1044 - genDependencies : Invalid condition id : UX DEVICE CLASS RTOS Condition cause : null
2026-08-18 19:02:53,684 [WARN] ConditionMgr:1044 - genDependencies : Invalid condition id : UX DEVICE CLASS RTOS Condition cause : null
2026-08-18 19:02:53,684 [WARN] ConditionMgr:1044 - genDependencies : Invalid condition id : UX DEVICE CLASS RTOS Condition cause : null
2026-08-18 19:02:53,741 [WARN] PackLoader:240 - Cannot read IP mode file for STMicroelectronics.X-CUBE-GNSS1.7.0.1
2026-08-18 19:02:53,866 [WARN] PackLoader:240 - Cannot read IP mode file for STMicroelectronics.X-CUBE-TOUCHGFX.4.25.0
2026-08-18 19:02:53,919 [WARN] PackLoader:240 - Cannot read IP mode file for STMicroelectronics.FP-SNS-STBOX1.2.0.0
2026-08-18 19:02:53,984 [WARN] PackLoader:240 - Cannot read IP mode file for STMicroelectronics.X-CUBE-STSE01.2.0.0
2026-08-18 19:02:54,088 [WARN] PackLoader:240 - Cannot read IP mode file for STMicroelectronics.X-CUBE-SUBG2.5.0.0
2026-08-18 19:02:54,200 [WARN] PackLoader:240 - Cannot read IP mode file for STMicroelectronics.X-CUBE-AZRTOS-H7RS.1.1.0
2026-08-18 19:02:54,284 [WARN] PackLoader:240 - Cannot read IP mode file for Cesanta.I-CUBE-Mongoose.7.13.0
2026-08-18 19:02:54,391 [WARN] PackLoader:240 - Cannot read IP mode file for STMicroelectronics.X-CUBE-AZRTOS-G4.2.0.0
2026-08-18 19:02:54,449 [WARN] PackLoader:240 - Cannot read IP mode file for wolfSSL.I-CUBE-wolfSSH.1.4.20
2026-08-18 19:02:54,491 [WARN] PackLoader:240 - Cannot read IP mode file for STMicroelectronics.X-CUBE-NFC7.2.0.0
2026-08-18 19:02:54,563 [WARN] PackLoader:240 - Cannot read IP mode file for STMicroelectronics.X-CUBE-IPS.3.1.0
2026-08-18 19:02:54,624 [ERROR] Engine:466 - C:\Users\lthst\.stm32cubemx\thirdparties\pdsc\STMicroelectronics.X-CUBE-BLEMGR.4.2.0.pdsc: PDSC version is not supported
2026-08-18 19:02:54,684 [WARN] PackLoader:240 - Cannot read IP mode file for STMicroelectronics.X-CUBE-ALS.1.0.2
2026-08-18 19:02:54,741 [WARN] PackLoader:240 - Cannot read IP mode file for STMicroelectronics.X-CUBE-STSE01.1.0.0
2026-08-18 19:02:54,827 [WARN] PackLoader:240 - Cannot read IP mode file for portGmbH.I-Cube-SoM-uGOAL.1.1.0
2026-08-18 19:02:54,897 [WARN] PackLoader:240 - Cannot read IP mode file for STMicroelectronics.X-CUBE-TOF1.3.4.2
2026-08-18 19:02:54,977 [WARN] PackLoader:240 - Cannot read IP mode file for STMicroelectronics.X-CUBE-TOF1.3.4.3
2026-08-18 19:02:54,993 [INFO] ThirdParty:978 - Integrity check success = true
2026-08-18 19:02:54,993 [INFO] IntegrityCheckThread:100 - exiting critical section [integrity check]
2026-08-18 19:02:54,993 [INFO] IntegrityCheckThread:103 - End integrity checks thread
2026-08-18 19:03:30,618 [INFO] McuFinderGlobals:63 - Set McuFinder mode to 2 (CubeIDE integrated)
2026-08-18 19:03:30,664 [INFO] MainUpdater:2872 - connection check result : 10
2026-08-18 19:03:30,715 [INFO] McuFinderGlobals:76 - Set McuFinderConnectedMode to true
2026-08-18 19:03:31,038 [INFO] ServerAccessManage:473 - Download File mcusAds.json._tmp_
2026-08-18 19:03:31,154 [INFO] LoadUrlFilesThread:156 - End of LoadUrlFiles Thread
2026-08-18 19:03:31,497 [INFO] ServerAccessManage:473 - Download File cube-finder-db.zip
2026-08-18 19:03:35,964 [INFO] FileExtend:242 - Unzip File : cube-finder-db.zip
2026-08-18 19:03:35,965 [INFO] FileExtend:257 - Standard Zip Deflate
2026-08-18 19:03:37,356 [INFO] LoadUrlFilesThread:156 - End of LoadUrlFiles Thread
2026-08-18 19:03:58,524 [ERROR] ServerAccessManage:1172 - Problem during Server Connection :  IO error Connection timed out: getsockopt
2026-08-18 19:03:58,525 [ERROR] ServerAccessManage:651 - Problem during Server Connection :  : crdb.zip.
2026-08-18 19:04:04,686 [INFO] LoadUrlFilesThread:156 - End of LoadUrlFiles Thread
2026-08-18 19:04:05,925 [INFO] DbMcusAds:53 - JSON generation date=Wed Jul 15 18:44:54 KST 2026 (1784108694001)
2026-08-18 19:04:05,956 [ERROR] TargetSelectorAdapter:267 - Unable to refresh data
2026-08-18 19:04:06,990 [INFO] ApiDb:581 - Connected to CubeFinder SQLite database (C:\Users\lthst\.stmcufinder\plugins\mcufinder\mcu\cube-finder-db.db)
2026-08-18 19:04:07,197 [INFO] ApiDb:668 - CubeFinder database Data Model version=2.1
2026-08-18 19:04:07,198 [INFO] ApiDb:669 - CubeFinder database Configuration version=3.0.42
2026-08-18 19:04:07,198 [INFO] ApiDb:670 - CubeFinder database generation date=2026-06-23 (1782213372)
2026-08-18 19:04:07,198 [INFO] ApiDb:671 - CubeFinder database FW Pack versions=[FP-ATR-ASTRA1_V2.0.0, FP-SNS-FLIGHT1_V5.1.0, FP-SNS-MOTENV1_V5.1.0, FP-SNS-MOTENVWB1_V1.5.0, FP-SNS-SMARTAG2_V1.2.0, FP-SNS-STBOX1_V2.1.0, STM32Cube_FW_C0_V1.4.0, STM32Cube_FW_F4_V1.28.3, STM32Cube_FW_F7_V1.17.4, STM32Cube_FW_G0_V1.6.3, STM32Cube_FW_G4_V1.6.2, STM32Cube_FW_H5_V1.7.0, STM32Cube_FW_H7RS_V1.3.0, STM32Cube_FW_H7_V1.13.0, STM32Cube_FW_L0_V1.12.2, STM32Cube_FW_L4_V1.18.2, STM32Cube_FW_L5_V1.6.0, STM32Cube_FW_N6_V1.4.0, STM32Cube_FW_U0_V1.3.0, STM32Cube_FW_U3_V1.4.0, STM32Cube_FW_U5_V1.9.0, STM32Cube_FW_WB0_V1.5.0, STM32Cube_FW_WBA_V1.10.0, STM32Cube_FW_WB_V1.24.0, STM32Cube_FW_WL3_V1.5.0, STM32Cube_FW_WL_V1.6.0, X-CUBE-ALGOBUILD_V1.5.0, X-CUBE-ALS_V1.0.2, X-CUBE-AZRTOS-F4_V1.1.0, X-CUBE-AZRTOS-F7_V1.1.0, X-CUBE-AZRTOS-G0_V1.1.0, X-CUBE-AZRTOS-G4_V2.0.0, X-CUBE-AZRTOS-H7RS_V1.1.0, X-CUBE-AZRTOS-H7_V3.5.0, X-CUBE-AZRTOS-L4_V2.0.0, X-CUBE-AZRTOS-L5_V2.0.0, X-CUBE-AZRTOS-WB_V2.0.0, X-CUBE-AZRTOS-WL_V2.0.0, X-CUBE-BLE1_V7.1.0, X-CUBE-BLE2_V3.3.0, X-CUBE-BLEMGR_V4.1.0, X-CUBE-EEPRMA1_V5.2.0, X-CUBE-FREERTOS_V1.5.0, X-CUBE-GNSS1_V7.1.1, X-CUBE-MEMS1_V12.1.0, X-CUBE-NFC4_V3.0.0, X-CUBE-NFC7_V2.0.0, X-CUBE-SFXS2LP1_V4.0.0, X-CUBE-ST67W61_V1.3.0, X-CUBE-SUBG2_V5.0.0, X-CUBE-TOF1_V3.4.3]
2026-08-18 19:04:07,334 [INFO] DbBoardsSqlite:226 - include board P-NUCLEO-WB55-NUCLEO as a kit item of type 'Nucleo-64'
2026-08-18 19:04:07,335 [INFO] DbBoardsSqlite:226 - include board P-NUCLEO-WB55-USBDONGLE as a kit item of type 'Nucleo USB Dongle'
2026-08-18 19:04:07,336 [INFO] DbBoardsSqlite:226 - include board STEVAL-IDP005V1 as a kit item of type 'Evaluation Board'
2026-08-18 19:04:07,337 [INFO] DbBoardsSqlite:226 - include board STEVAL-IDP005V2 as a kit item of type 'Evaluation Board'
2026-08-18 19:04:07,517 [INFO] ApiDb:240 - Found 895 in-development CPN: [B-G473E-ZEST1S, B-WB1M-WPAN1, B-WBA5M-WPAN, B-WL5M-SUBG1, NUCLEO-C031C6, NUCLEO-C051C8, NUCLEO-C071RB, NUCLEO-C092RC, NUCLEO-H503RB, NUCLEO-H533RE, NUCLEO-H563ZI, NUCLEO-H7S3L8, NUCLEO-N657X0-Q, NUCLEO-U031R8, NUCLEO-U083RC, NUCLEO-U385RG-Q, NUCLEO-U545RE-Q, NUCLEO-U5A5ZJ-Q, NUCLEO-WB05KZ, NUCLEO-WB07CC, NUCLEO-WB09KE, NUCLEO-WBA52CG, NUCLEO-WBA55CG, NUCLEO-WBA65RI, NUCLEO-WL33CC1, NUCLEO-WL33CC2, STEVAL-PROTEUS1, STEVAL-SMARTAG2, STEVAL-STWINBX1, STM320518-EVAL, STM32C0116-DK, STM32C011D6Y3TR, STM32C011D6Y6TR, STM32C011F4P3, STM32C011F4P6, STM32C011F4U3, STM32C011F4U6TR, STM32C011F6P3, STM32C011F6P6, STM32C011F6U3, STM32C011F6U6TR, STM32C011J4M3, STM32C011J4M6, STM32C011J6M3, STM32C011J6M6, STM32C0316-DK, STM32C031C4T3, STM32C031C4T6, STM32C031C4U3, STM32C031C4U6, STM32C031C6T3, STM32C031C6T6, STM32C031C6U3, STM32C031C6U6, STM32C031F4P3, STM32C031F4P6, STM32C031F6P3, STM32C031F6P6, STM32C031G4U3, STM32C031G4U6, STM32C031G6U3, STM32C031G6U6, STM32C031K4T3, STM32C031K4T6, STM32C031K4U3, STM32C031K4U6, STM32C031K6T3, STM32C031K6T6, STM32C031K6U3, STM32C031K6U6, STM32C051C6T6, STM32C051C6U6, STM32C051C8T6, STM32C051C8U6, STM32C051D8Y6TR, STM32C051F6P6, STM32C051F8P6, STM32C051G6U6, STM32C051G8U6, STM32C051K6T6, STM32C051K6U6, STM32C051K8T6, STM32C071C8T6, STM32C071C8T6N, STM32C071C8U6, STM32C071C8U6N, STM32C071CBT6, STM32C071CBT6N, STM32C071CBU6, STM32C071CBU6N, STM32C071F8P6, STM32C071F8P6N, STM32C071FBP6, STM32C071FBP6N, STM32C071FBY6TR, STM32C071G8U6, STM32C071G8U6N, STM32C071GBU6, STM32C071GBU6N, STM32C071K8T6, STM32C071K8T6N, STM32C071K8U6, STM32C071K8U6N, STM32C071KBT6, STM32C071KBT6N, STM32C071KBU6, STM32C071KBU6N, STM32C071R8T6, STM32C071R8T6N, STM32C071RBI6N, STM32C071RBT6, STM32C071RBT6N, STM32C091CBT6, STM32C091CBU6, STM32C091CCT6, STM32C091CCU6, STM32C091ECY6TR, STM32C091FBP6, STM32C091FCP6, STM32C091GBU6, STM32C091GCU6, STM32C091KBT6, STM32C091KBU6, STM32C091KCT6, STM32C091KCU6, STM32C091RBT6, STM32C091RCI6, STM32C091RCT6, STM32C092CBT6, STM32C092CBU6, STM32C092CCT6, STM32C092CCU6, STM32C092ECY6TR, STM32C092FBP6, STM32C092FCP6, STM32C092GBU6, STM32C092GCU6, STM32C092KBT6, STM32C092KBU6, STM32C092KCT6, STM32C092KCU6, STM32C092RBT6, STM32C092RCI6, STM32C092RCT6, STM32G071K8TXN, STM32G071K8UXN, STM32G081GBU6N, STM32G081KBT6N, STM32G081KBUXN, STM32G0B1CCT6N, STM32G0B1KCT6, STM32G0B1NEY6TR, STM32G0B1RCT6N, STM32G0C1CCT6, STM32G0C1CCT6N, STM32G0C1CCU6N, STM32G0C1CET6N, STM32G0C1CEU6N, STM32G0C1KCT6, STM32G0C1NEY6TR, STM32G0C1RCI6N, STM32G0C1RCT6N, STM32G0C1REI6N, STM32G0C1RET6N, STM32G0C1VCI6, STM32G0C1VEI6, STM32G411C6T3, STM32G411C6T6, STM32G411C6U3, STM32G411C6U6, STM32G411C8T3, STM32G411C8T6, STM32G411C8U3, STM32G411C8U6, STM32G411CBT3, STM32G411CBT6, STM32G411CBU3, STM32G411CBU6, STM32G411CCT3, STM32G411CCT6, STM32G411CCU3, STM32G411CCU6, STM32G411K6T3, STM32G411K6T6, STM32G411K6U3, STM32G411K6U6, STM32G411K8T3, STM32G411K8T6, STM32G411K8U3, STM32G411K8U6, STM32G411KBT3, STM32G411KBT6, STM32G411KBU3, STM32G411KBU6, STM32G411M6T3, STM32G411M6T6, STM32G411M8T3, STM32G411M8T6, STM32G411MBT3, STM32G411MBT6, STM32G411MCT3, STM32G411MCT6, STM32G411R6T3, STM32G411R6T6, STM32G411R8T3, STM32G411R8T6, STM32G411RBT3, STM32G411RBT6, STM32G411RCT3, STM32G411RCT6, STM32G414CBT3, STM32G414CBT6, STM32G414CBU3, STM32G414CBU6, STM32G414CCT3, STM32G414CCT6, STM32G414CCU3, STM32G414CCU6, STM32G414MBT3, STM32G414MBT6, STM32G414MCT3, STM32G414MCT6, STM32G414RBT3, STM32G414RBT6, STM32G414RCT3, STM32G414RCT6, STM32G414VBT3, STM32G414VBT6, STM32G414VCT3, STM32G414VCT6, STM32G431CBT3Z, STM32G431RBT3Z, STM32G471CCT6, STM32G471CCU6, STM32G471CET3, STM32G471CET6, STM32G471CEU3, STM32G471CEU6, STM32G471MCT6, STM32G471MET3, STM32G471MET6, STM32G471MEY6TR, STM32G471QCT6, STM32G471QET3, STM32G471RCT6, STM32G471RET3, STM32G471RET6, STM32G471VCH6, STM32G471VCI6, STM32G471VCT6, STM32G471VEH3, STM32G471VEH6, STM32G471VEI3, STM32G471VEI6, STM32G471VET3, STM32G471VET6, STM32G473QET3Z, STM32G473RET3Z, STM32G474CCT6, STM32G491RET3Z, STM32H503CBT6, STM32H503CBU6, STM32H503EBY6TR, STM32H503KBU6, STM32H503RBT6, STM32H523CCT6, STM32H523CCU6, STM32H523CET6, STM32H523CEU6, STM32H523HEY6TR, STM32H523RCT6, STM32H523RET6, STM32H523VCI6, STM32H523VCT6, STM32H523VEI6, STM32H523VET6, STM32H523ZCJ6, STM32H523ZCT6, STM32H523ZEJ6, STM32H523ZET6, STM32H533CET6, STM32H533CEU6, STM32H533HEY6TR, STM32H533RET6, STM32H533VEI6, STM32H533VET6, STM32H533ZEJ6, STM32H533ZET6, STM32H562AGI6, STM32H562AII6, STM32H562IGK6, STM32H562IGT6, STM32H562IIK6, STM32H562IIT6, STM32H562RGT6, STM32H562RGV6, STM32H562RIT6, STM32H562RIV6, STM32H562VGT6, STM32H562VIT6, STM32H562ZGT6, STM32H562ZIT6, STM32H563AGI6, STM32H563AII3Q, STM32H563AII6, STM32H563IGK6, STM32H563IGT6, STM32H563IIK3Q, STM32H563IIK6, STM32H563IIT3Q, STM32H563IIT6, STM32H563MIY3QTR, STM32H563RGT6, STM32H563RGV6, STM32H563RIT6, STM32H563RIV6, STM32H563VGT6, STM32H563VIT3Q, STM32H563VIT6, STM32H563ZGT6, STM32H563ZIT3Q, STM32H563ZIT6, STM32H573AII3Q, STM32H573AII6, STM32H573I-DK, STM32H573IIK3Q, STM32H573IIK6, STM32H573IIT3Q, STM32H573IIT6, STM32H573MIY3QTR, STM32H573RIT6, STM32H573RIV6, STM32H573VIT3Q, STM32H573VIT6, STM32H573ZIT3Q, STM32H573ZIT6, STM32H7R3A8I6, STM32H7R3I8K6, STM32H7R3I8T6, STM32H7R3L8H6, STM32H7R3L8H6H, STM32H7R3R8V6, STM32H7R3V8H6, STM32H7R3V8T6, STM32H7R3V8Y6TR, STM32H7R3Z8J6, STM32H7R3Z8T6, STM32H7R7A8I6, STM32H7R7I8K6, STM32H7R7I8T6, STM32H7R7L8H6, STM32H7R7L8H6H, STM32H7R7Z8J6, STM32H7S3A8I6, STM32H7S3I8K6, STM32H7S3I8T6, STM32H7S3L8H6, STM32H7S3L8H6H, STM32H7S3R8V6, STM32H7S3V8H6, STM32H7S3V8T6, STM32H7S3V8Y6TR, STM32H7S3Z8J6, STM32H7S3Z8T6, STM32H7S78-DK, STM32H7S7A8I6, STM32H7S7I8K6, STM32H7S7I8T6, STM32H7S7L8H6, STM32H7S7L8H6H, STM32H7S7Z8J6, STM32L4R5QGI6STR, STM32MP131AAE3, STM32MP131AAF3, STM32MP131AAG3, STM32MP131CAE3, STM32MP131CAF3, STM32MP131CAG3, STM32MP131DAE7, STM32MP131DAF7, STM32MP131DAG7, STM32MP131FAE7, STM32MP131FAF7, STM32MP131FAG7, STM32MP133AAE3, STM32MP133AAF3, STM32MP133AAG3, STM32MP133CAE3, STM32MP133CAF3, STM32MP133CAG3, STM32MP133DAE7, STM32MP133DAF7, STM32MP133DAG7, STM32MP133FAE7, STM32MP133FAF7, STM32MP133FAG7, STM32MP135AAE3, STM32MP135AAF3, STM32MP135AAG3, STM32MP135CAE3, STM32MP135CAF3, STM32MP135CAG3, STM32MP135DAE7, STM32MP135DAF7, STM32MP135DAG7, STM32MP135F-DK, STM32MP135FAE7, STM32MP135FAF7, STM32MP135FAF7T, STM32MP135FAF7U, STM32MP135FAG7, STM32MP231AAJ3, STM32MP231AAK3, STM32MP231AAL3, STM32MP231CAJ3, STM32MP231CAK3, STM32MP231CAL3, STM32MP231DAJ3, STM32MP231DAK3, STM32MP231DAL3, STM32MP231FAJ3, STM32MP231FAK3, STM32MP231FAL3, STM32MP233AAJ3, STM32MP233AAK3, STM32MP233AAL3, STM32MP233CAJ3, STM32MP233CAK3, STM32MP233CAL3, STM32MP233DAJ3, STM32MP233DAK3, STM32MP233DAL3, STM32MP233FAJ3, STM32MP233FAK3, STM32MP233FAL3, STM32MP235AAJ3, STM32MP235AAK3, STM32MP235AAL3, STM32MP235CAJ3, STM32MP235CAK3, STM32MP235CAL3, STM32MP235DAJ3, STM32MP235DAK3, STM32MP235DAL3, STM32MP235FAJ3, STM32MP235FAK3, STM32MP235FAL3, STM32MP251AAI3, STM32MP251AAJ3, STM32MP251AAK3, STM32MP251AAL3, STM32MP251CAI3, STM32MP251CAJ3, STM32MP251CAK3, STM32MP251CAL3, STM32MP251DAI3, STM32MP251DAJ3, STM32MP251DAK3, STM32MP251DAL3, STM32MP251FAI3, STM32MP251FAJ3, STM32MP251FAK3, STM32MP251FAL3, STM32MP253AAI3, STM32MP253AAJ3, STM32MP253AAK3, STM32MP253AAL3, STM32MP253CAI3, STM32MP253CAJ3, STM32MP253CAK3, STM32MP253CAL3, STM32MP253DAI3, STM32MP253DAJ3, STM32MP253DAK3, STM32MP253DAL3, STM32MP253FAI3, STM32MP253FAJ3, STM32MP253FAK3, STM32MP253FAL3, STM32MP255AAI3, STM32MP255AAJ3, STM32MP255AAK3, STM32MP255AAL3, STM32MP255CAI3, STM32MP255CAJ3, STM32MP255CAK3, STM32MP255CAL3, STM32MP255DAI3, STM32MP255DAJ3, STM32MP255DAK3, STM32MP255DAL3, STM32MP255FAI3, STM32MP255FAJ3, STM32MP255FAK3, STM32MP255FAL3, STM32MP257AAI3, STM32MP257AAJ3, STM32MP257AAK3, STM32MP257AAL3, STM32MP257CAI3, STM32MP257CAJ3, STM32MP257CAK3, STM32MP257CAL3, STM32MP257DAI3, STM32MP257DAJ3, STM32MP257DAK3, STM32MP257DAL3, STM32MP257F-DK, STM32MP257F-EV1, STM32MP257FAI3, STM32MP257FAJ3, STM32MP257FAK3, STM32MP257FAL3, STM32N645A0H3Q, STM32N645B0H3Q, STM32N645I0H3Q, STM32N645L0H3Q, STM32N645X0H3Q, STM32N645Z0H3Q, STM32N647A0H3Q, STM32N647B0H3Q, STM32N647I0H3Q, STM32N647L0H3Q, STM32N647X0H3Q, STM32N647Z0H3Q, STM32N655A0H3Q, STM32N655B0H3Q, STM32N655I0H3Q, STM32N655L0H3Q, STM32N655X0H3Q, STM32N655Z0H3Q, STM32N6570-DK, STM32N657A0H3Q, STM32N657B0H3Q, STM32N657I0H3Q, STM32N657L0H3Q, STM32N657X0H3Q, STM32N657Z0H3Q, STM32U031C6T6, STM32U031C6U6, STM32U031C8T6, STM32U031C8U6, STM32U031F4P6, STM32U031F6P6, STM32U031F8P6, STM32U031G6Y6TR, STM32U031G8Y6TR, STM32U031K4U6, STM32U031K6U6, STM32U031K8U6, STM32U031R6I6, STM32U031R6T6, STM32U031R8I6, STM32U031R8T6, STM32U073C8T6, STM32U073C8U6, STM32U073CBT6, STM32U073CBU6, STM32U073CCT6, STM32U073CCU6, STM32U073H8Y6TR, STM32U073HBY6TR, STM32U073HCY6TR, STM32U073K8U6, STM32U073KBU6, STM32U073KCU6, STM32U073M8I6, STM32U073M8T6, STM32U073MBI6, STM32U073MBT6, STM32U073MCI6, STM32U073MCT6, STM32U073R8I6, STM32U073R8T6, STM32U073RBI6, STM32U073RBT6, STM32U073RCI6, STM32U073RCT6, STM32U083C-DK, STM32U083CCT6, STM32U083CCU6, STM32U083HCY6TR, STM32U083KCU6, STM32U083MCI6, STM32U083MCT6, STM32U083RCI6, STM32U083RCT6, STM32U375CET6, STM32U375CET6Q, STM32U375CEU6, STM32U375CEU6Q, STM32U375CEY6QTR, STM32U375CGT6, STM32U375CGT6Q, STM32U375CGU6, STM32U375CGU6Q, STM32U375CGY6QTR, STM32U375KEU6, STM32U375KGU6, STM32U375REI6, STM32U375REI6Q, STM32U375RET6, STM32U375RET6Q, STM32U375REY6GTR, STM32U375REY6QTR, STM32U375RGI6, STM32U375RGI6Q, STM32U375RGT6, STM32U375RGT6Q, STM32U375RGY6GTR, STM32U375RGY6QTR, STM32U375VEI6, STM32U375VEI6Q, STM32U375VET6, STM32U375VET6Q, STM32U375VGI6, STM32U375VGI6Q, STM32U375VGT6, STM32U375VGT6Q, STM32U385CGT6, STM32U385CGT6Q, STM32U385CGU6, STM32U385CGU6Q, STM32U385CGY6QTR, STM32U385KGU6, STM32U385RGI6, STM32U385RGI6Q, STM32U385RGT6, STM32U385RGT6Q, STM32U385RGY6GTR, STM32U385RGY6QTR, STM32U385VGI6, STM32U385VGI6Q, STM32U385VGT6, STM32U385VGT6Q, STM32U535CBT6, STM32U535CBT6Q, STM32U535CBU6, STM32U535CBU6Q, STM32U535CCT6, STM32U535CCT6Q, STM32U535CCU6, STM32U535CCU6Q, STM32U535CET6, STM32U535CET6Q, STM32U535CEU6, STM32U535CEU6Q, STM32U535JEY6QTR, STM32U535NCY6QTR, STM32U535NEY6QTR, STM32U535RBI6, STM32U535RBI6Q, STM32U535RBT6, STM32U535RBT6Q, STM32U535RCI6, STM32U535RCI6Q, STM32U535RCT6, STM32U535RCT6Q, STM32U535REI6, STM32U535REI6Q, STM32U535RET6, STM32U535RET6Q, STM32U535VCI6, STM32U535VCI6Q, STM32U535VCT6, STM32U535VCT6Q, STM32U535VEI6, STM32U535VEI6Q, STM32U535VET6, STM32U535VET6Q, STM32U545CET6, STM32U545CET6Q, STM32U545CEU6, STM32U545CEU6Q, STM32U545JEY6QTR, STM32U545NEY6QTR, STM32U545REI6, STM32U545REI6Q, STM32U545RET6, STM32U545RET6Q, STM32U545VEI6, STM32U545VEI6Q, STM32U545VET6, STM32U545VET6Q, STM32U595AIH6, STM32U595AIH6Q, STM32U595AJH6, STM32U595AJH6Q, STM32U595QII6, STM32U595QII6Q, STM32U595QJI6, STM32U595QJI6Q, STM32U595RIT6, STM32U595RIT6Q, STM32U595RJT6, STM32U595RJT6Q, STM32U595VIT6, STM32U595VIT6Q, STM32U595VJT6, STM32U595VJT6Q, STM32U595ZIT6, STM32U595ZIT6Q, STM32U595ZIY6QTR, STM32U595ZJT6, STM32U595ZJT6Q, STM32U595ZJY6QTR, STM32U599BJY6QTR, STM32U599NIH6Q, STM32U599NJH6Q, STM32U599VIT6Q, STM32U599VJT6, STM32U599VJT6Q, STM32U599ZIT6Q, STM32U599ZIY6QTR, STM32U599ZJT6Q, STM32U599ZJY6QTR, STM32U5A5AJH6, STM32U5A5AJH6Q, STM32U5A5QII3Q , STM32U5A5QJI6, STM32U5A5QJI6Q, STM32U5A5RJT6, STM32U5A5RJT6Q, STM32U5A5VJT6, STM32U5A5VJT6Q, STM32U5A5ZJT6, STM32U5A5ZJT6Q, STM32U5A5ZJY6QTR, STM32U5A9BJY6QTR, STM32U5A9J-DK, STM32U5A9NJH6Q, STM32U5A9VJT6Q, STM32U5A9ZJT6Q, STM32U5A9ZJY6QTR, STM32U5F7VIT6, STM32U5F7VIT6Q, STM32U5F7VJT6, STM32U5F7VJT6Q, STM32U5F9BJY6QTR, STM32U5F9NJH6Q, STM32U5F9VIT6Q, STM32U5F9VJT6Q, STM32U5F9ZIJ6QTR, STM32U5F9ZIT6Q, STM32U5F9ZJJ6QTR, STM32U5F9ZJT6Q, STM32U5G7VJT6, STM32U5G7VJT6Q, STM32U5G9BJY6QTR, STM32U5G9J-DK1, STM32U5G9J-DK2, STM32U5G9NJH6Q, STM32U5G9VJT6Q, STM32U5G9ZJJ6QTR, STM32U5G9ZJT6Q, STM32WB05KZV6TR, STM32WB05KZV7TR, STM32WB05TZF6TR, STM32WB05TZF7TR, STM32WB06CCF6TR, STM32WB06CCF7TR, STM32WB06CCV6TR, STM32WB06CCV7TR, STM32WB06KCV6TR, STM32WB06KCV7TR, STM32WB07CCF6TR, STM32WB07CCF7TR, STM32WB07CCV6TR, STM32WB07CCV7TR, STM32WB07KCV6TR, STM32WB07KCV7TR, STM32WB09KEV6TR, STM32WB09KEV7TR, STM32WB09TEF6TR, STM32WB09TEF7TR, STM32WB1MMCH6, STM32WBA50KGU6, STM32WBA50KGU6TR, STM32WBA52CEU6, STM32WBA52CEU6TR, STM32WBA52CEU7, STM32WBA52CEU7TR, STM32WBA52CGU6, STM32WBA52CGU6TR, STM32WBA52CGU6U, STM32WBA52CGU7, STM32WBA52CGU7TR, STM32WBA52KEU6, STM32WBA52KEU6TR, STM32WBA52KGU6, STM32WBA52KGU6TR, STM32WBA54CEU6, STM32WBA54CEU6TR, STM32WBA54CEU7, STM32WBA54CEU7TR, STM32WBA54CGU6, STM32WBA54CGU6TR, STM32WBA54CGU7, STM32WBA54CGU7TR, STM32WBA54KEU6, STM32WBA54KEU6TR, STM32WBA54KEU7, STM32WBA54KEU7TR, STM32WBA54KGU6, STM32WBA54KGU6TR, STM32WBA54KGU7, STM32WBA54KGU7TR, STM32WBA55CEU6, STM32WBA55CEU6TR, STM32WBA55CEU7, STM32WBA55CEU7TR, STM32WBA55CGU6, STM32WBA55CGU6TR, STM32WBA55CGU6U, STM32WBA55CGU7, STM32WBA55CGU7TR, STM32WBA55G-DK1, STM32WBA55HEF6, STM32WBA55HEF7, STM32WBA55HGF6, STM32WBA55HGF7, STM32WBA55UEI6, STM32WBA55UEI6TR, STM32WBA55UEI7, STM32WBA55UEI7TR, STM32WBA55UGI6, STM32WBA55UGI6TR, STM32WBA55UGI7, STM32WBA55UGI7TR, STM32WBA5MJGH6TR, STM32WBA62CGU6, STM32WBA62CIU6, STM32WBA62MGF6, STM32WBA62MIF6, STM32WBA62PGI6, STM32WBA62PII6, STM32WBA63CGU6, STM32WBA63CGU7, STM32WBA63CIU6, STM32WBA63CIU7, STM32WBA64CGU6, STM32WBA64CGU7, STM32WBA64CIU6, STM32WBA64CIU7, STM32WBA65CGU6, STM32WBA65CGU7, STM32WBA65CIU6, STM32WBA65CIU7, STM32WBA65I-DK1, STM32WBA65MGF6, STM32WBA65MGF7, STM32WBA65MIF6, STM32WBA65MIF7, STM32WBA65PGI6, STM32WBA65PGI7, STM32WBA65PII6, STM32WBA65PII7, STM32WBA65RGV6, STM32WBA65RGV7, STM32WBA65RIV6, STM32WBA65RIV7, STM32WL30K8V6, STM32WL30KBV6, STM32WL31C8V6, STM32WL31CBV6, STM32WL31K8V6, STM32WL31KBV6, STM32WL33C8V6, STM32WL33C8V6TR, STM32WL33C8V7, STM32WL33C8V7TR, STM32WL33CBV6, STM32WL33CBV6TR, STM32WL33CBV7, STM32WL33CBV7TR, STM32WL33CCV6, STM32WL33CCV6TR, STM32WL33CCV7, STM32WL33CCV7A, STM32WL33CCV7ATR, STM32WL33CCV7TR, STM32WL33K8V6, STM32WL33K8V6TR, STM32WL33K8V7, STM32WL33K8V7TR, STM32WL33KBV6, STM32WL33KBV6TR, STM32WL33KBV7, STM32WL33KBV7TR, STM32WL33KCV6, STM32WL33KCV6TR, STM32WL33KCV7, STM32WL33KCV7TR, STM32WL5MOCH6, STM32WL5MOCH6TR]
2026-08-18 19:04:07,526 [INFO] ApiDb:668 - CubeFinder database Data Model version=2.1
2026-08-18 19:04:07,526 [INFO] ApiDb:669 - CubeFinder database Configuration version=3.0.42
2026-08-18 19:04:07,526 [INFO] ApiDb:670 - CubeFinder database generation date=2026-06-23 (1782213372)
2026-08-18 19:04:07,526 [INFO] ApiDb:671 - CubeFinder database FW Pack versions=[FP-ATR-ASTRA1_V2.0.0, FP-SNS-FLIGHT1_V5.1.0, FP-SNS-MOTENV1_V5.1.0, FP-SNS-MOTENVWB1_V1.5.0, FP-SNS-SMARTAG2_V1.2.0, FP-SNS-STBOX1_V2.1.0, STM32Cube_FW_C0_V1.4.0, STM32Cube_FW_F4_V1.28.3, STM32Cube_FW_F7_V1.17.4, STM32Cube_FW_G0_V1.6.3, STM32Cube_FW_G4_V1.6.2, STM32Cube_FW_H5_V1.7.0, STM32Cube_FW_H7RS_V1.3.0, STM32Cube_FW_H7_V1.13.0, STM32Cube_FW_L0_V1.12.2, STM32Cube_FW_L4_V1.18.2, STM32Cube_FW_L5_V1.6.0, STM32Cube_FW_N6_V1.4.0, STM32Cube_FW_U0_V1.3.0, STM32Cube_FW_U3_V1.4.0, STM32Cube_FW_U5_V1.9.0, STM32Cube_FW_WB0_V1.5.0, STM32Cube_FW_WBA_V1.10.0, STM32Cube_FW_WB_V1.24.0, STM32Cube_FW_WL3_V1.5.0, STM32Cube_FW_WL_V1.6.0, X-CUBE-ALGOBUILD_V1.5.0, X-CUBE-ALS_V1.0.2, X-CUBE-AZRTOS-F4_V1.1.0, X-CUBE-AZRTOS-F7_V1.1.0, X-CUBE-AZRTOS-G0_V1.1.0, X-CUBE-AZRTOS-G4_V2.0.0, X-CUBE-AZRTOS-H7RS_V1.1.0, X-CUBE-AZRTOS-H7_V3.5.0, X-CUBE-AZRTOS-L4_V2.0.0, X-CUBE-AZRTOS-L5_V2.0.0, X-CUBE-AZRTOS-WB_V2.0.0, X-CUBE-AZRTOS-WL_V2.0.0, X-CUBE-BLE1_V7.1.0, X-CUBE-BLE2_V3.3.0, X-CUBE-BLEMGR_V4.1.0, X-CUBE-EEPRMA1_V5.2.0, X-CUBE-FREERTOS_V1.5.0, X-CUBE-GNSS1_V7.1.1, X-CUBE-MEMS1_V12.1.0, X-CUBE-NFC4_V3.0.0, X-CUBE-NFC7_V2.0.0, X-CUBE-SFXS2LP1_V4.0.0, X-CUBE-ST67W61_V1.3.0, X-CUBE-SUBG2_V5.0.0, X-CUBE-TOF1_V3.4.3]
2026-08-18 19:04:12,687 [INFO] ApiDb:240 - Found 895 in-development CPN: [B-G473E-ZEST1S, B-WB1M-WPAN1, B-WBA5M-WPAN, B-WL5M-SUBG1, NUCLEO-C031C6, NUCLEO-C051C8, NUCLEO-C071RB, NUCLEO-C092RC, NUCLEO-H503RB, NUCLEO-H533RE, NUCLEO-H563ZI, NUCLEO-H7S3L8, NUCLEO-N657X0-Q, NUCLEO-U031R8, NUCLEO-U083RC, NUCLEO-U385RG-Q, NUCLEO-U545RE-Q, NUCLEO-U5A5ZJ-Q, NUCLEO-WB05KZ, NUCLEO-WB07CC, NUCLEO-WB09KE, NUCLEO-WBA52CG, NUCLEO-WBA55CG, NUCLEO-WBA65RI, NUCLEO-WL33CC1, NUCLEO-WL33CC2, STEVAL-PROTEUS1, STEVAL-SMARTAG2, STEVAL-STWINBX1, STM320518-EVAL, STM32C0116-DK, STM32C011D6Y3TR, STM32C011D6Y6TR, STM32C011F4P3, STM32C011F4P6, STM32C011F4U3, STM32C011F4U6TR, STM32C011F6P3, STM32C011F6P6, STM32C011F6U3, STM32C011F6U6TR, STM32C011J4M3, STM32C011J4M6, STM32C011J6M3, STM32C011J6M6, STM32C0316-DK, STM32C031C4T3, STM32C031C4T6, STM32C031C4U3, STM32C031C4U6, STM32C031C6T3, STM32C031C6T6, STM32C031C6U3, STM32C031C6U6, STM32C031F4P3, STM32C031F4P6, STM32C031F6P3, STM32C031F6P6, STM32C031G4U3, STM32C031G4U6, STM32C031G6U3, STM32C031G6U6, STM32C031K4T3, STM32C031K4T6, STM32C031K4U3, STM32C031K4U6, STM32C031K6T3, STM32C031K6T6, STM32C031K6U3, STM32C031K6U6, STM32C051C6T6, STM32C051C6U6, STM32C051C8T6, STM32C051C8U6, STM32C051D8Y6TR, STM32C051F6P6, STM32C051F8P6, STM32C051G6U6, STM32C051G8U6, STM32C051K6T6, STM32C051K6U6, STM32C051K8T6, STM32C071C8T6, STM32C071C8T6N, STM32C071C8U6, STM32C071C8U6N, STM32C071CBT6, STM32C071CBT6N, STM32C071CBU6, STM32C071CBU6N, STM32C071F8P6, STM32C071F8P6N, STM32C071FBP6, STM32C071FBP6N, STM32C071FBY6TR, STM32C071G8U6, STM32C071G8U6N, STM32C071GBU6, STM32C071GBU6N, STM32C071K8T6, STM32C071K8T6N, STM32C071K8U6, STM32C071K8U6N, STM32C071KBT6, STM32C071KBT6N, STM32C071KBU6, STM32C071KBU6N, STM32C071R8T6, STM32C071R8T6N, STM32C071RBI6N, STM32C071RBT6, STM32C071RBT6N, STM32C091CBT6, STM32C091CBU6, STM32C091CCT6, STM32C091CCU6, STM32C091ECY6TR, STM32C091FBP6, STM32C091FCP6, STM32C091GBU6, STM32C091GCU6, STM32C091KBT6, STM32C091KBU6, STM32C091KCT6, STM32C091KCU6, STM32C091RBT6, STM32C091RCI6, STM32C091RCT6, STM32C092CBT6, STM32C092CBU6, STM32C092CCT6, STM32C092CCU6, STM32C092ECY6TR, STM32C092FBP6, STM32C092FCP6, STM32C092GBU6, STM32C092GCU6, STM32C092KBT6, STM32C092KBU6, STM32C092KCT6, STM32C092KCU6, STM32C092RBT6, STM32C092RCI6, STM32C092RCT6, STM32G071K8TXN, STM32G071K8UXN, STM32G081GBU6N, STM32G081KBT6N, STM32G081KBUXN, STM32G0B1CCT6N, STM32G0B1KCT6, STM32G0B1NEY6TR, STM32G0B1RCT6N, STM32G0C1CCT6, STM32G0C1CCT6N, STM32G0C1CCU6N, STM32G0C1CET6N, STM32G0C1CEU6N, STM32G0C1KCT6, STM32G0C1NEY6TR, STM32G0C1RCI6N, STM32G0C1RCT6N, STM32G0C1REI6N, STM32G0C1RET6N, STM32G0C1VCI6, STM32G0C1VEI6, STM32G411C6T3, STM32G411C6T6, STM32G411C6U3, STM32G411C6U6, STM32G411C8T3, STM32G411C8T6, STM32G411C8U3, STM32G411C8U6, STM32G411CBT3, STM32G411CBT6, STM32G411CBU3, STM32G411CBU6, STM32G411CCT3, STM32G411CCT6, STM32G411CCU3, STM32G411CCU6, STM32G411K6T3, STM32G411K6T6, STM32G411K6U3, STM32G411K6U6, STM32G411K8T3, STM32G411K8T6, STM32G411K8U3, STM32G411K8U6, STM32G411KBT3, STM32G411KBT6, STM32G411KBU3, STM32G411KBU6, STM32G411M6T3, STM32G411M6T6, STM32G411M8T3, STM32G411M8T6, STM32G411MBT3, STM32G411MBT6, STM32G411MCT3, STM32G411MCT6, STM32G411R6T3, STM32G411R6T6, STM32G411R8T3, STM32G411R8T6, STM32G411RBT3, STM32G411RBT6, STM32G411RCT3, STM32G411RCT6, STM32G414CBT3, STM32G414CBT6, STM32G414CBU3, STM32G414CBU6, STM32G414CCT3, STM32G414CCT6, STM32G414CCU3, STM32G414CCU6, STM32G414MBT3, STM32G414MBT6, STM32G414MCT3, STM32G414MCT6, STM32G414RBT3, STM32G414RBT6, STM32G414RCT3, STM32G414RCT6, STM32G414VBT3, STM32G414VBT6, STM32G414VCT3, STM32G414VCT6, STM32G431CBT3Z, STM32G431RBT3Z, STM32G471CCT6, STM32G471CCU6, STM32G471CET3, STM32G471CET6, STM32G471CEU3, STM32G471CEU6, STM32G471MCT6, STM32G471MET3, STM32G471MET6, STM32G471MEY6TR, STM32G471QCT6, STM32G471QET3, STM32G471RCT6, STM32G471RET3, STM32G471RET6, STM32G471VCH6, STM32G471VCI6, STM32G471VCT6, STM32G471VEH3, STM32G471VEH6, STM32G471VEI3, STM32G471VEI6, STM32G471VET3, STM32G471VET6, STM32G473QET3Z, STM32G473RET3Z, STM32G474CCT6, STM32G491RET3Z, STM32H503CBT6, STM32H503CBU6, STM32H503EBY6TR, STM32H503KBU6, STM32H503RBT6, STM32H523CCT6, STM32H523CCU6, STM32H523CET6, STM32H523CEU6, STM32H523HEY6TR, STM32H523RCT6, STM32H523RET6, STM32H523VCI6, STM32H523VCT6, STM32H523VEI6, STM32H523VET6, STM32H523ZCJ6, STM32H523ZCT6, STM32H523ZEJ6, STM32H523ZET6, STM32H533CET6, STM32H533CEU6, STM32H533HEY6TR, STM32H533RET6, STM32H533VEI6, STM32H533VET6, STM32H533ZEJ6, STM32H533ZET6, STM32H562AGI6, STM32H562AII6, STM32H562IGK6, STM32H562IGT6, STM32H562IIK6, STM32H562IIT6, STM32H562RGT6, STM32H562RGV6, STM32H562RIT6, STM32H562RIV6, STM32H562VGT6, STM32H562VIT6, STM32H562ZGT6, STM32H562ZIT6, STM32H563AGI6, STM32H563AII3Q, STM32H563AII6, STM32H563IGK6, STM32H563IGT6, STM32H563IIK3Q, STM32H563IIK6, STM32H563IIT3Q, STM32H563IIT6, STM32H563MIY3QTR, STM32H563RGT6, STM32H563RGV6, STM32H563RIT6, STM32H563RIV6, STM32H563VGT6, STM32H563VIT3Q, STM32H563VIT6, STM32H563ZGT6, STM32H563ZIT3Q, STM32H563ZIT6, STM32H573AII3Q, STM32H573AII6, STM32H573I-DK, STM32H573IIK3Q, STM32H573IIK6, STM32H573IIT3Q, STM32H573IIT6, STM32H573MIY3QTR, STM32H573RIT6, STM32H573RIV6, STM32H573VIT3Q, STM32H573VIT6, STM32H573ZIT3Q, STM32H573ZIT6, STM32H7R3A8I6, STM32H7R3I8K6, STM32H7R3I8T6, STM32H7R3L8H6, STM32H7R3L8H6H, STM32H7R3R8V6, STM32H7R3V8H6, STM32H7R3V8T6, STM32H7R3V8Y6TR, STM32H7R3Z8J6, STM32H7R3Z8T6, STM32H7R7A8I6, STM32H7R7I8K6, STM32H7R7I8T6, STM32H7R7L8H6, STM32H7R7L8H6H, STM32H7R7Z8J6, STM32H7S3A8I6, STM32H7S3I8K6, STM32H7S3I8T6, STM32H7S3L8H6, STM32H7S3L8H6H, STM32H7S3R8V6, STM32H7S3V8H6, STM32H7S3V8T6, STM32H7S3V8Y6TR, STM32H7S3Z8J6, STM32H7S3Z8T6, STM32H7S78-DK, STM32H7S7A8I6, STM32H7S7I8K6, STM32H7S7I8T6, STM32H7S7L8H6, STM32H7S7L8H6H, STM32H7S7Z8J6, STM32L4R5QGI6STR, STM32MP131AAE3, STM32MP131AAF3, STM32MP131AAG3, STM32MP131CAE3, STM32MP131CAF3, STM32MP131CAG3, STM32MP131DAE7, STM32MP131DAF7, STM32MP131DAG7, STM32MP131FAE7, STM32MP131FAF7, STM32MP131FAG7, STM32MP133AAE3, STM32MP133AAF3, STM32MP133AAG3, STM32MP133CAE3, STM32MP133CAF3, STM32MP133CAG3, STM32MP133DAE7, STM32MP133DAF7, STM32MP133DAG7, STM32MP133FAE7, STM32MP133FAF7, STM32MP133FAG7, STM32MP135AAE3, STM32MP135AAF3, STM32MP135AAG3, STM32MP135CAE3, STM32MP135CAF3, STM32MP135CAG3, STM32MP135DAE7, STM32MP135DAF7, STM32MP135DAG7, STM32MP135F-DK, STM32MP135FAE7, STM32MP135FAF7, STM32MP135FAF7T, STM32MP135FAF7U, STM32MP135FAG7, STM32MP231AAJ3, STM32MP231AAK3, STM32MP231AAL3, STM32MP231CAJ3, STM32MP231CAK3, STM32MP231CAL3, STM32MP231DAJ3, STM32MP231DAK3, STM32MP231DAL3, STM32MP231FAJ3, STM32MP231FAK3, STM32MP231FAL3, STM32MP233AAJ3, STM32MP233AAK3, STM32MP233AAL3, STM32MP233CAJ3, STM32MP233CAK3, STM32MP233CAL3, STM32MP233DAJ3, STM32MP233DAK3, STM32MP233DAL3, STM32MP233FAJ3, STM32MP233FAK3, STM32MP233FAL3, STM32MP235AAJ3, STM32MP235AAK3, STM32MP235AAL3, STM32MP235CAJ3, STM32MP235CAK3, STM32MP235CAL3, STM32MP235DAJ3, STM32MP235DAK3, STM32MP235DAL3, STM32MP235FAJ3, STM32MP235FAK3, STM32MP235FAL3, STM32MP251AAI3, STM32MP251AAJ3, STM32MP251AAK3, STM32MP251AAL3, STM32MP251CAI3, STM32MP251CAJ3, STM32MP251CAK3, STM32MP251CAL3, STM32MP251DAI3, STM32MP251DAJ3, STM32MP251DAK3, STM32MP251DAL3, STM32MP251FAI3, STM32MP251FAJ3, STM32MP251FAK3, STM32MP251FAL3, STM32MP253AAI3, STM32MP253AAJ3, STM32MP253AAK3, STM32MP253AAL3, STM32MP253CAI3, STM32MP253CAJ3, STM32MP253CAK3, STM32MP253CAL3, STM32MP253DAI3, STM32MP253DAJ3, STM32MP253DAK3, STM32MP253DAL3, STM32MP253FAI3, STM32MP253FAJ3, STM32MP253FAK3, STM32MP253FAL3, STM32MP255AAI3, STM32MP255AAJ3, STM32MP255AAK3, STM32MP255AAL3, STM32MP255CAI3, STM32MP255CAJ3, STM32MP255CAK3, STM32MP255CAL3, STM32MP255DAI3, STM32MP255DAJ3, STM32MP255DAK3, STM32MP255DAL3, STM32MP255FAI3, STM32MP255FAJ3, STM32MP255FAK3, STM32MP255FAL3, STM32MP257AAI3, STM32MP257AAJ3, STM32MP257AAK3, STM32MP257AAL3, STM32MP257CAI3, STM32MP257CAJ3, STM32MP257CAK3, STM32MP257CAL3, STM32MP257DAI3, STM32MP257DAJ3, STM32MP257DAK3, STM32MP257DAL3, STM32MP257F-DK, STM32MP257F-EV1, STM32MP257FAI3, STM32MP257FAJ3, STM32MP257FAK3, STM32MP257FAL3, STM32N645A0H3Q, STM32N645B0H3Q, STM32N645I0H3Q, STM32N645L0H3Q, STM32N645X0H3Q, STM32N645Z0H3Q, STM32N647A0H3Q, STM32N647B0H3Q, STM32N647I0H3Q, STM32N647L0H3Q, STM32N647X0H3Q, STM32N647Z0H3Q, STM32N655A0H3Q, STM32N655B0H3Q, STM32N655I0H3Q, STM32N655L0H3Q, STM32N655X0H3Q, STM32N655Z0H3Q, STM32N6570-DK, STM32N657A0H3Q, STM32N657B0H3Q, STM32N657I0H3Q, STM32N657L0H3Q, STM32N657X0H3Q, STM32N657Z0H3Q, STM32U031C6T6, STM32U031C6U6, STM32U031C8T6, STM32U031C8U6, STM32U031F4P6, STM32U031F6P6, STM32U031F8P6, STM32U031G6Y6TR, STM32U031G8Y6TR, STM32U031K4U6, STM32U031K6U6, STM32U031K8U6, STM32U031R6I6, STM32U031R6T6, STM32U031R8I6, STM32U031R8T6, STM32U073C8T6, STM32U073C8U6, STM32U073CBT6, STM32U073CBU6, STM32U073CCT6, STM32U073CCU6, STM32U073H8Y6TR, STM32U073HBY6TR, STM32U073HCY6TR, STM32U073K8U6, STM32U073KBU6, STM32U073KCU6, STM32U073M8I6, STM32U073M8T6, STM32U073MBI6, STM32U073MBT6, STM32U073MCI6, STM32U073MCT6, STM32U073R8I6, STM32U073R8T6, STM32U073RBI6, STM32U073RBT6, STM32U073RCI6, STM32U073RCT6, STM32U083C-DK, STM32U083CCT6, STM32U083CCU6, STM32U083HCY6TR, STM32U083KCU6, STM32U083MCI6, STM32U083MCT6, STM32U083RCI6, STM32U083RCT6, STM32U375CET6, STM32U375CET6Q, STM32U375CEU6, STM32U375CEU6Q, STM32U375CEY6QTR, STM32U375CGT6, STM32U375CGT6Q, STM32U375CGU6, STM32U375CGU6Q, STM32U375CGY6QTR, STM32U375KEU6, STM32U375KGU6, STM32U375REI6, STM32U375REI6Q, STM32U375RET6, STM32U375RET6Q, STM32U375REY6GTR, STM32U375REY6QTR, STM32U375RGI6, STM32U375RGI6Q, STM32U375RGT6, STM32U375RGT6Q, STM32U375RGY6GTR, STM32U375RGY6QTR, STM32U375VEI6, STM32U375VEI6Q, STM32U375VET6, STM32U375VET6Q, STM32U375VGI6, STM32U375VGI6Q, STM32U375VGT6, STM32U375VGT6Q, STM32U385CGT6, STM32U385CGT6Q, STM32U385CGU6, STM32U385CGU6Q, STM32U385CGY6QTR, STM32U385KGU6, STM32U385RGI6, STM32U385RGI6Q, STM32U385RGT6, STM32U385RGT6Q, STM32U385RGY6GTR, STM32U385RGY6QTR, STM32U385VGI6, STM32U385VGI6Q, STM32U385VGT6, STM32U385VGT6Q, STM32U535CBT6, STM32U535CBT6Q, STM32U535CBU6, STM32U535CBU6Q, STM32U535CCT6, STM32U535CCT6Q, STM32U535CCU6, STM32U535CCU6Q, STM32U535CET6, STM32U535CET6Q, STM32U535CEU6, STM32U535CEU6Q, STM32U535JEY6QTR, STM32U535NCY6QTR, STM32U535NEY6QTR, STM32U535RBI6, STM32U535RBI6Q, STM32U535RBT6, STM32U535RBT6Q, STM32U535RCI6, STM32U535RCI6Q, STM32U535RCT6, STM32U535RCT6Q, STM32U535REI6, STM32U535REI6Q, STM32U535RET6, STM32U535RET6Q, STM32U535VCI6, STM32U535VCI6Q, STM32U535VCT6, STM32U535VCT6Q, STM32U535VEI6, STM32U535VEI6Q, STM32U535VET6, STM32U535VET6Q, STM32U545CET6, STM32U545CET6Q, STM32U545CEU6, STM32U545CEU6Q, STM32U545JEY6QTR, STM32U545NEY6QTR, STM32U545REI6, STM32U545REI6Q, STM32U545RET6, STM32U545RET6Q, STM32U545VEI6, STM32U545VEI6Q, STM32U545VET6, STM32U545VET6Q, STM32U595AIH6, STM32U595AIH6Q, STM32U595AJH6, STM32U595AJH6Q, STM32U595QII6, STM32U595QII6Q, STM32U595QJI6, STM32U595QJI6Q, STM32U595RIT6, STM32U595RIT6Q, STM32U595RJT6, STM32U595RJT6Q, STM32U595VIT6, STM32U595VIT6Q, STM32U595VJT6, STM32U595VJT6Q, STM32U595ZIT6, STM32U595ZIT6Q, STM32U595ZIY6QTR, STM32U595ZJT6, STM32U595ZJT6Q, STM32U595ZJY6QTR, STM32U599BJY6QTR, STM32U599NIH6Q, STM32U599NJH6Q, STM32U599VIT6Q, STM32U599VJT6, STM32U599VJT6Q, STM32U599ZIT6Q, STM32U599ZIY6QTR, STM32U599ZJT6Q, STM32U599ZJY6QTR, STM32U5A5AJH6, STM32U5A5AJH6Q, STM32U5A5QII3Q , STM32U5A5QJI6, STM32U5A5QJI6Q, STM32U5A5RJT6, STM32U5A5RJT6Q, STM32U5A5VJT6, STM32U5A5VJT6Q, STM32U5A5ZJT6, STM32U5A5ZJT6Q, STM32U5A5ZJY6QTR, STM32U5A9BJY6QTR, STM32U5A9J-DK, STM32U5A9NJH6Q, STM32U5A9VJT6Q, STM32U5A9ZJT6Q, STM32U5A9ZJY6QTR, STM32U5F7VIT6, STM32U5F7VIT6Q, STM32U5F7VJT6, STM32U5F7VJT6Q, STM32U5F9BJY6QTR, STM32U5F9NJH6Q, STM32U5F9VIT6Q, STM32U5F9VJT6Q, STM32U5F9ZIJ6QTR, STM32U5F9ZIT6Q, STM32U5F9ZJJ6QTR, STM32U5F9ZJT6Q, STM32U5G7VJT6, STM32U5G7VJT6Q, STM32U5G9BJY6QTR, STM32U5G9J-DK1, STM32U5G9J-DK2, STM32U5G9NJH6Q, STM32U5G9VJT6Q, STM32U5G9ZJJ6QTR, STM32U5G9ZJT6Q, STM32WB05KZV6TR, STM32WB05KZV7TR, STM32WB05TZF6TR, STM32WB05TZF7TR, STM32WB06CCF6TR, STM32WB06CCF7TR, STM32WB06CCV6TR, STM32WB06CCV7TR, STM32WB06KCV6TR, STM32WB06KCV7TR, STM32WB07CCF6TR, STM32WB07CCF7TR, STM32WB07CCV6TR, STM32WB07CCV7TR, STM32WB07KCV6TR, STM32WB07KCV7TR, STM32WB09KEV6TR, STM32WB09KEV7TR, STM32WB09TEF6TR, STM32WB09TEF7TR, STM32WB1MMCH6, STM32WBA50KGU6, STM32WBA50KGU6TR, STM32WBA52CEU6, STM32WBA52CEU6TR, STM32WBA52CEU7, STM32WBA52CEU7TR, STM32WBA52CGU6, STM32WBA52CGU6TR, STM32WBA52CGU6U, STM32WBA52CGU7, STM32WBA52CGU7TR, STM32WBA52KEU6, STM32WBA52KEU6TR, STM32WBA52KGU6, STM32WBA52KGU6TR, STM32WBA54CEU6, STM32WBA54CEU6TR, STM32WBA54CEU7, STM32WBA54CEU7TR, STM32WBA54CGU6, STM32WBA54CGU6TR, STM32WBA54CGU7, STM32WBA54CGU7TR, STM32WBA54KEU6, STM32WBA54KEU6TR, STM32WBA54KEU7, STM32WBA54KEU7TR, STM32WBA54KGU6, STM32WBA54KGU6TR, STM32WBA54KGU7, STM32WBA54KGU7TR, STM32WBA55CEU6, STM32WBA55CEU6TR, STM32WBA55CEU7, STM32WBA55CEU7TR, STM32WBA55CGU6, STM32WBA55CGU6TR, STM32WBA55CGU6U, STM32WBA55CGU7, STM32WBA55CGU7TR, STM32WBA55G-DK1, STM32WBA55HEF6, STM32WBA55HEF7, STM32WBA55HGF6, STM32WBA55HGF7, STM32WBA55UEI6, STM32WBA55UEI6TR, STM32WBA55UEI7, STM32WBA55UEI7TR, STM32WBA55UGI6, STM32WBA55UGI6TR, STM32WBA55UGI7, STM32WBA55UGI7TR, STM32WBA5MJGH6TR, STM32WBA62CGU6, STM32WBA62CIU6, STM32WBA62MGF6, STM32WBA62MIF6, STM32WBA62PGI6, STM32WBA62PII6, STM32WBA63CGU6, STM32WBA63CGU7, STM32WBA63CIU6, STM32WBA63CIU7, STM32WBA64CGU6, STM32WBA64CGU7, STM32WBA64CIU6, STM32WBA64CIU7, STM32WBA65CGU6, STM32WBA65CGU7, STM32WBA65CIU6, STM32WBA65CIU7, STM32WBA65I-DK1, STM32WBA65MGF6, STM32WBA65MGF7, STM32WBA65MIF6, STM32WBA65MIF7, STM32WBA65PGI6, STM32WBA65PGI7, STM32WBA65PII6, STM32WBA65PII7, STM32WBA65RGV6, STM32WBA65RGV7, STM32WBA65RIV6, STM32WBA65RIV7, STM32WL30K8V6, STM32WL30KBV6, STM32WL31C8V6, STM32WL31CBV6, STM32WL31K8V6, STM32WL31KBV6, STM32WL33C8V6, STM32WL33C8V6TR, STM32WL33C8V7, STM32WL33C8V7TR, STM32WL33CBV6, STM32WL33CBV6TR, STM32WL33CBV7, STM32WL33CBV7TR, STM32WL33CCV6, STM32WL33CCV6TR, STM32WL33CCV7, STM32WL33CCV7A, STM32WL33CCV7ATR, STM32WL33CCV7TR, STM32WL33K8V6, STM32WL33K8V6TR, STM32WL33K8V7, STM32WL33K8V7TR, STM32WL33KBV6, STM32WL33KBV6TR, STM32WL33KBV7, STM32WL33KBV7TR, STM32WL33KCV6, STM32WL33KCV6TR, STM32WL33KCV7, STM32WL33KCV7TR, STM32WL5MOCH6, STM32WL5MOCH6TR]
2026-08-18 19:04:12,700 [INFO] DbMcus:218 - Found 5246 MCUs, 5093 are supported
2026-08-18 19:04:12,702 [INFO] ApiDb:423 - Load user favorites file C:\Users\lthst/.stm32cubeide/favorites.mcus.txt: 0 item(s)
2026-08-18 19:04:12,702 [INFO] ApiDb:427 - User favorites MCUs=[]
2026-08-18 19:04:12,702 [INFO] DbMcus:224 - Set 0 / 0 favorites MCUs
2026-08-18 19:04:13,820 [INFO] BoardInfo:889 - No configuration file found for board NUCLEO-H5E5ZJ
2026-08-18 19:04:13,823 [INFO] DbBoards:161 - Board is not supported: NUCLEO-H5E5ZJ
2026-08-18 19:04:14,009 [INFO] BoardInfo:889 - No configuration file found for board NUCLEO-U3C5ZI-Q
2026-08-18 19:04:14,012 [INFO] DbBoards:161 - Board is not supported: NUCLEO-U3C5ZI-Q
2026-08-18 19:04:14,060 [INFO] BoardInfo:889 - No configuration file found for board NUCLEO-WBA25CE1
2026-08-18 19:04:14,063 [INFO] DbBoards:161 - Board is not supported: NUCLEO-WBA25CE1
2026-08-18 19:04:14,111 [INFO] BoardInfo:889 - No configuration file found for board NUCLEO-WL3RKB1
2026-08-18 19:04:14,115 [INFO] DbBoards:161 - Board is not supported: NUCLEO-WL3RKB1
2026-08-18 19:04:14,118 [INFO] BoardInfo:889 - No configuration file found for board NUCLEO-WL3RKB2
2026-08-18 19:04:14,122 [INFO] DbBoards:161 - Board is not supported: NUCLEO-WL3RKB2
2026-08-18 19:04:14,149 [INFO] BoardInfo:889 - No configuration file found for board P-NUCLEO-WB55
2026-08-18 19:04:14,153 [INFO] DbBoards:161 - Kit is not supported: P-NUCLEO-WB55
2026-08-18 19:04:14,176 [INFO] BoardInfo:889 - No configuration file found for board STEVAL-BFA001V1B
2026-08-18 19:04:14,179 [INFO] DbBoards:161 - Kit is not supported: STEVAL-BFA001V1B
2026-08-18 19:04:14,182 [INFO] BoardInfo:889 - No configuration file found for board STEVAL-BFA001V2B
2026-08-18 19:04:14,186 [INFO] DbBoards:161 - Kit is not supported: STEVAL-BFA001V2B
2026-08-18 19:04:14,573 [INFO] BoardInfo:889 - No configuration file found for board STM32H5F5J-DK
2026-08-18 19:04:14,577 [INFO] DbBoards:161 - Board is not supported: STM32H5F5J-DK
2026-08-18 19:04:14,822 [INFO] BoardInfo:889 - No configuration file found for board STM32MP215F-DK
2026-08-18 19:04:14,827 [INFO] DbBoards:161 - Board is not supported: STM32MP215F-DK
2026-08-18 19:04:14,915 [INFO] DbBoards:168 - Found 218 boards, 208 are supported
2026-08-18 19:04:14,916 [INFO] DbBoards:169 - Found 218 boards, 43 of them is supported for  Bsp
2026-08-18 19:04:14,921 [INFO] ApiDb:423 - Load user favorites file C:\Users\lthst/.stm32cubeide/favorites.boards.txt: 0 item(s)
2026-08-18 19:04:14,922 [INFO] ApiDb:427 - User favorites Boards=[]
2026-08-18 19:04:14,922 [INFO] DbBoards:198 - Set 0 / 0 favorites Boards
2026-08-18 19:04:14,923 [INFO] McuFinderGlobals:76 - Set McuFinderConnectedMode to true
2026-08-18 19:04:14,936 [INFO] MultiScanPanel:200 - Auto-refresh data requested => check proxy status ongoing
2026-08-18 19:04:14,940 [INFO] FinderPluginLoader:95 - Searching for filters in installed packs
2026-08-18 19:04:17,789 [INFO] ServerAccessManage:473 - Download File 
2026-08-18 19:04:17,805 [INFO] LoadUrlFilesThread:185 - End of LoadServerUrlFiles without Thread
2026-08-18 19:04:17,840 [INFO] DetailPanel:341 - Set advertising image to C:/Users/lthst/STM32Cube/Repository/\en.stm32h5cubemxbanner.png
2026-08-18 19:05:12,382 [INFO] MainUpdater:2872 - connection check result : 10
2026-08-18 19:05:12,382 [INFO] MainUpdater:2872 - connection check result : 10
2026-08-18 19:05:12,448 [INFO] MicroXplorer:468 - Change Database Path : 
2026-08-18 19:05:12,448 [INFO] MicroXplorer:498 - Change Database Version : DB.6.0.140
2026-08-18 19:05:12,458 [WARN] ThirdParty:871 - waiting for thirdparty lock release [close project]
2026-08-18 19:05:12,458 [INFO] ThirdParty:873 - entering critical section [close project]
2026-08-18 19:05:12,460 [INFO] ThirdParty:883 - exiting critical section [close project]
2026-08-18 19:05:12,464 [INFO] PinOutPanel:1589 - setPackage(No Configuration,No Configuration)
2026-08-18 19:05:12,471 [INFO] UtilMem:75 - Begin LoadConfig() Used Memory: 908647392 Bytes (1073741824)
2026-08-18 19:05:12,474 [INFO] MicroXplorer:468 - Change Database Path : 
2026-08-18 19:05:12,474 [INFO] MicroXplorer:498 - Change Database Version : DB.6.0.140
2026-08-18 19:05:12,474 [INFO] OpenFileManager:354 - Change cursor
2026-08-18 19:05:12,556 [INFO] Mcu:2011 - Initializing MCU STM32F429ZITx STM32F429ZITx STM32F429ZIT6
2026-08-18 19:05:17,507 [INFO] Context:756 - Trying to add GPIOservice into a context  which must be forbidden
2026-08-18 19:05:18,598 [INFO] ImportTextPane:218 - (OptionalMessage_ERROR) Unable to find key (Mcu.ThirdPartyNb) in loaded IOC file
2026-08-18 19:05:18,598 [INFO] ImportTextPane:218 - (OptionalMessage_ERROR) Unable to find key (Mcu.PinsNb) in loaded IOC file
2026-08-18 19:05:18,599 [INFO] ImportTextPane:218 - (OptionalMessage_ERROR) Pin0 (VP_RIF_VS_RIF1) cannot be retrieved for this MCU
2026-08-18 19:05:18,600 [INFO] ImportTextPane:218 - (OptionalMessage_ERROR) Unable to find key (Mcu.IPNb) in loaded IOC file
2026-08-18 19:05:18,761 [INFO] RtosManager:558 - Registered RTOS mode: class=CMSIS, group=RTOS, mode=CMSIS_V1, owner=FREERTOS
2026-08-18 19:05:18,761 [INFO] RtosManager:558 - Registered RTOS mode: class=CMSIS, group=RTOS2, mode=CMSIS_V2, owner=FREERTOS
2026-08-18 19:05:18,762 [INFO] RtosManager:558 - Registered RTOS mode: class=RTOS, group=Core, mode=CMSIS_V1, owner=FREERTOS
2026-08-18 19:05:18,762 [INFO] RtosManager:558 - Registered RTOS mode: class=RTOS, group=Core, mode=CMSIS_V2, owner=FREERTOS
2026-08-18 19:05:18,762 [WARN] ModelIntegratedComponent:184 - Missing modes for component STMicroelectronics:FreeRTOS:0.0.1:STMicroelectronics:RTOS:FreeRTOS:Core:::10.2.0:
2026-08-18 19:05:18,965 [WARN] ModelIntegratedComponent:63 - No mode defined for component null
2026-08-18 19:05:18,965 [WARN] ModelIntegratedComponent:63 - No mode defined for component null
2026-08-18 19:05:18,965 [WARN] ModelIntegratedComponent:63 - No mode defined for component null
2026-08-18 19:05:18,966 [WARN] ModelIntegratedComponent:63 - No mode defined for component null
2026-08-18 19:05:18,966 [WARN] ModelIntegratedComponent:63 - No mode defined for component null
2026-08-18 19:05:18,966 [WARN] ModelIntegratedComponent:63 - No mode defined for component null
2026-08-18 19:05:18,966 [WARN] ModelIntegratedComponent:63 - No mode defined for component null
2026-08-18 19:05:18,966 [WARN] ModelIntegratedComponent:63 - No mode defined for component null
2026-08-18 19:05:18,966 [WARN] ModelIntegratedComponent:63 - No mode defined for component null
2026-08-18 19:05:18,967 [WARN] ModelIntegratedComponent:63 - No mode defined for component null
2026-08-18 19:05:18,967 [WARN] ModelIntegratedComponent:63 - No mode defined for component null
2026-08-18 19:05:18,967 [WARN] ModelIntegratedComponent:63 - No mode defined for component null
2026-08-18 19:05:18,967 [WARN] ModelIntegratedComponent:63 - No mode defined for component null
2026-08-18 19:05:18,967 [WARN] ModelIntegratedComponent:63 - No mode defined for component null
2026-08-18 19:05:18,967 [WARN] ModelIntegratedComponent:63 - No mode defined for component null
2026-08-18 19:05:18,967 [WARN] ModelIntegratedComponent:63 - No mode defined for component null
2026-08-18 19:05:18,968 [WARN] ModelIntegratedComponent:63 - No mode defined for component null
2026-08-18 19:05:18,968 [WARN] ModelIntegratedComponent:63 - No mode defined for component null
2026-08-18 19:05:18,968 [WARN] ModelIntegratedComponent:63 - No mode defined for component null
2026-08-18 19:05:18,968 [WARN] ModelIntegratedComponent:63 - No mode defined for component null
2026-08-18 19:05:18,968 [WARN] ModelIntegratedComponent:63 - No mode defined for component null
2026-08-18 19:05:18,968 [WARN] ModelIntegratedComponent:63 - No mode defined for component null
2026-08-18 19:05:18,968 [WARN] ModelIntegratedComponent:63 - No mode defined for component null
2026-08-18 19:05:18,968 [WARN] ModelIntegratedComponent:63 - No mode defined for component null
2026-08-18 19:05:18,969 [WARN] ModelIntegratedComponent:63 - No mode defined for component null
2026-08-18 19:05:18,969 [WARN] ModelIntegratedComponent:63 - No mode defined for component null
2026-08-18 19:05:18,969 [WARN] ModelIntegratedComponent:63 - No mode defined for component null
2026-08-18 19:05:18,969 [WARN] ModelIntegratedComponent:63 - No mode defined for component null
2026-08-18 19:05:18,969 [WARN] ModelIntegratedComponent:63 - No mode defined for component null
2026-08-18 19:05:18,969 [WARN] ModelIntegratedComponent:63 - No mode defined for component null
2026-08-18 19:05:18,969 [WARN] ModelIntegratedComponent:63 - No mode defined for component null
2026-08-18 19:05:18,969 [WARN] ModelIntegratedComponent:63 - No mode defined for component null
2026-08-18 19:05:18,970 [WARN] ModelIntegratedComponent:63 - No mode defined for component null
2026-08-18 19:05:18,970 [WARN] ModelIntegratedComponent:63 - No mode defined for component null
2026-08-18 19:05:18,970 [WARN] ModelIntegratedComponent:63 - No mode defined for component null
2026-08-18 19:05:18,971 [WARN] ModelPack:524 - Component already loaded: STMicroelectronics:HAL Drivers:0.0.0:STMicroelectronics:Device:STMicro_Driver:XSPI:HAL::0.0.1:HAL_XSPI
2026-08-18 19:05:20,379 [INFO] ThirdPartyModel:298 - Start build external matchings
2026-08-18 19:05:31,840 [INFO] ThirdPartyModel:316 - End build external matchings
2026-08-18 19:05:33,150 [INFO] UtilMem:75 - End LoadConfig() Used Memory: 932321576 Bytes (1073741824)
2026-08-18 19:05:33,207 [WARN] ThirdParty:833 - waiting for thirdparty lock release [change project]
2026-08-18 19:05:33,208 [INFO] ThirdParty:835 - entering critical section [change project]
2026-08-18 19:05:33,208 [INFO] ThirdParty:1030 - CMSIS Pack Vendor :STMicroelectronics X-CUBE-AZRTOS-H7 3.5.0
2026-08-18 19:05:33,209 [INFO] ThirdParty:1030 - CMSIS Pack Vendor :STMicroelectronics X-CUBE-PM33A1 1.0.0
2026-08-18 19:05:33,209 [INFO] ThirdParty:1030 - CMSIS Pack Vendor :STMicroelectronics USBPD 4.1
2026-08-18 19:05:33,209 [INFO] ThirdParty:1030 - CMSIS Pack Vendor :STMicroelectronics USB_HOST 2.0.0
2026-08-18 19:05:33,209 [INFO] ThirdParty:1030 - CMSIS Pack Vendor :STMicroelectronics FP-SNS-MOTENVWB1 1.4.0
2026-08-18 19:05:33,209 [INFO] ThirdParty:1030 - CMSIS Pack Vendor :STMicroelectronics FP-ATR-ASTRA1 2.0.3
2026-08-18 19:05:33,209 [INFO] ThirdParty:1030 - CMSIS Pack Vendor :STMicroelectronics X-CUBE-AZRTOS-F4 1.1.0
2026-08-18 19:05:33,209 [INFO] ThirdParty:1030 - CMSIS Pack Vendor :STMicroelectronics LIBJPEG 8.0.0
2026-08-18 19:05:33,209 [INFO] ThirdParty:1030 - CMSIS Pack Vendor :STMicroelectronics FP-ATR-ASTRA1 2.0.2
2026-08-18 19:05:33,209 [INFO] ThirdParty:1030 - CMSIS Pack Vendor :Avnet-IotConnect X-CUBE-IoTC-DA16k-PMOD 1.0.0
2026-08-18 19:05:33,210 [INFO] ThirdParty:1030 - CMSIS Pack Vendor :STMicroelectronics X-CUBE-SMBUS 2.1.0
2026-08-18 19:05:33,210 [INFO] ThirdParty:1030 - CMSIS Pack Vendor :STMicroelectronics X-CUBE-WB05N 1.1.0
2026-08-18 19:05:33,210 [INFO] ThirdParty:1030 - CMSIS Pack Vendor :STMicroelectronics X-CUBE-ISPU 2.1.0
2026-08-18 19:05:33,210 [INFO] ThirdParty:1030 - CMSIS Pack Vendor :STMicroelectronics eDS-WB_DPC_TT-BIDIR 2.1.1
2026-08-18 19:05:33,210 [INFO] ThirdParty:1030 - CMSIS Pack Vendor :STMicroelectronics X-CUBE-ST60 1.0.0
2026-08-18 19:05:33,211 [INFO] ThirdParty:1030 - CMSIS Pack Vendor :STMicroelectronics X-CUBE-NFC12 1.0.0
2026-08-18 19:05:33,211 [INFO] ThirdParty:1030 - CMSIS Pack Vendor :STMicroelectronics X-CUBE-AZRTOS-F7 1.1.0
2026-08-18 19:05:33,211 [INFO] ThirdParty:1030 - CMSIS Pack Vendor :STMicroelectronics X-CUBE-AZRTOS-L5 2.0.0
2026-08-18 19:05:33,211 [INFO] ThirdParty:1030 - CMSIS Pack Vendor :STMicroelectronics USB_DEVICE 2.0.0
2026-08-18 19:05:33,211 [INFO] ThirdParty:1030 - CMSIS Pack Vendor :STMicroelectronics X-CUBE-NFC6 3.1.0
2026-08-18 19:05:33,212 [INFO] ThirdParty:1030 - CMSIS Pack Vendor :STMicroelectronics X-CUBE-ALGOBUILD 1.5.0
2026-08-18 19:05:33,212 [INFO] ThirdParty:1030 - CMSIS Pack Vendor :STMicroelectronics FreeRTOS 0.0.1
2026-08-18 19:05:33,212 [INFO] ThirdParty:1030 - CMSIS Pack Vendor :STMicroelectronics X-CUBE-AZRTOS-H7RS 1.3.0
2026-08-18 19:05:33,212 [INFO] ThirdParty:1030 - CMSIS Pack Vendor :STMicroelectronics X-CUBE-DPower 1.2.0
2026-08-18 19:05:33,212 [INFO] ThirdParty:1030 - CMSIS Pack Vendor :STMicroelectronics eDS-WB_DPC_VIENNA 1.2.0
2026-08-18 19:05:33,212 [INFO] ThirdParty:1030 - CMSIS Pack Vendor :STMicroelectronics X-CUBE-MEMS1 13.0.0
2026-08-18 19:05:33,213 [INFO] ThirdParty:1030 - CMSIS Pack Vendor :STMicroelectronics eDS-WB_DPC_3PH2L-BIDIR 1.1.1
2026-08-18 19:05:33,213 [INFO] ThirdParty:1030 - CMSIS Pack Vendor :Infineon AIROC-Wi-Fi-Bluetooth-STM32 1.7.0
2026-08-18 19:05:33,213 [INFO] ThirdParty:1030 - CMSIS Pack Vendor :STMicroelectronics PDM2PCM 3.3.0
2026-08-18 19:05:33,213 [INFO] ThirdParty:1030 - CMSIS Pack Vendor :STMicroelectronics X-CUBE-AZRTOS-H7 3.4.0
2026-08-18 19:05:33,213 [INFO] ThirdParty:1030 - CMSIS Pack Vendor :STMicroelectronics X-CUBE-DISPLAY 3.0.0
2026-08-18 19:05:33,213 [INFO] ThirdParty:1030 - CMSIS Pack Vendor :STMicroelectronics X-CUBE-GNSS1 7.1.1
2026-08-18 19:05:33,214 [INFO] ThirdParty:1030 - CMSIS Pack Vendor :STMicroelectronics X-CUBE-NFC10 1.0.0
2026-08-18 19:05:33,214 [INFO] ThirdParty:1030 - CMSIS Pack Vendor :STMicroelectronics X-CUBE-BLEMGR 4.0.0
2026-08-18 19:05:33,214 [INFO] ThirdParty:1030 - CMSIS Pack Vendor :STMicroelectronics X-CUBE-FREERTOS 1.3.1
2026-08-18 19:05:33,214 [INFO] ThirdParty:1030 - CMSIS Pack Vendor :STMicroelectronics HAL Drivers 0.0.0
2026-08-18 19:05:33,214 [INFO] ThirdParty:1030 - CMSIS Pack Vendor :STMicroelectronics X-CUBE-ST60 1.1.0
2026-08-18 19:05:33,216 [INFO] ThirdParty:1030 - CMSIS Pack Vendor :emotas I-CUBE-CANOPEN 1.3.0
2026-08-18 19:05:33,216 [INFO] ThirdParty:1030 - CMSIS Pack Vendor :STMicroelectronics X-CUBE-FREERTOS 1.3.0
2026-08-18 19:05:33,217 [INFO] ThirdParty:1030 - CMSIS Pack Vendor :STMicroelectronics X-CUBE-NFC7 1.0.1
2026-08-18 19:05:33,217 [INFO] ThirdParty:1030 - CMSIS Pack Vendor :STMicroelectronics MBEDTLS 2.14.1
2026-08-18 19:05:33,217 [INFO] ThirdParty:1030 - CMSIS Pack Vendor :STMicroelectronics X-CUBE-GNSS1 7.1.0
2026-08-18 19:05:33,217 [INFO] ThirdParty:1030 - CMSIS Pack Vendor :STMicroelectronics X-CUBE-TOUCHGFX 4.26.0
2026-08-18 19:05:33,217 [INFO] ThirdParty:1030 - CMSIS Pack Vendor :STMicroelectronics X-CUBE-TOUCHGFX 4.26.1
2026-08-18 19:05:33,218 [INFO] ThirdParty:1030 - CMSIS Pack Vendor :quantropi X-CUBE-qispace-sdk-base 2.0.0
2026-08-18 19:05:33,218 [INFO] ThirdParty:1030 - CMSIS Pack Vendor :STMicroelectronics X-CUBE-AI 10.0.0
2026-08-18 19:05:33,218 [INFO] ThirdParty:1030 - CMSIS Pack Vendor :STMicroelectronics FP-SNS-STAIOTCFT 1.0.0
2026-08-18 19:05:33,218 [INFO] ThirdParty:1030 - CMSIS Pack Vendor :STMicroelectronics FP-SNS-SMARTAG2 1.2.0
2026-08-18 19:05:33,218 [INFO] ThirdParty:1030 - CMSIS Pack Vendor :STMicroelectronics FP-SNS-FLIGHT1 5.1.0
2026-08-18 19:05:33,218 [INFO] ThirdParty:1030 - CMSIS Pack Vendor :STMicroelectronics X-CUBE-MEMS1 11.1.0
2026-08-18 19:05:33,219 [INFO] ThirdParty:1030 - CMSIS Pack Vendor :STMicroelectronics X-CUBE-AZRTOS-WL 2.0.0
2026-08-18 19:05:33,219 [INFO] ThirdParty:1030 - CMSIS Pack Vendor :STMicroelectronics X-CUBE-DPower 1.3.0
2026-08-18 19:05:33,219 [INFO] ThirdParty:1030 - CMSIS Pack Vendor :STMicroelectronics FP-SNS-MOTENV1 5.0.0
2026-08-18 19:05:33,219 [INFO] ThirdParty:1030 - CMSIS Pack Vendor :STMicroelectronics USB_DEVICE 1.0.0
2026-08-18 19:05:33,219 [INFO] ThirdParty:1030 - CMSIS Pack Vendor :STMicroelectronics X-CUBE-AZRTOS-H7RS 1.2.0
2026-08-18 19:05:33,220 [INFO] ThirdParty:1030 - CMSIS Pack Vendor :STMicroelectronics X-CUBE-AZRTOS-L4 2.0.0
2026-08-18 19:05:33,220 [INFO] ThirdParty:1030 - CMSIS Pack Vendor :STMicroelectronics ThreadX 0.0.2
2026-08-18 19:05:33,220 [INFO] ThirdParty:1030 - CMSIS Pack Vendor :WES I-CUBE-Cesium 1.3.0
2026-08-18 19:05:33,220 [INFO] ThirdParty:1030 - CMSIS Pack Vendor :STMicroelectronics lwIP 2.1.2
2026-08-18 19:05:33,223 [INFO] ThirdParty:1030 - CMSIS Pack Vendor :STMicroelectronics X-CUBE-SFXS2LP1 4.0.0
2026-08-18 19:05:33,224 [INFO] ThirdParty:1030 - CMSIS Pack Vendor :STMicroelectronics X-CUBE-BLE2 3.3.0
2026-08-18 19:05:33,225 [INFO] ThirdParty:1030 - CMSIS Pack Vendor :Avnet-IOTCONNECT X-CUBE-iotc-st67-sdk 1.0.0
2026-08-18 19:05:33,225 [INFO] ThirdParty:1030 - CMSIS Pack Vendor :STMicroelectronics PDM2PCM 3.2.0
2026-08-18 19:05:33,226 [INFO] ThirdParty:1030 - CMSIS Pack Vendor :STMicroelectronics X-CUBE-WB05N 2.1.0
2026-08-18 19:05:33,226 [INFO] ThirdParty:1030 - CMSIS Pack Vendor :STMicroelectronics X-CUBE-AZRTOS-H7 3.3.0
2026-08-18 19:05:33,226 [INFO] ThirdParty:1030 - CMSIS Pack Vendor :STMicroelectronics X-CUBE-NFC9 1.0.0
2026-08-18 19:05:33,226 [INFO] ThirdParty:1030 - CMSIS Pack Vendor :STMicroelectronics X-CUBE-BLE1 7.1.0
2026-08-18 19:05:33,226 [INFO] ThirdParty:1030 - CMSIS Pack Vendor :wolfSSL I-CUBE-wolfMQTT 1.19.2
2026-08-18 19:05:33,226 [INFO] ThirdParty:1030 - CMSIS Pack Vendor :STMicroelectronics USB_DEVICE 3.0.0
2026-08-18 19:05:33,227 [INFO] ThirdParty:1030 - CMSIS Pack Vendor :STMicroelectronics X-CUBE-EEPRMA1 5.2.0
2026-08-18 19:05:33,227 [INFO] ThirdParty:1030 - CMSIS Pack Vendor :STMicroelectronics X-CUBE-BLEMGR 4.1.0
2026-08-18 19:05:33,227 [INFO] ThirdParty:1030 - CMSIS Pack Vendor :STMicroelectronics X-CUBE-AZRTOS-WB 2.0.0
2026-08-18 19:05:33,227 [INFO] ThirdParty:1030 - CMSIS Pack Vendor :STMicroelectronics X-CUBE-GNSS1 7.0.1
2026-08-18 19:05:33,228 [INFO] ThirdParty:1030 - CMSIS Pack Vendor :STMicroelectronics X-CUBE-TOUCHGFX 4.25.0
2026-08-18 19:05:33,228 [INFO] ThirdParty:1030 - CMSIS Pack Vendor :STMicroelectronics X-CUBE-AI 10.1.0
2026-08-18 19:05:33,228 [INFO] ThirdParty:1030 - CMSIS Pack Vendor :STMicroelectronics FP-SNS-STBOX1 2.0.0
2026-08-18 19:05:33,228 [INFO] ThirdParty:1030 - CMSIS Pack Vendor :STMicroelectronics X-CUBE-MEMS1 12.0.0
2026-08-18 19:05:33,229 [INFO] ThirdParty:1030 - CMSIS Pack Vendor :STMicroelectronics X-CUBE-STSE01 2.0.0
2026-08-18 19:05:33,229 [INFO] ThirdParty:1030 - CMSIS Pack Vendor :STMicroelectronics X-CUBE-MEMS1 11.2.0
2026-08-18 19:05:33,229 [INFO] ThirdParty:1030 - CMSIS Pack Vendor :STMicroelectronics X-CUBE-AZRTOS-G0 1.1.0
2026-08-18 19:05:33,229 [INFO] ThirdParty:1030 - CMSIS Pack Vendor :STMicroelectronics X-CUBE-SAFEA1 1.2.2
2026-08-18 19:05:33,230 [INFO] ThirdParty:1030 - CMSIS Pack Vendor :STMicroelectronics X-CUBE-NFC4 3.0.0
2026-08-18 19:05:33,230 [INFO] ThirdParty:1030 - CMSIS Pack Vendor :STMicroelectronics X-CUBE-SUBG2 5.0.0
2026-08-18 19:05:33,230 [INFO] ThirdParty:1030 - CMSIS Pack Vendor :STMicroelectronics X-CUBE-AZRTOS-H7RS 1.1.0
2026-08-18 19:05:33,230 [INFO] ThirdParty:1030 - CMSIS Pack Vendor :STMicroelectronics STM32_WPAN 1.0.0
2026-08-18 19:05:33,230 [INFO] ThirdParty:1030 - CMSIS Pack Vendor :EmbeddedOffice I-CUBE-FS-RTOS 1.0.1
2026-08-18 19:05:33,231 [INFO] ThirdParty:1030 - CMSIS Pack Vendor :STMicroelectronics lwIP 2.0.3
2026-08-18 19:05:33,231 [INFO] ThirdParty:1030 - CMSIS Pack Vendor :Cesanta I-CUBE-Mongoose 7.13.0
2026-08-18 19:05:33,231 [INFO] ThirdParty:1030 - CMSIS Pack Vendor :STMicroelectronics USB_HOST 1.0.0
2026-08-18 19:05:33,232 [INFO] ThirdParty:1030 - CMSIS Pack Vendor :STMicroelectronics X-CUBE-AZRTOS-G4 2.0.0
2026-08-18 19:05:33,232 [INFO] ThirdParty:1030 - CMSIS Pack Vendor :STMicroelectronics X-CUBE-WB05N 2.0.0
2026-08-18 19:05:33,232 [INFO] ThirdParty:1030 - CMSIS Pack Vendor :STMicroelectronics PDM2PCM 3.1.0
2026-08-18 19:05:33,232 [INFO] ThirdParty:1030 - CMSIS Pack Vendor :wolfSSL I-CUBE-wolfTPM 3.8.0
2026-08-18 19:05:33,232 [INFO] ThirdParty:1030 - CMSIS Pack Vendor :wolfSSL I-CUBE-wolfSSH 1.4.20
2026-08-18 19:05:33,232 [INFO] ThirdParty:1030 - CMSIS Pack Vendor :STMicroelectronics X-CUBE-NFC7 2.0.0
2026-08-18 19:05:33,233 [INFO] ThirdParty:1030 - CMSIS Pack Vendor :STMicroelectronics X-CUBE-TCPP 4.2.0
2026-08-18 19:05:33,233 [INFO] ThirdParty:1030 - CMSIS Pack Vendor :RealThread X-CUBE-RT-Thread_Nano 4.1.1
2026-08-18 19:05:33,233 [INFO] ThirdParty:1030 - CMSIS Pack Vendor :STMicroelectronics FP-ATR-SIGFOX1 3.2.0
2026-08-18 19:05:33,233 [INFO] ThirdParty:1030 - CMSIS Pack Vendor :STMicroelectronics X-CUBE-EEPRMA1 5.1.0
2026-08-18 19:05:33,233 [INFO] ThirdParty:1030 - CMSIS Pack Vendor :STMicroelectronics MBEDTLS 2.16.2
2026-08-18 19:05:33,233 [INFO] ThirdParty:1030 - CMSIS Pack Vendor :STMicroelectronics X-CUBE-IPS 3.1.0
2026-08-18 19:05:33,234 [INFO] ThirdParty:1030 - CMSIS Pack Vendor :STMicroelectronics X-CUBE-ALS 1.0.2
2026-08-18 19:05:33,234 [INFO] ThirdParty:1030 - CMSIS Pack Vendor :wolfSSL I-CUBE-wolfSSL 5.7.6
2026-08-18 19:05:33,234 [INFO] ThirdParty:1030 - CMSIS Pack Vendor :ITTIA_DB I-CUBE-ITTIADB 8.9.0
2026-08-18 19:05:33,234 [INFO] ThirdParty:1030 - CMSIS Pack Vendor :STMicroelectronics X-CUBE-STSE01 1.0.0
2026-08-18 19:05:33,234 [INFO] ThirdParty:1030 - CMSIS Pack Vendor :portGmbH I-Cube-SoM-uGOAL 1.1.0
2026-08-18 19:05:33,234 [INFO] ThirdParty:1030 - CMSIS Pack Vendor :STMicroelectronics X-CUBE-NFC6 3.2.0
2026-08-18 19:05:33,234 [INFO] ThirdParty:1030 - CMSIS Pack Vendor :STMicroelectronics X-CUBE-ST67W61 1.0.0
2026-08-18 19:05:33,234 [INFO] ThirdParty:1030 - CMSIS Pack Vendor :STMicroelectronics X-CUBE-AI 10.2.1
2026-08-18 19:05:33,234 [INFO] ThirdParty:1030 - CMSIS Pack Vendor :STMicroelectronics X-CUBE-AI 10.2.0
2026-08-18 19:05:33,234 [INFO] ThirdParty:1030 - CMSIS Pack Vendor :STMicroelectronics ThreadX 1.0.0
2026-08-18 19:05:33,234 [INFO] ThirdParty:1030 - CMSIS Pack Vendor :STMicroelectronics X-CUBE-MEMS1 12.1.0
2026-08-18 19:05:33,234 [INFO] ThirdParty:1030 - CMSIS Pack Vendor :SEGGER I-CUBE-embOS 1.3.1
2026-08-18 19:05:33,234 [INFO] ThirdParty:1030 - CMSIS Pack Vendor :STMicroelectronics X-CUBE-ALGOBUILD 1.4.0
2026-08-18 19:05:33,236 [INFO] ThirdParty:1030 - CMSIS Pack Vendor :STMicroelectronics X-CUBE-MEMS1 11.3.0
2026-08-18 19:05:33,236 [INFO] ThirdParty:1030 - CMSIS Pack Vendor :STMicroelectronics X-CUBE-TOF1 3.4.2
2026-08-18 19:05:33,236 [INFO] ThirdParty:1030 - CMSIS Pack Vendor :STMicroelectronics X-CUBE-TOF1 3.4.3
2026-08-18 19:05:33,236 [INFO] ThirdParty:1030 - CMSIS Pack Vendor :STMicroelectronics X-CUBE-NFC13 1.0.0
2026-08-18 19:05:33,236 [INFO] ThirdParty:841 - exiting critical section [change project]
2026-08-18 19:05:35,045 [INFO] PinOutPanel:1589 - setPackage(No Configuration,No Configuration)
2026-08-18 19:05:35,051 [INFO] PinOutPanel:1589 - setPackage(STM32F429ZITx,LQFP144)
2026-08-18 19:05:36,972 [INFO] UtilMem:75 - Before build in PCC Used Memory: 881062096 Bytes (1073741824)
2026-08-18 19:05:39,661 [INFO] UtilMem:75 - After build in PCC Used Memory: 968129192 Bytes (1073741824)
2026-08-18 19:05:39,832 [INFO] IPUIPlugin:80 - create IPUIPlugin
2026-08-18 19:05:39,833 [INFO] IPUIPlugin:80 - create IPUIPlugin
2026-08-18 19:05:39,833 [INFO] IPUIPlugin:80 - create IPUIPlugin
2026-08-18 19:05:39,833 [INFO] IPUIPlugin:80 - create IPUIPlugin
2026-08-18 19:05:39,833 [INFO] IPUIPlugin:80 - create IPUIPlugin
2026-08-18 19:05:39,834 [INFO] IPUIPlugin:80 - create IPUIPlugin
2026-08-18 19:05:39,835 [INFO] IPUIPlugin:80 - create IPUIPlugin
2026-08-18 19:05:39,836 [INFO] IPUIPlugin:80 - create IPUIPlugin
2026-08-18 19:05:39,836 [INFO] IPUIPlugin:80 - create IPUIPlugin
2026-08-18 19:05:39,837 [INFO] IPUIPlugin:80 - create IPUIPlugin
2026-08-18 19:05:39,838 [INFO] IPUIPlugin:80 - create IPUIPlugin
2026-08-18 19:05:39,838 [INFO] IPUIPlugin:80 - create IPUIPlugin
2026-08-18 19:05:39,840 [INFO] IPUIPlugin:80 - create IPUIPlugin
2026-08-18 19:05:39,840 [INFO] IPUIPlugin:80 - create IPUIPlugin
2026-08-18 19:05:39,841 [INFO] IPUIPlugin:80 - create IPUIPlugin
2026-08-18 19:05:39,842 [INFO] IPUIPlugin:80 - create IPUIPlugin
2026-08-18 19:05:39,842 [INFO] IPUIPlugin:80 - create IPUIPlugin
2026-08-18 19:05:39,843 [INFO] IPUIPlugin:80 - create IPUIPlugin
2026-08-18 19:05:39,843 [INFO] IPUIPlugin:80 - create IPUIPlugin
2026-08-18 19:05:39,844 [INFO] IPUIPlugin:80 - create IPUIPlugin
2026-08-18 19:05:39,845 [INFO] IPUIPlugin:80 - create IPUIPlugin
2026-08-18 19:05:39,846 [INFO] IPUIPlugin:80 - create IPUIPlugin
2026-08-18 19:05:39,846 [INFO] IPUIPlugin:80 - create IPUIPlugin
2026-08-18 19:05:39,847 [INFO] IPUIPlugin:80 - create IPUIPlugin
2026-08-18 19:05:39,848 [INFO] IPUIPlugin:80 - create IPUIPlugin
2026-08-18 19:05:39,849 [INFO] IPUIPlugin:80 - create IPUIPlugin
2026-08-18 19:05:39,849 [INFO] IPUIPlugin:80 - create IPUIPlugin
2026-08-18 19:05:39,850 [INFO] IPUIPlugin:80 - create IPUIPlugin
2026-08-18 19:05:39,851 [INFO] IPUIPlugin:80 - create IPUIPlugin
2026-08-18 19:05:39,852 [INFO] IPUIPlugin:80 - create IPUIPlugin
2026-08-18 19:05:39,853 [INFO] IPUIPlugin:80 - create IPUIPlugin
2026-08-18 19:05:39,853 [INFO] IPUIPlugin:80 - create IPUIPlugin
2026-08-18 19:05:39,854 [INFO] IPUIPlugin:80 - create IPUIPlugin
2026-08-18 19:05:39,855 [INFO] IPUIPlugin:80 - create IPUIPlugin
2026-08-18 19:05:39,856 [INFO] IPUIPlugin:80 - create IPUIPlugin
2026-08-18 19:05:39,856 [INFO] IPUIPlugin:80 - create IPUIPlugin
2026-08-18 19:05:39,856 [INFO] IPUIPlugin:80 - create IPUIPlugin
2026-08-18 19:05:39,857 [INFO] IPUIPlugin:80 - create IPUIPlugin
2026-08-18 19:05:39,857 [INFO] IPUIPlugin:80 - create IPUIPlugin
2026-08-18 19:05:39,860 [INFO] IPUIPlugin:80 - create IPUIPlugin
2026-08-18 19:05:39,862 [INFO] IPUIPlugin:80 - create IPUIPlugin
2026-08-18 19:05:39,864 [INFO] IPUIPlugin:80 - create IPUIPlugin
2026-08-18 19:05:39,865 [INFO] IPUIPlugin:80 - create IPUIPlugin
2026-08-18 19:05:39,866 [INFO] IPUIPlugin:80 - create IPUIPlugin
2026-08-18 19:05:39,917 [INFO] IPUIPlugin:80 - create IPUIPlugin
2026-08-18 19:05:39,919 [INFO] IPUIPlugin:80 - create IPUIPlugin
2026-08-18 19:05:39,923 [INFO] IPUIPlugin:80 - create IPUIPlugin
2026-08-18 19:05:39,924 [INFO] IPUIPlugin:80 - create IPUIPlugin
2026-08-18 19:05:39,925 [INFO] IPUIPlugin:80 - create IPUIPlugin
2026-08-18 19:05:39,926 [INFO] IPUIPlugin:80 - create IPUIPlugin
2026-08-18 19:05:39,927 [INFO] IPUIPlugin:80 - create IPUIPlugin
2026-08-18 19:05:39,929 [INFO] IPUIPlugin:80 - create IPUIPlugin
2026-08-18 19:05:39,930 [INFO] IPUIPlugin:80 - create IPUIPlugin
2026-08-18 19:05:39,931 [INFO] IPUIPlugin:80 - create IPUIPlugin
2026-08-18 19:05:39,932 [INFO] IPUIPlugin:80 - create IPUIPlugin
2026-08-18 19:05:39,933 [INFO] IPUIPlugin:80 - create IPUIPlugin
2026-08-18 19:05:39,934 [INFO] IPUIPlugin:80 - create IPUIPlugin
2026-08-18 19:05:39,934 [INFO] IPUIPlugin:80 - create IPUIPlugin
2026-08-18 19:05:39,935 [INFO] IPUIPlugin:80 - create IPUIPlugin
2026-08-18 19:05:39,935 [INFO] IPUIPlugin:80 - create IPUIPlugin
2026-08-18 19:05:39,936 [INFO] IPUIPlugin:80 - create IPUIPlugin
2026-08-18 19:05:39,937 [INFO] IPUIPlugin:80 - create IPUIPlugin
2026-08-18 19:05:39,938 [INFO] IPUIPlugin:80 - create IPUIPlugin
2026-08-18 19:05:39,939 [INFO] IPUIPlugin:80 - create IPUIPlugin
2026-08-18 19:05:39,944 [INFO] IPUIPlugin:80 - create IPUIPlugin
2026-08-18 19:05:39,945 [INFO] IPUIPlugin:80 - create IPUIPlugin
2026-08-18 19:05:40,193 [INFO] ApiDbMcu:508 - Load IP Config File for PDM2PCM
2026-08-18 19:05:40,741 [INFO] CADModel:165 - CPN selected for project levelSTM32F429ZIT6
2026-08-18 19:05:40,742 [INFO] CADModel:114 - Register for checkConnection events
2026-08-18 19:05:40,795 [INFO] OpenFileManager:385 - Restore cursor
2026-08-18 19:05:42,533 [INFO] UtilMem:75 - End SaveConfig() Used Memory: 799435120 Bytes (1073741824)
2026-08-18 19:05:42,827 [INFO] UtilMem:75 - End SaveConfig() Used Memory: 827713416 Bytes (1073741824)
2026-08-18 19:05:44,268 [INFO] BlockDiagram:2775 - set Specific Code input for plugin: RCC
2026-08-18 19:05:44,269 [INFO] BlockDiagram:2775 - set Specific Code input for plugin: NVIC
2026-08-18 19:05:44,273 [INFO] CodeGenerator:882 - code generatio: config db path: C:\ST\STM32CubeIDE_1.18.0\STM32CubeIDE\plugins\com.st.stm32cube.common.mx_6.14.0.202502271554\\db\
2026-08-18 19:05:45,023 [INFO] CodeEngine:263 - oldGeneratedFile, C:\Users\lthst\Desktop\ICT\dc_motor\MXTmpFiles\license.tmp_save
2026-08-18 19:05:46,323 [INFO] CodeEngine:287 - Generated code: C:\Users\lthst\Desktop\ICT\dc_motor\MXTmpFiles\license.tmp
2026-08-18 19:05:46,424 [INFO] CodeEngine:263 - oldGeneratedFile, C:\Users\lthst\Desktop\ICT\dc_motor\Core\Src\stm32f4xx_it.c_save
2026-08-18 19:05:47,084 [INFO] CodeEngine:287 - Generated code: C:\Users\lthst\Desktop\ICT\dc_motor\Core\Src\stm32f4xx_it.c
2026-08-18 19:05:47,151 [INFO] CodeEngine:263 - oldGeneratedFile, C:\Users\lthst\Desktop\ICT\dc_motor\Core\Inc\stm32f4xx_it.h_save
2026-08-18 19:05:47,569 [INFO] CodeEngine:287 - Generated code: C:\Users\lthst\Desktop\ICT\dc_motor\Core\Inc\stm32f4xx_it.h
2026-08-18 19:05:47,849 [INFO] CodeEngine:263 - oldGeneratedFile, C:\Users\lthst\Desktop\ICT\dc_motor\Core\Src\stm32f4xx_hal_msp.c_save
2026-08-18 19:05:48,413 [INFO] CodeEngine:287 - Generated code: C:\Users\lthst\Desktop\ICT\dc_motor\Core\Src\stm32f4xx_hal_msp.c
2026-08-18 19:05:48,446 [INFO] CodeEngine:263 - oldGeneratedFile, C:\Users\lthst\Desktop\ICT\dc_motor\MXTmpFiles\system.tmp_save
2026-08-18 19:05:48,720 [INFO] CodeEngine:287 - Generated code: C:\Users\lthst\Desktop\ICT\dc_motor\MXTmpFiles\system.tmp
2026-08-18 19:05:48,807 [INFO] CodeEngine:319 - oldGeneratedFile, C:\Users\lthst\Desktop\ICT\dc_motor\Core\Inc\stm32f4xx_hal_conf.h_save
2026-08-18 19:05:49,207 [INFO] CodeEngine:343 - Generated code: C:\Users\lthst\Desktop\ICT\dc_motor\Core\Inc\stm32f4xx_hal_conf.h
2026-08-18 19:05:49,417 [INFO] ApiDbMcu:508 - Load IP Config File for RCC
2026-08-18 19:05:49,517 [INFO] CodeEngine:263 - oldGeneratedFile, C:\Users\lthst\Desktop\ICT\dc_motor\Core\Inc\main.h_save
2026-08-18 19:05:50,014 [INFO] CodeEngine:287 - Generated code: C:\Users\lthst\Desktop\ICT\dc_motor\Core\Inc\main.h
2026-08-18 19:05:50,040 [INFO] CodeEngine:263 - oldGeneratedFile, C:\Users\lthst\Desktop\ICT\dc_motor\Core\Src\main.c_save
2026-08-18 19:05:50,579 [INFO] CodeEngine:287 - Generated code: C:\Users\lthst\Desktop\ICT\dc_motor\Core\Src\main.c
2026-08-18 19:05:51,780 [INFO] ProjectBuilder:3324 - Time for Copy HAL[1] : 546mS.
2026-08-18 19:05:51,795 [INFO] ProjectBuilder:4912 - Project Generator version: 4.6.0-B36
2026-08-18 19:05:52,295 [INFO] ConfigFileManager:1590 - The Die is : DIE419
2026-08-18 19:05:52,333 [INFO] ApiDbMcu:508 - Load IP Config File for FATFS
2026-08-18 19:05:52,379 [INFO] ApiDbMcu:508 - Load IP Config File for FREERTOS
2026-08-18 19:05:52,399 [INFO] ApiDbMcu:508 - Load IP Config File for LIBJPEG
2026-08-18 19:05:52,433 [INFO] ApiDbMcu:508 - Load IP Config File for LWIP
2026-08-18 19:05:52,475 [INFO] ApiDbMcu:508 - Load IP Config File for MBEDTLS
2026-08-18 19:05:52,520 [INFO] ApiDbMcu:508 - Load IP Config File for USB_DEVICE
2026-08-18 19:05:52,543 [INFO] ApiDbMcu:508 - Load IP Config File for USB_HOST
2026-08-18 19:05:54,482 [INFO] LogOutputStream:77 - [STDOUT_REDIRECT] 
2026-08-18 19:06:03,566 [INFO] ProjectBuilder:5191 - Time for Generating toolchain IDE Files: 11772mS.
2026-08-18 19:06:03,569 [INFO] ProjectBuilder:3181 - Time for Copy CMSIS : 1mS.
2026-08-18 19:06:03,578 [INFO] ProjectBuilder:3181 - Time for Copy CMSIS : 0mS.
2026-08-18 19:06:06,161 [INFO] McuFinderGlobals:76 - Set McuFinderConnectedMode to true
2026-08-18 19:06:06,174 [INFO] ApiDb:448 - Save user favorites file C:\Users\lthst/.stm32cubeide/favorites.mcus.txt: 0 item(s)
2026-08-18 19:06:06,175 [INFO] ApiDb:452 - User favorites MCUs=[]
2026-08-18 19:08:05,102 [ERROR] LogOutputStream:75 - [STDERR_REDIRECT] 
2026-08-18 19:15:32,082 [INFO] Activator:176 - 


2026-08-18 19:15:32,087 [INFO] Activator:177 - !SESSION log4j initialized
2026-08-18 19:15:45,284 [INFO] LogOutputStream:77 - [STDOUT_REDIRECT] 
2026-08-18 19:15:53,126 [INFO] ApplicationProperties:184 - Using Application install path: C:\ST\STM32CubeIDE_1.18.0\STM32CubeIDE\plugins\com.st.stm32cube.common.mx_6.14.0.202502271554
2026-08-18 19:15:53,158 [INFO] DbMcusXml:78 - Set database path to: C:\ST\STM32CubeIDE_1.18.0\STM32CubeIDE\plugins\com.st.stm32cube.common.mx_6.14.0.202502271554\\db\/mcu/
2026-08-18 19:15:53,159 [INFO] ApiDb:274 - Set plugin database path to: C:\ST\STM32CubeIDE_1.18.0\STM32CubeIDE\plugins\com.st.stm32cube.common.mx_6.14.0.202502271554\\db\/plugins/boardmanager/
2026-08-18 19:15:53,160 [WARN] ApiDb:259 - Overriding images path with different value:  => C:\ST\STM32CubeIDE_1.18.0\STM32CubeIDE\plugins\com.st.stm32cube.common.mx_6.14.0.202502271554\\db\/plugins/mcufinder/images/
2026-08-18 19:15:53,172 [INFO] ApiDb:250 - Set database path to: C:\Users\lthst\.stmcufinder\plugins\mcufinder//mcu/
2026-08-18 19:15:53,174 [INFO] DbMcusAds:125 - Set database path to: C:\Users\lthst\.stmcufinder\plugins\mcufinder//mcu/
2026-08-18 19:15:53,179 [INFO] CrossReferenceDbSqlite:203 - Set database path to: C:\Users\lthst\.stmcufinder\plugins\mcufinder//mcu/cs/
2026-08-18 19:15:53,552 [INFO] RulesReader:64 - Compatibility file has been processed (301 Rules)
2026-08-18 19:15:53,899 [INFO] DbMcusXml:78 - Set database path to: C:\ST\STM32CubeIDE_1.18.0\STM32CubeIDE\plugins\com.st.stm32cube.common.mx_6.14.0.202502271554\\db\/mcu/
2026-08-18 19:15:53,899 [INFO] ApiDb:274 - Set plugin database path to: C:\ST\STM32CubeIDE_1.18.0\STM32CubeIDE\plugins\com.st.stm32cube.common.mx_6.14.0.202502271554\\db\/plugins/boardmanager/
2026-08-18 19:15:53,904 [INFO] ApiDb:261 - Set plugin images path to: C:\ST\STM32CubeIDE_1.18.0\STM32CubeIDE\plugins\com.st.stm32cube.common.mx_6.14.0.202502271554\\db\/plugins/mcufinder/images/
2026-08-18 19:15:53,905 [WARN] DbFile:41 - Overriding database path with different value: C:\Users\lthst\.stmcufinder\plugins\mcufinder/ => C:\Users\lthst\.stmcufinder\plugins\mcufinder
2026-08-18 19:15:53,905 [INFO] ApiDb:250 - Set database path to: C:\Users\lthst\.stmcufinder\plugins\mcufinder//mcu/
2026-08-18 19:15:53,905 [WARN] DbFile:41 - Overriding database path with different value: C:\Users\lthst\.stmcufinder\plugins\mcufinder/ => C:\Users\lthst\.stmcufinder\plugins\mcufinder
2026-08-18 19:15:53,906 [INFO] DbMcusAds:125 - Set database path to: C:\Users\lthst\.stmcufinder\plugins\mcufinder//mcu/
2026-08-18 19:15:53,906 [WARN] DbFile:41 - Overriding database path with different value: C:\Users\lthst\.stmcufinder\plugins\mcufinder/ => C:\Users\lthst\.stmcufinder\plugins\mcufinder
2026-08-18 19:15:53,907 [WARN] DbFile:41 - Overriding database path with different value: C:\Users\lthst\.stmcufinder\plugins\mcufinder/ => C:\Users\lthst\.stmcufinder\plugins\mcufinder
2026-08-18 19:15:53,907 [INFO] CrossReferenceDbSqlite:203 - Set database path to: C:\Users\lthst\.stmcufinder\plugins\mcufinder//mcu/cs/
2026-08-18 19:15:54,205 [INFO] MainPanel:272 - HeapMemory: 268435456
2026-08-18 19:15:54,499 [INFO] DbMcusXml:78 - Set database path to: C:\ST\STM32CubeIDE_1.18.0\STM32CubeIDE\plugins\com.st.stm32cube.common.mx_6.14.0.202502271554\\db\/mcu/
2026-08-18 19:15:54,499 [INFO] ApiDb:274 - Set plugin database path to: C:\ST\STM32CubeIDE_1.18.0\STM32CubeIDE\plugins\com.st.stm32cube.common.mx_6.14.0.202502271554\\db\/plugins/boardmanager/
2026-08-18 19:15:54,499 [INFO] ApiDb:261 - Set plugin images path to: C:\ST\STM32CubeIDE_1.18.0\STM32CubeIDE\plugins\com.st.stm32cube.common.mx_6.14.0.202502271554\\db\/plugins/mcufinder/images/
2026-08-18 19:15:54,501 [WARN] DbFile:41 - Overriding database path with different value: C:\Users\lthst\.stmcufinder\plugins\mcufinder/ => C:\Users\lthst\.stmcufinder\plugins\mcufinder
2026-08-18 19:15:54,502 [INFO] ApiDb:250 - Set database path to: C:\Users\lthst\.stmcufinder\plugins\mcufinder//mcu/
2026-08-18 19:15:54,502 [WARN] DbFile:41 - Overriding database path with different value: C:\Users\lthst\.stmcufinder\plugins\mcufinder/ => C:\Users\lthst\.stmcufinder\plugins\mcufinder
2026-08-18 19:15:54,502 [INFO] DbMcusAds:125 - Set database path to: C:\Users\lthst\.stmcufinder\plugins\mcufinder//mcu/
2026-08-18 19:15:54,502 [WARN] DbFile:41 - Overriding database path with different value: C:\Users\lthst\.stmcufinder\plugins\mcufinder/ => C:\Users\lthst\.stmcufinder\plugins\mcufinder
2026-08-18 19:15:54,502 [WARN] DbFile:41 - Overriding database path with different value: C:\Users\lthst\.stmcufinder\plugins\mcufinder/ => C:\Users\lthst\.stmcufinder\plugins\mcufinder
2026-08-18 19:15:54,503 [INFO] CrossReferenceDbSqlite:203 - Set database path to: C:\Users\lthst\.stmcufinder\plugins\mcufinder//mcu/cs/
2026-08-18 19:15:54,561 [INFO] ApplicationProperties:184 - Using Application install path: C:\ST\STM32CubeIDE_1.18.0\STM32CubeIDE\plugins\com.st.stm32cube.common.mx_6.14.0.202502271554
2026-08-18 19:15:54,564 [INFO] PluginManage:196 - Search for loadable plugins [exclusion list=, ]
2026-08-18 19:15:54,567 [INFO] PluginManage:310 - Check plugin analytics
2026-08-18 19:15:55,118 [INFO] AnalyticsPlugin:253 - Accepted Software Licenses: 
2026-08-18 19:15:55,119 [INFO] AnalyticsPlugin:255 - Accepted CMSIS Pack Licenses: 
2026-08-18 19:15:55,120 [INFO] AnalyticsPlugin:257 - Accepted Firmware Licenses: FW.F4.1.28.0
2026-08-18 19:15:55,131 [INFO] PluginManage:359 - Loaded plugin analytics (category:tool,tabindex:-1)
2026-08-18 19:15:55,131 [INFO] PluginManage:310 - Check plugin cadmodel
2026-08-18 19:15:55,181 [INFO] CADModel:105 - Init CAD model plugin
2026-08-18 19:15:55,181 [INFO] PluginManage:359 - Loaded plugin cadmodel (category:power,tabindex:5)
2026-08-18 19:15:55,182 [INFO] PluginManage:310 - Check plugin clock
2026-08-18 19:15:55,247 [INFO] PluginManage:359 - Loaded plugin clock (category:base,tabindex:2)
2026-08-18 19:15:55,248 [INFO] PluginManage:310 - Check plugin ddr
2026-08-18 19:15:55,254 [INFO] PluginManage:359 - Loaded plugin ddr (category:tool,tabindex:6)
2026-08-18 19:15:55,254 [INFO] PluginManage:310 - Check plugin filemanager
2026-08-18 19:15:55,848 [INFO] PluginManage:359 - Loaded plugin filemanager (category:base,tabindex:10)
2026-08-18 19:15:55,849 [INFO] PluginManage:310 - Check plugin ipmanager
2026-08-18 19:15:55,873 [INFO] PluginManage:359 - Loaded plugin ipmanager (category:base,tabindex:5)
2026-08-18 19:15:55,873 [INFO] PluginManage:310 - Check plugin lpbam
2026-08-18 19:15:55,932 [INFO] PluginManage:359 - Loaded plugin lpbam (category:base,tabindex:0)
2026-08-18 19:15:55,933 [INFO] PluginManage:310 - Check plugin memorymap
2026-08-18 19:15:56,011 [INFO] PluginManage:359 - Loaded plugin memorymap (category:base,tabindex:4)
2026-08-18 19:15:56,011 [INFO] PluginManage:310 - Check plugin pinoutandconfiguration
2026-08-18 19:15:56,075 [INFO] PluginManage:359 - Loaded plugin pinoutandconfiguration (category:base,tabindex:1)
2026-08-18 19:15:56,076 [INFO] PluginManage:310 - Check plugin pinoutconfig
2026-08-18 19:15:56,359 [WARN] SupportedApi:132 - Cannot load RTOS API schema: s4s-elt-must-match.1: The content of 'definitions' must match (annotation?, (simpleType | complexType)?, (unique | key | keyref)*)). A problem was found starting at: attribute.
2026-08-18 19:15:56,737 [INFO] PluginManage:359 - Loaded plugin pinoutconfig (category:base,tabindex:0)
2026-08-18 19:15:56,737 [INFO] PluginManage:310 - Check plugin power
2026-08-18 19:15:56,801 [INFO] PluginManage:359 - Loaded plugin power (category:power,tabindex:4)
2026-08-18 19:15:56,806 [INFO] PluginManage:310 - Check plugin projectmanager
2026-08-18 19:15:56,852 [INFO] PluginManage:359 - Loaded plugin projectmanager (category:projectmanager,tabindex:4)
2026-08-18 19:15:56,852 [INFO] PluginManage:310 - Check plugin rif
2026-08-18 19:15:56,898 [INFO] PluginManage:359 - Loaded plugin rif (category:base,tabindex:3)
2026-08-18 19:15:56,898 [INFO] PluginManage:310 - Check plugin thirdparty
2026-08-18 19:15:57,755 [INFO] PluginManage:359 - Loaded plugin thirdparty (category:base,tabindex:-1)
2026-08-18 19:15:57,756 [INFO] PluginManage:310 - Check plugin tools
2026-08-18 19:15:57,755 [WARN] IntegrityCheckThread:84 - waiting for thirdparty lock release [integrity check]
2026-08-18 19:15:57,756 [INFO] IntegrityCheckThread:86 - entering critical section [integrity check]
2026-08-18 19:15:57,757 [INFO] ThirdPartyUpdaterWithRetryManager:70 - Updater plugin not ready yet. [1/15]
2026-08-18 19:15:57,868 [INFO] PluginManage:359 - Loaded plugin tools (category:base,tabindex:7)
2026-08-18 19:15:57,869 [INFO] PluginManage:310 - Check plugin tutovideos
2026-08-18 19:15:58,295 [INFO] PluginManage:359 - Loaded plugin tutovideos (category:base,tabindex:-1)
2026-08-18 19:15:58,295 [INFO] PluginManage:310 - Check plugin updater
2026-08-18 19:15:58,342 [INFO] PluginManage:359 - Loaded plugin updater (category:base,tabindex:12)
2026-08-18 19:15:58,342 [INFO] PluginManage:310 - Check plugin userauth
2026-08-18 19:15:58,350 [INFO] UserAuth:118 - Init User Auth plugin
2026-08-18 19:15:58,351 [INFO] PluginManage:359 - Loaded plugin userauth (category:base,tabindex:14)
2026-08-18 19:15:58,352 [INFO] PluginManage:283 - PluginManage : Loaded plugins [18]
2026-08-18 19:15:58,824 [INFO] PinOutPanel:1589 - setPackage(No Configuration,No Configuration)
2026-08-18 19:15:59,015 [INFO] CADModel:165 - CPN selected for project level
2026-08-18 19:15:59,015 [INFO] CADModel:114 - Register for checkConnection events
2026-08-18 19:15:59,077 [INFO] IPUIPlugin:80 - create IPUIPlugin
2026-08-18 19:15:59,077 [INFO] PluginManager:220 - loadIPPluginJar : add adc
2026-08-18 19:15:59,191 [INFO] IPUIPlugin:80 - create IPUIPlugin
2026-08-18 19:15:59,192 [INFO] PluginManager:220 - loadIPPluginJar : add aes
2026-08-18 19:15:59,310 [INFO] IPUIPlugin:80 - create IPUIPlugin
2026-08-18 19:15:59,311 [INFO] PluginManager:220 - loadIPPluginJar : add can
2026-08-18 19:15:59,369 [INFO] IPUIPlugin:80 - create IPUIPlugin
2026-08-18 19:15:59,370 [INFO] PluginManager:220 - loadIPPluginJar : add comp
2026-08-18 19:15:59,468 [INFO] IPUIPlugin:80 - create IPUIPlugin
2026-08-18 19:15:59,469 [INFO] PluginManager:220 - loadIPPluginJar : add cryp
2026-08-18 19:15:59,495 [INFO] IPUIPlugin:80 - create IPUIPlugin
2026-08-18 19:15:59,496 [INFO] PluginManager:220 - loadIPPluginJar : add ddr_ctrl_phy
2026-08-18 19:15:59,571 [INFO] IPUIPlugin:80 - create IPUIPlugin
2026-08-18 19:15:59,571 [INFO] PluginManager:220 - loadIPPluginJar : add dfsdm
2026-08-18 19:15:59,604 [INFO] IPUIPlugin:80 - create IPUIPlugin
2026-08-18 19:15:59,605 [INFO] PluginManager:220 - loadIPPluginJar : add dma
2026-08-18 19:15:59,705 [INFO] IPUIPlugin:80 - create IPUIPlugin
2026-08-18 19:15:59,705 [INFO] PluginManager:220 - loadIPPluginJar : add dma3
2026-08-18 19:15:59,826 [INFO] IPUIPlugin:80 - create IPUIPlugin
2026-08-18 19:15:59,826 [INFO] PluginManager:220 - loadIPPluginJar : add extmemmanager
2026-08-18 19:15:59,880 [INFO] IPUIPlugin:80 - create IPUIPlugin
2026-08-18 19:15:59,880 [INFO] PluginManager:220 - loadIPPluginJar : add fatfs
2026-08-18 19:16:00,011 [INFO] IPUIPlugin:80 - create IPUIPlugin
2026-08-18 19:16:00,013 [INFO] PluginManager:220 - loadIPPluginJar : add fmc
2026-08-18 19:16:00,062 [INFO] IPUIPlugin:80 - create IPUIPlugin
2026-08-18 19:16:00,062 [INFO] PluginManager:220 - loadIPPluginJar : add freertos
2026-08-18 19:16:00,139 [INFO] IPUIPlugin:80 - create IPUIPlugin
2026-08-18 19:16:00,141 [INFO] PluginManager:220 - loadIPPluginJar : add genericplugin
2026-08-18 19:16:00,512 [INFO] IPUIPlugin:80 - create IPUIPlugin
2026-08-18 19:16:00,512 [INFO] PluginManager:220 - loadIPPluginJar : add gfxmmu
2026-08-18 19:16:00,761 [INFO] ThirdPartyUpdaterWithRetryManager:70 - Updater plugin not ready yet. [2/15]
2026-08-18 19:16:01,011 [INFO] IPUIPlugin:80 - create IPUIPlugin
2026-08-18 19:16:01,011 [INFO] PluginManager:220 - loadIPPluginJar : add gic
2026-08-18 19:16:01,054 [INFO] IPUIPlugin:80 - create IPUIPlugin
2026-08-18 19:16:01,054 [INFO] PluginManager:220 - loadIPPluginJar : add gpio
2026-08-18 19:16:01,453 [INFO] IPUIPlugin:80 - create IPUIPlugin
2026-08-18 19:16:01,453 [INFO] PluginManager:220 - loadIPPluginJar : add gtzc
2026-08-18 19:16:01,595 [INFO] IPUIPlugin:80 - create IPUIPlugin
2026-08-18 19:16:01,595 [INFO] PluginManager:220 - loadIPPluginJar : add hash
2026-08-18 19:16:01,804 [INFO] IPUIPlugin:80 - create IPUIPlugin
2026-08-18 19:16:01,804 [INFO] PluginManager:220 - loadIPPluginJar : add i2c
2026-08-18 19:16:01,955 [INFO] IPUIPlugin:80 - create IPUIPlugin
2026-08-18 19:16:01,955 [INFO] PluginManager:220 - loadIPPluginJar : add i2s
2026-08-18 19:16:02,103 [INFO] IPUIPlugin:80 - create IPUIPlugin
2026-08-18 19:16:02,104 [INFO] PluginManager:220 - loadIPPluginJar : add i3c
2026-08-18 19:16:02,532 [INFO] IPUIPlugin:80 - create IPUIPlugin
2026-08-18 19:16:02,534 [INFO] PluginManager:220 - loadIPPluginJar : add ipddr
2026-08-18 19:16:02,837 [INFO] IPUIPlugin:80 - create IPUIPlugin
2026-08-18 19:16:02,837 [INFO] PluginManager:220 - loadIPPluginJar : add linkedlist
2026-08-18 19:16:02,952 [INFO] IPUIPlugin:80 - create IPUIPlugin
2026-08-18 19:16:02,952 [INFO] PluginManager:220 - loadIPPluginJar : add lorawan
2026-08-18 19:16:03,095 [INFO] IPUIPlugin:80 - create IPUIPlugin
2026-08-18 19:16:03,101 [INFO] PluginManager:220 - loadIPPluginJar : add ltdc
2026-08-18 19:16:03,143 [INFO] IPUIPlugin:80 - create IPUIPlugin
2026-08-18 19:16:03,143 [INFO] PluginManager:220 - loadIPPluginJar : add mdma
2026-08-18 19:16:03,177 [INFO] IPUIPlugin:80 - create IPUIPlugin
2026-08-18 19:16:03,177 [INFO] PluginManager:220 - loadIPPluginJar : add nvic
2026-08-18 19:16:03,307 [INFO] IPUIPlugin:80 - create IPUIPlugin
2026-08-18 19:16:03,307 [INFO] PluginManager:220 - loadIPPluginJar : add opamp
2026-08-18 19:16:03,478 [INFO] IPUIPlugin:80 - create IPUIPlugin
2026-08-18 19:16:03,478 [INFO] PluginManager:220 - loadIPPluginJar : add openamp
2026-08-18 19:16:03,635 [INFO] IPUIPlugin:80 - create IPUIPlugin
2026-08-18 19:16:03,635 [INFO] PluginManager:220 - loadIPPluginJar : add pdm2pcm
2026-08-18 19:16:03,677 [INFO] IPUIPlugin:80 - create IPUIPlugin
2026-08-18 19:16:03,677 [INFO] PluginManager:220 - loadIPPluginJar : add plateformsettings
2026-08-18 19:16:03,758 [INFO] IPUIPlugin:80 - create IPUIPlugin
2026-08-18 19:16:03,758 [INFO] PluginManager:220 - loadIPPluginJar : add quadspi
2026-08-18 19:16:03,772 [INFO] ThirdPartyUpdaterWithRetryManager:70 - Updater plugin not ready yet. [3/15]
2026-08-18 19:16:03,852 [INFO] IPUIPlugin:80 - create IPUIPlugin
2026-08-18 19:16:03,852 [INFO] PluginManager:220 - loadIPPluginJar : add radio
2026-08-18 19:16:03,887 [INFO] IPUIPlugin:80 - create IPUIPlugin
2026-08-18 19:16:03,887 [INFO] PluginManager:220 - loadIPPluginJar : add resmgrutility
2026-08-18 19:16:04,066 [INFO] IPUIPlugin:80 - create IPUIPlugin
2026-08-18 19:16:04,066 [INFO] PluginManager:220 - loadIPPluginJar : add sai
2026-08-18 19:16:04,216 [INFO] IPUIPlugin:80 - create IPUIPlugin
2026-08-18 19:16:04,216 [INFO] PluginManager:220 - loadIPPluginJar : add spi
2026-08-18 19:16:04,494 [INFO] IPUIPlugin:80 - create IPUIPlugin
2026-08-18 19:16:04,494 [INFO] PluginManager:220 - loadIPPluginJar : add stm32_wpan
2026-08-18 19:16:04,584 [INFO] IPUIPlugin:80 - create IPUIPlugin
2026-08-18 19:16:04,584 [INFO] PluginManager:220 - loadIPPluginJar : add tim
2026-08-18 19:16:05,196 [INFO] IPUIPlugin:80 - create IPUIPlugin
2026-08-18 19:16:05,196 [INFO] PluginManager:220 - loadIPPluginJar : add touchsensing
2026-08-18 19:16:05,393 [INFO] IPUIPlugin:80 - create IPUIPlugin
2026-08-18 19:16:05,396 [INFO] PluginManager:220 - loadIPPluginJar : add tracer_emb
2026-08-18 19:16:05,478 [INFO] IPUIPlugin:80 - create IPUIPlugin
2026-08-18 19:16:05,480 [INFO] PluginManager:220 - loadIPPluginJar : add ts
2026-08-18 19:16:05,588 [INFO] IPUIPlugin:80 - create IPUIPlugin
2026-08-18 19:16:05,590 [INFO] PluginManager:220 - loadIPPluginJar : add tsc
2026-08-18 19:16:05,723 [INFO] IPUIPlugin:80 - create IPUIPlugin
2026-08-18 19:16:05,725 [INFO] PluginManager:220 - loadIPPluginJar : add ucpd
2026-08-18 19:16:05,986 [INFO] IPUIPlugin:80 - create IPUIPlugin
2026-08-18 19:16:05,986 [INFO] PluginManager:220 - loadIPPluginJar : add usart
2026-08-18 19:16:06,153 [INFO] IPUIPlugin:80 - create IPUIPlugin
2026-08-18 19:16:06,153 [INFO] PluginManager:220 - loadIPPluginJar : add usbx
2026-08-18 19:16:06,404 [FATAL] Updater:351 - Updater called before beeing initialized
2026-08-18 19:16:06,507 [INFO] RulesReader:64 - Compatibility file has been processed (301 Rules)
2026-08-18 19:16:06,548 [INFO] RulesReader:64 - Compatibility file has been processed (301 Rules)
2026-08-18 19:16:06,571 [INFO] CADModel:165 - CPN selected for project level
2026-08-18 19:16:06,571 [INFO] CADModel:114 - Register for checkConnection events
2026-08-18 19:16:06,571 [FATAL] Updater:351 - Updater called before beeing initialized
2026-08-18 19:16:06,571 [ERROR] CADModel:125 - Updater not yet initialized, retry later 
2026-08-18 19:16:06,784 [INFO] ThirdPartyUpdaterWithRetryManager:70 - Updater plugin not ready yet. [4/15]
2026-08-18 19:16:06,954 [FATAL] Updater:351 - Updater called before beeing initialized
2026-08-18 19:16:06,957 [INFO] CADModel:165 - CPN selected for project level
2026-08-18 19:16:06,957 [INFO] CADModel:114 - Register for checkConnection events
2026-08-18 19:16:06,957 [FATAL] Updater:351 - Updater called before beeing initialized
2026-08-18 19:16:06,957 [ERROR] CADModel:125 - Updater not yet initialized, retry later 
2026-08-18 19:16:06,965 [FATAL] Updater:351 - Updater called before beeing initialized
2026-08-18 19:16:07,521 [FATAL] Updater:351 - Updater called before beeing initialized
2026-08-18 19:16:07,567 [INFO] DbMcusAds:53 - JSON generation date=Wed Jul 15 18:44:54 KST 2026 (1784108694001)
2026-08-18 19:16:07,567 [FATAL] Updater:351 - Updater called before beeing initialized
2026-08-18 19:16:07,687 [WARN] DetailPanel:346 - Failed to get advertising image, set to default
2026-08-18 19:16:08,497 [FATAL] Updater:351 - Updater called before beeing initialized
2026-08-18 19:16:08,501 [FATAL] Updater:351 - Updater called before beeing initialized
2026-08-18 19:16:08,501 [FATAL] Updater:351 - Updater called before beeing initialized
2026-08-18 19:16:08,501 [WARN] DetailPanel:346 - Failed to get advertising image, set to default
2026-08-18 19:16:08,504 [FATAL] Updater:351 - Updater called before beeing initialized
2026-08-18 19:16:08,636 [ERROR] Updater:1198 - MainUpdater not yet initialized. External WinMGr cannot be set.
2026-08-18 19:16:08,696 [INFO] Updater:1134 - Updater Version found : 6.14.0
2026-08-18 19:16:08,746 [INFO] ApplicationProperties:184 - Using Application install path: C:\ST\STM32CubeIDE_1.18.0\STM32CubeIDE\plugins\com.st.stm32cube.common.mx_6.14.0.202502271554
2026-08-18 19:16:09,741 [INFO] MainUpdater:2872 - connection check result : 10
2026-08-18 19:16:09,744 [INFO] MainUpdater:289 - Updater Check For Update Now.
2026-08-18 19:16:09,744 [INFO] MicroXplorer:498 - Change Database Version : DB.6.0.140
2026-08-18 19:16:09,793 [WARN] MainUpdater:1193 - Updater busy. Cannot search thirdparties
2026-08-18 19:16:09,793 [INFO] ThirdPartyUpdaterWithRetryManager:96 - Updater plugin is busy. [1/15]
2026-08-18 19:16:09,806 [INFO] McuFinderGlobals:63 - Set McuFinder mode to 2 (CubeIDE integrated)
2026-08-18 19:16:09,827 [INFO] UserAuth:486 - Internet connection configuration mode: 1
2026-08-18 19:16:09,918 [INFO] JxBrowserEngine:152 - Initiate JxBrowser Engine with user profile folder
2026-08-18 19:16:10,277 [INFO] CheckServerUpdateThread:120 - End of CheckServer Thread
2026-08-18 19:16:12,779 [INFO] WebApp:169 - Instantiating new browser for Auth
2026-08-18 19:16:14,189 [WARN] PackLoader:240 - Cannot read IP mode file for STMicroelectronics.X-CUBE-AZRTOS-H7.3.5.0
2026-08-18 19:16:14,261 [WARN] PackLoader:240 - Cannot read IP mode file for STMicroelectronics.FP-SNS-MOTENVWB1.1.4.0
2026-08-18 19:16:14,320 [WARN] PackLoader:240 - Cannot read IP mode file for STMicroelectronics.FP-ATR-ASTRA1.2.0.3
2026-08-18 19:16:14,345 [WARN] PackLoader:240 - Cannot read IP mode file for STMicroelectronics.FP-ATR-ASTRA1.2.0.2
2026-08-18 19:16:14,371 [ERROR] Engine:466 - C:\Users\lthst\.stm32cubemx\thirdparties\pdsc\STMicroelectronics.X-CUBE-SMBUS.2.1.1.pdsc: PDSC version is not supported
2026-08-18 19:16:14,409 [WARN] PackLoader:240 - Cannot read IP mode file for STMicroelectronics.X-CUBE-SMBUS.2.1.0
2026-08-18 19:16:14,535 [WARN] PackLoader:240 - Cannot read IP mode file for STMicroelectronics.X-CUBE-WB05N.1.1.0
2026-08-18 19:16:14,585 [WARN] PackLoader:240 - Cannot read IP mode file for STMicroelectronics.X-CUBE-ST60.1.0.0
2026-08-18 19:16:14,683 [WARN] PackLoader:240 - Cannot read IP mode file for STMicroelectronics.X-CUBE-AZRTOS-F7.1.1.0
2026-08-18 19:16:14,741 [ERROR] Engine:466 - C:\Users\lthst\.stm32cubemx\thirdparties\pdsc\STMicroelectronics.X-CUBE-FREERTOS.1.6.0.pdsc: PDSC version is not supported
2026-08-18 19:16:14,779 [ERROR] Engine:466 - C:\Users\lthst\.stm32cubemx\thirdparties\pdsc\STMicroelectronics.FP-SNS-MOTENV1.5.1.0.pdsc: PDSC version is not supported
2026-08-18 19:16:14,818 [INFO] WebApp:463 - Apply proxy settings
2026-08-18 19:16:14,820 [INFO] WebApp:548 - Chromium requires no authentication
2026-08-18 19:16:14,841 [INFO] WebApp:491 - Direct internet connection detected
2026-08-18 19:16:14,883 [WARN] PackLoader:240 - Cannot read IP mode file for STMicroelectronics.X-CUBE-AZRTOS-H7RS.1.3.0
2026-08-18 19:16:14,924 [INFO] WebApp:894 - Register for checkConnection events
2026-08-18 19:16:14,924 [INFO] WebApp:463 - Apply proxy settings
2026-08-18 19:16:14,924 [INFO] WebApp:548 - Chromium requires no authentication
2026-08-18 19:16:14,927 [INFO] WebApp:491 - Direct internet connection detected
2026-08-18 19:16:14,959 [WARN] PackLoader:240 - Cannot read IP mode file for Infineon.AIROC-Wi-Fi-Bluetooth-STM32.1.7.0
2026-08-18 19:16:15,047 [WARN] PackLoader:240 - Cannot read IP mode file for STMicroelectronics.X-CUBE-AZRTOS-H7.3.4.0
2026-08-18 19:16:15,106 [WARN] PackLoader:240 - Cannot read IP mode file for STMicroelectronics.X-CUBE-DISPLAY.3.0.0
2026-08-18 19:16:15,236 [WARN] PackLoader:240 - Cannot read IP mode file for STMicroelectronics.X-CUBE-GNSS1.7.1.1
2026-08-18 19:16:15,246 [INFO] WebApp:191 - Connection restablished
2026-08-18 19:16:15,268 [ERROR] Engine:466 - C:\Users\lthst\.stm32cubemx\thirdparties\pdsc\STMicroelectronics.FP-SNS-MOTENVWB1.1.5.0.pdsc: PDSC version is not supported
2026-08-18 19:16:15,309 [WARN] PackLoader:240 - Cannot read IP mode file for STMicroelectronics.X-CUBE-NFC10.1.0.0
2026-08-18 19:16:15,449 [WARN] PackLoader:240 - Cannot read IP mode file for STMicroelectronics.X-CUBE-BLEMGR.4.0.0
2026-08-18 19:16:15,666 [INFO] WebApp:225 - Starting web application
2026-08-18 19:16:15,666 [INFO] WebApp:593 - Web application path used C:\ST\STM32CubeIDE_1.18.0\STM32CubeIDE\plugins\com.st.stm32cube.common.mx_6.14.0.202502271554\db\plugins\mcufinder\reactClient1\index.html
2026-08-18 19:16:15,759 [WARN] PackLoader:240 - Cannot read IP mode file for STMicroelectronics.X-CUBE-ST60.1.1.0
2026-08-18 19:16:15,949 [WARN] PackLoader:240 - Cannot read IP mode file for emotas.I-CUBE-CANOPEN.1.3.0
2026-08-18 19:16:16,012 [ERROR] Engine:466 - C:\Users\lthst\.stm32cubemx\thirdparties\pdsc\STMicroelectronics.X-CUBE-WBA.1.1.0.pdsc: PDSC version is not supported
2026-08-18 19:16:16,129 [WARN] PackLoader:240 - Cannot read IP mode file for STMicroelectronics.X-CUBE-GNSS1.7.1.0
2026-08-18 19:16:16,248 [WARN] ConditionMgr:438 - getConditionDescription Invalid condition id : Cortex-A Device cause : null
2026-08-18 19:16:16,363 [WARN] ConditionMgr:1044 - genDependencies : Invalid condition id : Cortex-A Device cause : null
2026-08-18 19:16:16,366 [WARN] ConditionMgr:1044 - genDependencies : Invalid condition id : Cortex-A Device cause : null
2026-08-18 19:16:16,366 [WARN] ConditionMgr:1044 - genDependencies : Invalid condition id : Cortex-A Device cause : null
2026-08-18 19:16:16,405 [WARN] PackLoader:240 - Cannot read IP mode file for STMicroelectronics.X-CUBE-AI.10.0.0
2026-08-18 19:16:16,448 [ERROR] Engine:466 - C:\Users\lthst\.stm32cubemx\thirdparties\pdsc\STMicroelectronics.FP-SNS-STBOX1.2.1.0.pdsc: PDSC version is not supported
2026-08-18 19:16:16,488 [INFO] UserAuth:486 - Internet connection configuration mode: 1
2026-08-18 19:16:16,496 [WARN] PackLoader:240 - Cannot read IP mode file for STMicroelectronics.FP-SNS-SMARTAG2.1.2.0
2026-08-18 19:16:16,545 [WARN] PackLoader:240 - Cannot read IP mode file for STMicroelectronics.FP-SNS-FLIGHT1.5.1.0
2026-08-18 19:16:16,726 [WARN] PackLoader:240 - Cannot read IP mode file for STMicroelectronics.X-CUBE-MEMS1.11.1.0
2026-08-18 19:16:17,352 [INFO] LogOutputStream:77 - [STDOUT_REDIRECT] 1 : Invalid condition id : UX_CORESTACK_Condition cause : null
2026-08-18 19:16:17,357 [INFO] LogOutputStream:77 - [STDOUT_REDIRECT] 1 : Invalid condition id : UX_CORESTACK_Condition cause : null
2026-08-18 19:16:17,361 [INFO] LogOutputStream:77 - [STDOUT_REDIRECT] 1 : Invalid condition id : UX_CORESTACK_Condition cause : null
2026-08-18 19:16:17,363 [INFO] LogOutputStream:77 - [STDOUT_REDIRECT] 1 : Invalid condition id : UX_CORESTACK_Condition cause : null
2026-08-18 19:16:17,365 [INFO] LogOutputStream:77 - [STDOUT_REDIRECT] 1 : Invalid condition id : UX_CORESTACK_Condition cause : null
2026-08-18 19:16:17,376 [WARN] PackLoader:240 - Cannot read IP mode file for STMicroelectronics.X-CUBE-AZRTOS-WL.2.0.0
2026-08-18 19:16:17,486 [WARN] PackLoader:240 - Cannot read IP mode file for STMicroelectronics.FP-SNS-MOTENV1.5.0.0
2026-08-18 19:16:17,640 [WARN] PackLoader:240 - Cannot read IP mode file for STMicroelectronics.X-CUBE-AZRTOS-H7RS.1.2.0
2026-08-18 19:16:17,707 [WARN] PackLoader:240 - Cannot read IP mode file for WES.I-CUBE-Cesium.1.3.0
2026-08-18 19:16:17,744 [WARN] PackLoader:240 - Cannot read IP mode file for STMicroelectronics.X-CUBE-BLE2.3.3.0
2026-08-18 19:16:17,908 [WARN] PackLoader:240 - Cannot read IP mode file for STMicroelectronics.X-CUBE-NFC9.1.0.0
2026-08-18 19:16:17,964 [WARN] PackLoader:240 - Cannot read IP mode file for STMicroelectronics.X-CUBE-BLE1.7.1.0
2026-08-18 19:16:18,019 [WARN] PackLoader:240 - Cannot read IP mode file for wolfSSL.I-CUBE-wolfMQTT.1.19.2
2026-08-18 19:16:18,058 [ERROR] Engine:466 - C:\Users\lthst\.stm32cubemx\thirdparties\pdsc\STMicroelectronics.X-CUBE-FREERTOS.1.4.0.pdsc: PDSC version is not supported
2026-08-18 19:16:18,109 [WARN] PackLoader:240 - Cannot read IP mode file for STMicroelectronics.X-CUBE-EEPRMA1.5.2.0
2026-08-18 19:16:18,159 [ERROR] Engine:466 - C:\Users\lthst\.stm32cubemx\thirdparties\pdsc\STMicroelectronics.X-CUBE-ST67W61.1.1.0.pdsc: PDSC version is not supported
2026-08-18 19:16:18,185 [WARN] PackLoader:240 - Cannot read IP mode file for STMicroelectronics.X-CUBE-AI.10.1.0
2026-08-18 19:16:18,246 [ERROR] Engine:466 - C:\Users\lthst\.stm32cubemx\thirdparties\pdsc\STMicroelectronics.FP-SNS-STAIOTCFT.1.1.0.pdsc: PDSC version is not supported
2026-08-18 19:16:18,397 [WARN] PackLoader:240 - Cannot read IP mode file for STMicroelectronics.X-CUBE-MEMS1.12.0.0
2026-08-18 19:16:18,699 [WARN] PackLoader:240 - Cannot read IP mode file for STMicroelectronics.X-CUBE-MEMS1.11.2.0
2026-08-18 19:16:18,969 [WARN] PackLoader:240 - Cannot read IP mode file for STMicroelectronics.X-CUBE-AZRTOS-G0.1.1.0
2026-08-18 19:16:19,038 [WARN] PackLoader:240 - Cannot read IP mode file for STMicroelectronics.X-CUBE-SAFEA1.1.2.2
2026-08-18 19:16:19,072 [WARN] PackLoader:240 - Cannot read IP mode file for STMicroelectronics.X-CUBE-NFC4.3.0.0
2026-08-18 19:16:19,124 [WARN] PackLoader:240 - Cannot read IP mode file for EmbeddedOffice.I-CUBE-FS-RTOS.1.0.1
2026-08-18 19:16:19,162 [WARN] PackLoader:240 - Cannot read IP mode file for STMicroelectronics.X-CUBE-WB05N.2.0.0
2026-08-18 19:16:19,210 [WARN] PackLoader:240 - Cannot read IP mode file for wolfSSL.I-CUBE-wolfTPM.3.8.0
2026-08-18 19:16:19,245 [WARN] PackLoader:240 - Cannot read IP mode file for STMicroelectronics.X-CUBE-TCPP.4.2.0
2026-08-18 19:16:19,298 [WARN] PackLoader:240 - Cannot read IP mode file for RealThread.X-CUBE-RT-Thread_Nano.4.1.1
2026-08-18 19:16:19,381 [WARN] PackLoader:240 - Cannot read IP mode file for STMicroelectronics.FP-ATR-SIGFOX1.3.2.0
2026-08-18 19:16:19,419 [WARN] PackLoader:240 - Cannot read IP mode file for STMicroelectronics.X-CUBE-EEPRMA1.5.1.0
2026-08-18 19:16:19,529 [ERROR] Engine:466 - C:\Users\lthst\.stm32cubemx\thirdparties\pdsc\STMicroelectronics.X-CUBE-FREERTOS.1.5.0.pdsc: PDSC version is not supported
2026-08-18 19:16:19,570 [WARN] PackLoader:240 - Cannot read IP mode file for wolfSSL.I-CUBE-wolfSSL.5.7.6
2026-08-18 19:16:19,616 [WARN] PackLoader:240 - Cannot read IP mode file for ITTIA_DB.I-CUBE-ITTIADB.8.9.0
2026-08-18 19:16:19,662 [WARN] PackLoader:240 - Cannot read IP mode file for STMicroelectronics.X-CUBE-NFC6.3.2.0
2026-08-18 19:16:19,719 [WARN] PackLoader:240 - Cannot read IP mode file for STMicroelectronics.X-CUBE-ST67W61.1.0.0
2026-08-18 19:16:19,788 [WARN] PackLoader:240 - Cannot read IP mode file for STMicroelectronics.X-CUBE-AI.10.2.1
2026-08-18 19:16:19,846 [WARN] PackLoader:240 - Cannot read IP mode file for STMicroelectronics.X-CUBE-AI.10.2.0
2026-08-18 19:16:19,965 [WARN] PackLoader:240 - Cannot read IP mode file for STMicroelectronics.X-CUBE-MEMS1.12.1.0
2026-08-18 19:16:20,224 [WARN] PackLoader:240 - Cannot read IP mode file for SEGGER.I-CUBE-embOS.1.3.1
2026-08-18 19:16:20,369 [WARN] PackLoader:240 - Cannot read IP mode file for STMicroelectronics.X-CUBE-ALGOBUILD.1.4.0
2026-08-18 19:16:20,499 [WARN] PackLoader:240 - Cannot read IP mode file for STMicroelectronics.X-CUBE-MEMS1.11.3.0
2026-08-18 19:16:20,743 [WARN] PackLoader:240 - Cannot read IP mode file for STMicroelectronics.X-CUBE-NFC13.1.0.0
2026-08-18 19:16:20,779 [WARN] PackLoader:240 - Cannot read IP mode file for STMicroelectronics.X-CUBE-PM33A1.1.0.0
2026-08-18 19:16:20,862 [WARN] PackLoader:240 - Cannot read IP mode file for STMicroelectronics.X-CUBE-AZRTOS-F4.1.1.0
2026-08-18 19:16:20,908 [WARN] PackLoader:240 - Cannot read IP mode file for Avnet-IotConnect.X-CUBE-IoTC-DA16k-PMOD.1.0.0
2026-08-18 19:16:20,935 [WARN] PackLoader:240 - Cannot read IP mode file for STMicroelectronics.X-CUBE-ISPU.2.1.0
2026-08-18 19:16:20,971 [ERROR] Engine:466 - C:\Users\lthst\.stm32cubemx\thirdparties\pdsc\STMicroelectronics.X-CUBE-IPS.3.2.0.pdsc: PDSC version is not supported
2026-08-18 19:16:21,011 [WARN] PackLoader:240 - Cannot read IP mode file for STMicroelectronics.eDS-WB_DPC_TT-BIDIR.2.1.1
2026-08-18 19:16:21,049 [WARN] PackLoader:240 - Cannot read IP mode file for STMicroelectronics.X-CUBE-NFC12.1.0.0
2026-08-18 19:16:21,127 [WARN] PackLoader:240 - Cannot read IP mode file for STMicroelectronics.X-CUBE-AZRTOS-L5.2.0.0
2026-08-18 19:16:21,175 [WARN] PackLoader:240 - Cannot read IP mode file for STMicroelectronics.X-CUBE-NFC6.3.1.0
2026-08-18 19:16:21,210 [WARN] PackLoader:240 - Cannot read IP mode file for STMicroelectronics.X-CUBE-ALGOBUILD.1.5.0
2026-08-18 19:16:21,246 [WARN] PackLoader:240 - Cannot read IP mode file for STMicroelectronics.X-CUBE-DPower.1.2.0
2026-08-18 19:16:21,275 [WARN] PackLoader:240 - Cannot read IP mode file for STMicroelectronics.eDS-WB_DPC_VIENNA.1.2.0
2026-08-18 19:16:21,401 [WARN] PackLoader:240 - Cannot read IP mode file for STMicroelectronics.X-CUBE-MEMS1.13.0.0
2026-08-18 19:16:21,567 [WARN] PackLoader:240 - Cannot read IP mode file for STMicroelectronics.eDS-WB_DPC_3PH2L-BIDIR.1.1.1
2026-08-18 19:16:21,596 [ERROR] Engine:466 - C:\Users\lthst\.stm32cubemx\thirdparties\pdsc\STMicroelectronics.X-CUBE-ST67W61.1.3.0.pdsc: PDSC version is not supported
2026-08-18 19:16:21,632 [WARN] PackLoader:240 - Cannot read IP mode file for STMicroelectronics.X-CUBE-FREERTOS.1.3.1
2026-08-18 19:16:21,659 [WARN] PackLoader:240 - Cannot read IP mode file for STMicroelectronics.X-CUBE-FREERTOS.1.3.0
2026-08-18 19:16:21,689 [WARN] PackLoader:240 - Cannot read IP mode file for STMicroelectronics.X-CUBE-NFC7.1.0.1
2026-08-18 19:16:21,726 [WARN] PackLoader:240 - Cannot read IP mode file for STMicroelectronics.X-CUBE-TOUCHGFX.4.26.0
2026-08-18 19:16:21,764 [WARN] PackLoader:240 - Cannot read IP mode file for STMicroelectronics.X-CUBE-TOUCHGFX.4.26.1
2026-08-18 19:16:21,790 [WARN] PackLoader:240 - Cannot read IP mode file for STMicroelectronics.FP-SNS-STAIOTCFT.1.0.0
2026-08-18 19:16:21,819 [WARN] PackLoader:240 - Cannot read IP mode file for STMicroelectronics.X-CUBE-DPower.1.3.0
2026-08-18 19:16:21,882 [WARN] ConditionMgr:438 - getConditionDescription Invalid condition id : LAN8742 Phy interface Condition cause : null
2026-08-18 19:16:21,882 [WARN] PackLoader:240 - Cannot read IP mode file for STMicroelectronics.X-CUBE-AZRTOS-L4.2.0.0
2026-08-18 19:16:21,882 [WARN] ConditionMgr:1044 - genDependencies : Invalid condition id : LAN8742 Phy interface Condition cause : null
2026-08-18 19:16:21,882 [WARN] ConditionMgr:1044 - genDependencies : Invalid condition id : LAN8742 Phy interface Condition cause : null
2026-08-18 19:16:21,882 [WARN] ConditionMgr:1044 - genDependencies : Invalid condition id : LAN8742 Phy interface Condition cause : null
2026-08-18 19:16:21,917 [WARN] PackLoader:240 - Cannot read IP mode file for STMicroelectronics.X-CUBE-SFXS2LP1.4.0.0
2026-08-18 19:16:21,946 [WARN] PackLoader:240 - Cannot read IP mode file for STMicroelectronics.X-CUBE-WB05N.2.1.0
2026-08-18 19:16:21,994 [ERROR] Engine:466 - C:\Users\lthst\.stm32cubemx\thirdparties\pdsc\STMicroelectronics.X-CUBE-ST67W61.1.2.0.pdsc: PDSC version is not supported
2026-08-18 19:16:22,068 [WARN] PackLoader:240 - Cannot read IP mode file for STMicroelectronics.X-CUBE-AZRTOS-H7.3.3.0
2026-08-18 19:16:22,100 [WARN] PackLoader:240 - Cannot read IP mode file for STMicroelectronics.X-CUBE-BLEMGR.4.1.0
2026-08-18 19:16:22,149 [WARN] ConditionMgr:438 - getConditionDescription Invalid condition id : UX DEVICE CLASS RTOS Condition cause : null
2026-08-18 19:16:22,149 [WARN] ConditionMgr:438 - getConditionDescription Invalid condition id : UX DEVICE CLASS RTOS Condition cause : null
2026-08-18 19:16:22,151 [WARN] PackLoader:240 - Cannot read IP mode file for STMicroelectronics.X-CUBE-AZRTOS-WB.2.0.0
2026-08-18 19:16:22,151 [WARN] ConditionMgr:1044 - genDependencies : Invalid condition id : UX DEVICE CLASS RTOS Condition cause : null
2026-08-18 19:16:22,151 [WARN] ConditionMgr:1044 - genDependencies : Invalid condition id : UX DEVICE CLASS RTOS Condition cause : null
2026-08-18 19:16:22,151 [WARN] ConditionMgr:1044 - genDependencies : Invalid condition id : UX DEVICE CLASS RTOS Condition cause : null
2026-08-18 19:16:22,151 [WARN] ConditionMgr:1044 - genDependencies : Invalid condition id : UX DEVICE CLASS RTOS Condition cause : null
2026-08-18 19:16:22,151 [WARN] ConditionMgr:1044 - genDependencies : Invalid condition id : UX DEVICE CLASS RTOS Condition cause : null
2026-08-18 19:16:22,188 [WARN] PackLoader:240 - Cannot read IP mode file for STMicroelectronics.X-CUBE-GNSS1.7.0.1
2026-08-18 19:16:22,217 [WARN] PackLoader:240 - Cannot read IP mode file for STMicroelectronics.X-CUBE-TOUCHGFX.4.25.0
2026-08-18 19:16:22,242 [WARN] PackLoader:240 - Cannot read IP mode file for STMicroelectronics.FP-SNS-STBOX1.2.0.0
2026-08-18 19:16:22,292 [WARN] PackLoader:240 - Cannot read IP mode file for STMicroelectronics.X-CUBE-STSE01.2.0.0
2026-08-18 19:16:22,340 [WARN] PackLoader:240 - Cannot read IP mode file for STMicroelectronics.X-CUBE-SUBG2.5.0.0
2026-08-18 19:16:22,400 [WARN] PackLoader:240 - Cannot read IP mode file for STMicroelectronics.X-CUBE-AZRTOS-H7RS.1.1.0
2026-08-18 19:16:22,441 [WARN] PackLoader:240 - Cannot read IP mode file for Cesanta.I-CUBE-Mongoose.7.13.0
2026-08-18 19:16:22,501 [WARN] PackLoader:240 - Cannot read IP mode file for STMicroelectronics.X-CUBE-AZRTOS-G4.2.0.0
2026-08-18 19:16:22,538 [WARN] PackLoader:240 - Cannot read IP mode file for wolfSSL.I-CUBE-wolfSSH.1.4.20
2026-08-18 19:16:22,556 [WARN] PackLoader:240 - Cannot read IP mode file for STMicroelectronics.X-CUBE-NFC7.2.0.0
2026-08-18 19:16:22,626 [WARN] PackLoader:240 - Cannot read IP mode file for STMicroelectronics.X-CUBE-IPS.3.1.0
2026-08-18 19:16:22,663 [ERROR] Engine:466 - C:\Users\lthst\.stm32cubemx\thirdparties\pdsc\STMicroelectronics.X-CUBE-BLEMGR.4.2.0.pdsc: PDSC version is not supported
2026-08-18 19:16:22,696 [WARN] PackLoader:240 - Cannot read IP mode file for STMicroelectronics.X-CUBE-ALS.1.0.2
2026-08-18 19:16:22,728 [WARN] PackLoader:240 - Cannot read IP mode file for STMicroelectronics.X-CUBE-STSE01.1.0.0
2026-08-18 19:16:22,760 [WARN] PackLoader:240 - Cannot read IP mode file for portGmbH.I-Cube-SoM-uGOAL.1.1.0
2026-08-18 19:16:22,808 [WARN] PackLoader:240 - Cannot read IP mode file for STMicroelectronics.X-CUBE-TOF1.3.4.2
2026-08-18 19:16:22,887 [WARN] PackLoader:240 - Cannot read IP mode file for STMicroelectronics.X-CUBE-TOF1.3.4.3
2026-08-18 19:16:22,899 [INFO] ThirdParty:978 - Integrity check success = true
2026-08-18 19:16:22,899 [INFO] IntegrityCheckThread:100 - exiting critical section [integrity check]
2026-08-18 19:16:22,899 [INFO] IntegrityCheckThread:103 - End integrity checks thread
2026-08-18 19:25:56,041 [INFO] McuFinderGlobals:63 - Set McuFinder mode to 2 (CubeIDE integrated)
2026-08-18 19:25:56,093 [INFO] MainUpdater:2872 - connection check result : 10
2026-08-18 19:25:56,103 [INFO] MainUpdater:2872 - connection check result : 10
2026-08-18 19:25:56,361 [INFO] MicroXplorer:468 - Change Database Path : 
2026-08-18 19:25:56,361 [INFO] MicroXplorer:498 - Change Database Version : DB.6.0.140
2026-08-18 19:25:56,369 [WARN] ThirdParty:871 - waiting for thirdparty lock release [close project]
2026-08-18 19:25:56,369 [INFO] ThirdParty:873 - entering critical section [close project]
2026-08-18 19:25:56,370 [INFO] ThirdParty:883 - exiting critical section [close project]
2026-08-18 19:25:56,372 [INFO] PinOutPanel:1589 - setPackage(No Configuration,No Configuration)
2026-08-18 19:25:56,375 [INFO] UtilMem:75 - Begin LoadConfig() Used Memory: 807540720 Bytes (1073741824)
2026-08-18 19:25:56,377 [INFO] MicroXplorer:468 - Change Database Path : 
2026-08-18 19:25:56,377 [INFO] MicroXplorer:498 - Change Database Version : DB.6.0.140
2026-08-18 19:25:56,377 [INFO] OpenFileManager:354 - Change cursor
2026-08-18 19:25:56,448 [INFO] Mcu:2011 - Initializing MCU STM32F429ZITx STM32F429ZITx STM32F429ZIT6
2026-08-18 19:26:01,871 [INFO] Context:756 - Trying to add GPIOservice into a context  which must be forbidden
2026-08-18 19:26:03,419 [INFO] ImportTextPane:218 - (OptionalMessage_ERROR) Pin0 (VP_RIF_VS_RIF1) cannot be retrieved for this MCU
2026-08-18 19:26:03,691 [INFO] RtosManager:558 - Registered RTOS mode: class=CMSIS, group=RTOS, mode=CMSIS_V1, owner=FREERTOS
2026-08-18 19:26:03,691 [INFO] RtosManager:558 - Registered RTOS mode: class=CMSIS, group=RTOS2, mode=CMSIS_V2, owner=FREERTOS
2026-08-18 19:26:03,691 [INFO] RtosManager:558 - Registered RTOS mode: class=RTOS, group=Core, mode=CMSIS_V1, owner=FREERTOS
2026-08-18 19:26:03,692 [INFO] RtosManager:558 - Registered RTOS mode: class=RTOS, group=Core, mode=CMSIS_V2, owner=FREERTOS
2026-08-18 19:26:03,692 [WARN] ModelIntegratedComponent:184 - Missing modes for component STMicroelectronics:FreeRTOS:0.0.1:STMicroelectronics:RTOS:FreeRTOS:Core:::10.2.0:
2026-08-18 19:26:03,865 [WARN] ModelIntegratedComponent:63 - No mode defined for component null
2026-08-18 19:26:03,866 [WARN] ModelIntegratedComponent:63 - No mode defined for component null
2026-08-18 19:26:03,866 [WARN] ModelIntegratedComponent:63 - No mode defined for component null
2026-08-18 19:26:03,866 [WARN] ModelIntegratedComponent:63 - No mode defined for component null
2026-08-18 19:26:03,866 [WARN] ModelIntegratedComponent:63 - No mode defined for component null
2026-08-18 19:26:03,866 [WARN] ModelIntegratedComponent:63 - No mode defined for component null
2026-08-18 19:26:03,866 [WARN] ModelIntegratedComponent:63 - No mode defined for component null
2026-08-18 19:26:03,866 [WARN] ModelIntegratedComponent:63 - No mode defined for component null
2026-08-18 19:26:03,866 [WARN] ModelIntegratedComponent:63 - No mode defined for component null
2026-08-18 19:26:03,866 [WARN] ModelIntegratedComponent:63 - No mode defined for component null
2026-08-18 19:26:03,866 [WARN] ModelIntegratedComponent:63 - No mode defined for component null
2026-08-18 19:26:03,867 [WARN] ModelIntegratedComponent:63 - No mode defined for component null
2026-08-18 19:26:03,867 [WARN] ModelIntegratedComponent:63 - No mode defined for component null
2026-08-18 19:26:03,867 [WARN] ModelIntegratedComponent:63 - No mode defined for component null
2026-08-18 19:26:03,867 [WARN] ModelIntegratedComponent:63 - No mode defined for component null
2026-08-18 19:26:03,868 [WARN] ModelIntegratedComponent:63 - No mode defined for component null
2026-08-18 19:26:03,868 [WARN] ModelIntegratedComponent:63 - No mode defined for component null
2026-08-18 19:26:03,868 [WARN] ModelIntegratedComponent:63 - No mode defined for component null
2026-08-18 19:26:03,868 [WARN] ModelIntegratedComponent:63 - No mode defined for component null
2026-08-18 19:26:03,869 [WARN] ModelIntegratedComponent:63 - No mode defined for component null
2026-08-18 19:26:03,869 [WARN] ModelIntegratedComponent:63 - No mode defined for component null
2026-08-18 19:26:03,870 [WARN] ModelIntegratedComponent:63 - No mode defined for component null
2026-08-18 19:26:03,871 [WARN] ModelIntegratedComponent:63 - No mode defined for component null
2026-08-18 19:26:03,871 [WARN] ModelIntegratedComponent:63 - No mode defined for component null
2026-08-18 19:26:03,871 [WARN] ModelIntegratedComponent:63 - No mode defined for component null
2026-08-18 19:26:03,871 [WARN] ModelIntegratedComponent:63 - No mode defined for component null
2026-08-18 19:26:03,871 [WARN] ModelIntegratedComponent:63 - No mode defined for component null
2026-08-18 19:26:03,871 [WARN] ModelIntegratedComponent:63 - No mode defined for component null
2026-08-18 19:26:03,872 [WARN] ModelIntegratedComponent:63 - No mode defined for component null
2026-08-18 19:26:03,872 [WARN] ModelIntegratedComponent:63 - No mode defined for component null
2026-08-18 19:26:03,872 [WARN] ModelIntegratedComponent:63 - No mode defined for component null
2026-08-18 19:26:03,872 [WARN] ModelIntegratedComponent:63 - No mode defined for component null
2026-08-18 19:26:03,872 [WARN] ModelIntegratedComponent:63 - No mode defined for component null
2026-08-18 19:26:03,872 [WARN] ModelIntegratedComponent:63 - No mode defined for component null
2026-08-18 19:26:03,872 [WARN] ModelIntegratedComponent:63 - No mode defined for component null
2026-08-18 19:26:03,872 [WARN] ModelPack:524 - Component already loaded: STMicroelectronics:HAL Drivers:0.0.0:STMicroelectronics:Device:STMicro_Driver:XSPI:HAL::0.0.1:HAL_XSPI
2026-08-18 19:26:04,716 [INFO] ThirdPartyModel:298 - Start build external matchings
2026-08-18 19:26:10,098 [INFO] ThirdPartyModel:316 - End build external matchings
2026-08-18 19:26:12,461 [INFO] ApiDb:581 - Connected to CubeFinder SQLite database (C:\Users\lthst\.stmcufinder\plugins\mcufinder\mcu\cube-finder-db.db)
2026-08-18 19:26:12,709 [INFO] ApiDb:668 - CubeFinder database Data Model version=2.1
2026-08-18 19:26:12,709 [INFO] ApiDb:669 - CubeFinder database Configuration version=3.0.42
2026-08-18 19:26:12,712 [INFO] ApiDb:670 - CubeFinder database generation date=2026-06-23 (1782213372)
2026-08-18 19:26:12,712 [INFO] ApiDb:671 - CubeFinder database FW Pack versions=[FP-ATR-ASTRA1_V2.0.0, FP-SNS-FLIGHT1_V5.1.0, FP-SNS-MOTENV1_V5.1.0, FP-SNS-MOTENVWB1_V1.5.0, FP-SNS-SMARTAG2_V1.2.0, FP-SNS-STBOX1_V2.1.0, STM32Cube_FW_C0_V1.4.0, STM32Cube_FW_F4_V1.28.3, STM32Cube_FW_F7_V1.17.4, STM32Cube_FW_G0_V1.6.3, STM32Cube_FW_G4_V1.6.2, STM32Cube_FW_H5_V1.7.0, STM32Cube_FW_H7RS_V1.3.0, STM32Cube_FW_H7_V1.13.0, STM32Cube_FW_L0_V1.12.2, STM32Cube_FW_L4_V1.18.2, STM32Cube_FW_L5_V1.6.0, STM32Cube_FW_N6_V1.4.0, STM32Cube_FW_U0_V1.3.0, STM32Cube_FW_U3_V1.4.0, STM32Cube_FW_U5_V1.9.0, STM32Cube_FW_WB0_V1.5.0, STM32Cube_FW_WBA_V1.10.0, STM32Cube_FW_WB_V1.24.0, STM32Cube_FW_WL3_V1.5.0, STM32Cube_FW_WL_V1.6.0, X-CUBE-ALGOBUILD_V1.5.0, X-CUBE-ALS_V1.0.2, X-CUBE-AZRTOS-F4_V1.1.0, X-CUBE-AZRTOS-F7_V1.1.0, X-CUBE-AZRTOS-G0_V1.1.0, X-CUBE-AZRTOS-G4_V2.0.0, X-CUBE-AZRTOS-H7RS_V1.1.0, X-CUBE-AZRTOS-H7_V3.5.0, X-CUBE-AZRTOS-L4_V2.0.0, X-CUBE-AZRTOS-L5_V2.0.0, X-CUBE-AZRTOS-WB_V2.0.0, X-CUBE-AZRTOS-WL_V2.0.0, X-CUBE-BLE1_V7.1.0, X-CUBE-BLE2_V3.3.0, X-CUBE-BLEMGR_V4.1.0, X-CUBE-EEPRMA1_V5.2.0, X-CUBE-FREERTOS_V1.5.0, X-CUBE-GNSS1_V7.1.1, X-CUBE-MEMS1_V12.1.0, X-CUBE-NFC4_V3.0.0, X-CUBE-NFC7_V2.0.0, X-CUBE-SFXS2LP1_V4.0.0, X-CUBE-ST67W61_V1.3.0, X-CUBE-SUBG2_V5.0.0, X-CUBE-TOF1_V3.4.3]
2026-08-18 19:26:12,984 [INFO] DbBoardsSqlite:226 - include board P-NUCLEO-WB55-NUCLEO as a kit item of type 'Nucleo-64'
2026-08-18 19:26:12,987 [INFO] DbBoardsSqlite:226 - include board P-NUCLEO-WB55-USBDONGLE as a kit item of type 'Nucleo USB Dongle'
2026-08-18 19:26:12,988 [INFO] DbBoardsSqlite:226 - include board STEVAL-IDP005V1 as a kit item of type 'Evaluation Board'
2026-08-18 19:26:12,989 [INFO] DbBoardsSqlite:226 - include board STEVAL-IDP005V2 as a kit item of type 'Evaluation Board'
2026-08-18 19:26:13,892 [INFO] ApiDb:240 - Found 895 in-development CPN: [B-G473E-ZEST1S, B-WB1M-WPAN1, B-WBA5M-WPAN, B-WL5M-SUBG1, NUCLEO-C031C6, NUCLEO-C051C8, NUCLEO-C071RB, NUCLEO-C092RC, NUCLEO-H503RB, NUCLEO-H533RE, NUCLEO-H563ZI, NUCLEO-H7S3L8, NUCLEO-N657X0-Q, NUCLEO-U031R8, NUCLEO-U083RC, NUCLEO-U385RG-Q, NUCLEO-U545RE-Q, NUCLEO-U5A5ZJ-Q, NUCLEO-WB05KZ, NUCLEO-WB07CC, NUCLEO-WB09KE, NUCLEO-WBA52CG, NUCLEO-WBA55CG, NUCLEO-WBA65RI, NUCLEO-WL33CC1, NUCLEO-WL33CC2, STEVAL-PROTEUS1, STEVAL-SMARTAG2, STEVAL-STWINBX1, STM320518-EVAL, STM32C0116-DK, STM32C011D6Y3TR, STM32C011D6Y6TR, STM32C011F4P3, STM32C011F4P6, STM32C011F4U3, STM32C011F4U6TR, STM32C011F6P3, STM32C011F6P6, STM32C011F6U3, STM32C011F6U6TR, STM32C011J4M3, STM32C011J4M6, STM32C011J6M3, STM32C011J6M6, STM32C0316-DK, STM32C031C4T3, STM32C031C4T6, STM32C031C4U3, STM32C031C4U6, STM32C031C6T3, STM32C031C6T6, STM32C031C6U3, STM32C031C6U6, STM32C031F4P3, STM32C031F4P6, STM32C031F6P3, STM32C031F6P6, STM32C031G4U3, STM32C031G4U6, STM32C031G6U3, STM32C031G6U6, STM32C031K4T3, STM32C031K4T6, STM32C031K4U3, STM32C031K4U6, STM32C031K6T3, STM32C031K6T6, STM32C031K6U3, STM32C031K6U6, STM32C051C6T6, STM32C051C6U6, STM32C051C8T6, STM32C051C8U6, STM32C051D8Y6TR, STM32C051F6P6, STM32C051F8P6, STM32C051G6U6, STM32C051G8U6, STM32C051K6T6, STM32C051K6U6, STM32C051K8T6, STM32C071C8T6, STM32C071C8T6N, STM32C071C8U6, STM32C071C8U6N, STM32C071CBT6, STM32C071CBT6N, STM32C071CBU6, STM32C071CBU6N, STM32C071F8P6, STM32C071F8P6N, STM32C071FBP6, STM32C071FBP6N, STM32C071FBY6TR, STM32C071G8U6, STM32C071G8U6N, STM32C071GBU6, STM32C071GBU6N, STM32C071K8T6, STM32C071K8T6N, STM32C071K8U6, STM32C071K8U6N, STM32C071KBT6, STM32C071KBT6N, STM32C071KBU6, STM32C071KBU6N, STM32C071R8T6, STM32C071R8T6N, STM32C071RBI6N, STM32C071RBT6, STM32C071RBT6N, STM32C091CBT6, STM32C091CBU6, STM32C091CCT6, STM32C091CCU6, STM32C091ECY6TR, STM32C091FBP6, STM32C091FCP6, STM32C091GBU6, STM32C091GCU6, STM32C091KBT6, STM32C091KBU6, STM32C091KCT6, STM32C091KCU6, STM32C091RBT6, STM32C091RCI6, STM32C091RCT6, STM32C092CBT6, STM32C092CBU6, STM32C092CCT6, STM32C092CCU6, STM32C092ECY6TR, STM32C092FBP6, STM32C092FCP6, STM32C092GBU6, STM32C092GCU6, STM32C092KBT6, STM32C092KBU6, STM32C092KCT6, STM32C092KCU6, STM32C092RBT6, STM32C092RCI6, STM32C092RCT6, STM32G071K8TXN, STM32G071K8UXN, STM32G081GBU6N, STM32G081KBT6N, STM32G081KBUXN, STM32G0B1CCT6N, STM32G0B1KCT6, STM32G0B1NEY6TR, STM32G0B1RCT6N, STM32G0C1CCT6, STM32G0C1CCT6N, STM32G0C1CCU6N, STM32G0C1CET6N, STM32G0C1CEU6N, STM32G0C1KCT6, STM32G0C1NEY6TR, STM32G0C1RCI6N, STM32G0C1RCT6N, STM32G0C1REI6N, STM32G0C1RET6N, STM32G0C1VCI6, STM32G0C1VEI6, STM32G411C6T3, STM32G411C6T6, STM32G411C6U3, STM32G411C6U6, STM32G411C8T3, STM32G411C8T6, STM32G411C8U3, STM32G411C8U6, STM32G411CBT3, STM32G411CBT6, STM32G411CBU3, STM32G411CBU6, STM32G411CCT3, STM32G411CCT6, STM32G411CCU3, STM32G411CCU6, STM32G411K6T3, STM32G411K6T6, STM32G411K6U3, STM32G411K6U6, STM32G411K8T3, STM32G411K8T6, STM32G411K8U3, STM32G411K8U6, STM32G411KBT3, STM32G411KBT6, STM32G411KBU3, STM32G411KBU6, STM32G411M6T3, STM32G411M6T6, STM32G411M8T3, STM32G411M8T6, STM32G411MBT3, STM32G411MBT6, STM32G411MCT3, STM32G411MCT6, STM32G411R6T3, STM32G411R6T6, STM32G411R8T3, STM32G411R8T6, STM32G411RBT3, STM32G411RBT6, STM32G411RCT3, STM32G411RCT6, STM32G414CBT3, STM32G414CBT6, STM32G414CBU3, STM32G414CBU6, STM32G414CCT3, STM32G414CCT6, STM32G414CCU3, STM32G414CCU6, STM32G414MBT3, STM32G414MBT6, STM32G414MCT3, STM32G414MCT6, STM32G414RBT3, STM32G414RBT6, STM32G414RCT3, STM32G414RCT6, STM32G414VBT3, STM32G414VBT6, STM32G414VCT3, STM32G414VCT6, STM32G431CBT3Z, STM32G431RBT3Z, STM32G471CCT6, STM32G471CCU6, STM32G471CET3, STM32G471CET6, STM32G471CEU3, STM32G471CEU6, STM32G471MCT6, STM32G471MET3, STM32G471MET6, STM32G471MEY6TR, STM32G471QCT6, STM32G471QET3, STM32G471RCT6, STM32G471RET3, STM32G471RET6, STM32G471VCH6, STM32G471VCI6, STM32G471VCT6, STM32G471VEH3, STM32G471VEH6, STM32G471VEI3, STM32G471VEI6, STM32G471VET3, STM32G471VET6, STM32G473QET3Z, STM32G473RET3Z, STM32G474CCT6, STM32G491RET3Z, STM32H503CBT6, STM32H503CBU6, STM32H503EBY6TR, STM32H503KBU6, STM32H503RBT6, STM32H523CCT6, STM32H523CCU6, STM32H523CET6, STM32H523CEU6, STM32H523HEY6TR, STM32H523RCT6, STM32H523RET6, STM32H523VCI6, STM32H523VCT6, STM32H523VEI6, STM32H523VET6, STM32H523ZCJ6, STM32H523ZCT6, STM32H523ZEJ6, STM32H523ZET6, STM32H533CET6, STM32H533CEU6, STM32H533HEY6TR, STM32H533RET6, STM32H533VEI6, STM32H533VET6, STM32H533ZEJ6, STM32H533ZET6, STM32H562AGI6, STM32H562AII6, STM32H562IGK6, STM32H562IGT6, STM32H562IIK6, STM32H562IIT6, STM32H562RGT6, STM32H562RGV6, STM32H562RIT6, STM32H562RIV6, STM32H562VGT6, STM32H562VIT6, STM32H562ZGT6, STM32H562ZIT6, STM32H563AGI6, STM32H563AII3Q, STM32H563AII6, STM32H563IGK6, STM32H563IGT6, STM32H563IIK3Q, STM32H563IIK6, STM32H563IIT3Q, STM32H563IIT6, STM32H563MIY3QTR, STM32H563RGT6, STM32H563RGV6, STM32H563RIT6, STM32H563RIV6, STM32H563VGT6, STM32H563VIT3Q, STM32H563VIT6, STM32H563ZGT6, STM32H563ZIT3Q, STM32H563ZIT6, STM32H573AII3Q, STM32H573AII6, STM32H573I-DK, STM32H573IIK3Q, STM32H573IIK6, STM32H573IIT3Q, STM32H573IIT6, STM32H573MIY3QTR, STM32H573RIT6, STM32H573RIV6, STM32H573VIT3Q, STM32H573VIT6, STM32H573ZIT3Q, STM32H573ZIT6, STM32H7R3A8I6, STM32H7R3I8K6, STM32H7R3I8T6, STM32H7R3L8H6, STM32H7R3L8H6H, STM32H7R3R8V6, STM32H7R3V8H6, STM32H7R3V8T6, STM32H7R3V8Y6TR, STM32H7R3Z8J6, STM32H7R3Z8T6, STM32H7R7A8I6, STM32H7R7I8K6, STM32H7R7I8T6, STM32H7R7L8H6, STM32H7R7L8H6H, STM32H7R7Z8J6, STM32H7S3A8I6, STM32H7S3I8K6, STM32H7S3I8T6, STM32H7S3L8H6, STM32H7S3L8H6H, STM32H7S3R8V6, STM32H7S3V8H6, STM32H7S3V8T6, STM32H7S3V8Y6TR, STM32H7S3Z8J6, STM32H7S3Z8T6, STM32H7S78-DK, STM32H7S7A8I6, STM32H7S7I8K6, STM32H7S7I8T6, STM32H7S7L8H6, STM32H7S7L8H6H, STM32H7S7Z8J6, STM32L4R5QGI6STR, STM32MP131AAE3, STM32MP131AAF3, STM32MP131AAG3, STM32MP131CAE3, STM32MP131CAF3, STM32MP131CAG3, STM32MP131DAE7, STM32MP131DAF7, STM32MP131DAG7, STM32MP131FAE7, STM32MP131FAF7, STM32MP131FAG7, STM32MP133AAE3, STM32MP133AAF3, STM32MP133AAG3, STM32MP133CAE3, STM32MP133CAF3, STM32MP133CAG3, STM32MP133DAE7, STM32MP133DAF7, STM32MP133DAG7, STM32MP133FAE7, STM32MP133FAF7, STM32MP133FAG7, STM32MP135AAE3, STM32MP135AAF3, STM32MP135AAG3, STM32MP135CAE3, STM32MP135CAF3, STM32MP135CAG3, STM32MP135DAE7, STM32MP135DAF7, STM32MP135DAG7, STM32MP135F-DK, STM32MP135FAE7, STM32MP135FAF7, STM32MP135FAF7T, STM32MP135FAF7U, STM32MP135FAG7, STM32MP231AAJ3, STM32MP231AAK3, STM32MP231AAL3, STM32MP231CAJ3, STM32MP231CAK3, STM32MP231CAL3, STM32MP231DAJ3, STM32MP231DAK3, STM32MP231DAL3, STM32MP231FAJ3, STM32MP231FAK3, STM32MP231FAL3, STM32MP233AAJ3, STM32MP233AAK3, STM32MP233AAL3, STM32MP233CAJ3, STM32MP233CAK3, STM32MP233CAL3, STM32MP233DAJ3, STM32MP233DAK3, STM32MP233DAL3, STM32MP233FAJ3, STM32MP233FAK3, STM32MP233FAL3, STM32MP235AAJ3, STM32MP235AAK3, STM32MP235AAL3, STM32MP235CAJ3, STM32MP235CAK3, STM32MP235CAL3, STM32MP235DAJ3, STM32MP235DAK3, STM32MP235DAL3, STM32MP235FAJ3, STM32MP235FAK3, STM32MP235FAL3, STM32MP251AAI3, STM32MP251AAJ3, STM32MP251AAK3, STM32MP251AAL3, STM32MP251CAI3, STM32MP251CAJ3, STM32MP251CAK3, STM32MP251CAL3, STM32MP251DAI3, STM32MP251DAJ3, STM32MP251DAK3, STM32MP251DAL3, STM32MP251FAI3, STM32MP251FAJ3, STM32MP251FAK3, STM32MP251FAL3, STM32MP253AAI3, STM32MP253AAJ3, STM32MP253AAK3, STM32MP253AAL3, STM32MP253CAI3, STM32MP253CAJ3, STM32MP253CAK3, STM32MP253CAL3, STM32MP253DAI3, STM32MP253DAJ3, STM32MP253DAK3, STM32MP253DAL3, STM32MP253FAI3, STM32MP253FAJ3, STM32MP253FAK3, STM32MP253FAL3, STM32MP255AAI3, STM32MP255AAJ3, STM32MP255AAK3, STM32MP255AAL3, STM32MP255CAI3, STM32MP255CAJ3, STM32MP255CAK3, STM32MP255CAL3, STM32MP255DAI3, STM32MP255DAJ3, STM32MP255DAK3, STM32MP255DAL3, STM32MP255FAI3, STM32MP255FAJ3, STM32MP255FAK3, STM32MP255FAL3, STM32MP257AAI3, STM32MP257AAJ3, STM32MP257AAK3, STM32MP257AAL3, STM32MP257CAI3, STM32MP257CAJ3, STM32MP257CAK3, STM32MP257CAL3, STM32MP257DAI3, STM32MP257DAJ3, STM32MP257DAK3, STM32MP257DAL3, STM32MP257F-DK, STM32MP257F-EV1, STM32MP257FAI3, STM32MP257FAJ3, STM32MP257FAK3, STM32MP257FAL3, STM32N645A0H3Q, STM32N645B0H3Q, STM32N645I0H3Q, STM32N645L0H3Q, STM32N645X0H3Q, STM32N645Z0H3Q, STM32N647A0H3Q, STM32N647B0H3Q, STM32N647I0H3Q, STM32N647L0H3Q, STM32N647X0H3Q, STM32N647Z0H3Q, STM32N655A0H3Q, STM32N655B0H3Q, STM32N655I0H3Q, STM32N655L0H3Q, STM32N655X0H3Q, STM32N655Z0H3Q, STM32N6570-DK, STM32N657A0H3Q, STM32N657B0H3Q, STM32N657I0H3Q, STM32N657L0H3Q, STM32N657X0H3Q, STM32N657Z0H3Q, STM32U031C6T6, STM32U031C6U6, STM32U031C8T6, STM32U031C8U6, STM32U031F4P6, STM32U031F6P6, STM32U031F8P6, STM32U031G6Y6TR, STM32U031G8Y6TR, STM32U031K4U6, STM32U031K6U6, STM32U031K8U6, STM32U031R6I6, STM32U031R6T6, STM32U031R8I6, STM32U031R8T6, STM32U073C8T6, STM32U073C8U6, STM32U073CBT6, STM32U073CBU6, STM32U073CCT6, STM32U073CCU6, STM32U073H8Y6TR, STM32U073HBY6TR, STM32U073HCY6TR, STM32U073K8U6, STM32U073KBU6, STM32U073KCU6, STM32U073M8I6, STM32U073M8T6, STM32U073MBI6, STM32U073MBT6, STM32U073MCI6, STM32U073MCT6, STM32U073R8I6, STM32U073R8T6, STM32U073RBI6, STM32U073RBT6, STM32U073RCI6, STM32U073RCT6, STM32U083C-DK, STM32U083CCT6, STM32U083CCU6, STM32U083HCY6TR, STM32U083KCU6, STM32U083MCI6, STM32U083MCT6, STM32U083RCI6, STM32U083RCT6, STM32U375CET6, STM32U375CET6Q, STM32U375CEU6, STM32U375CEU6Q, STM32U375CEY6QTR, STM32U375CGT6, STM32U375CGT6Q, STM32U375CGU6, STM32U375CGU6Q, STM32U375CGY6QTR, STM32U375KEU6, STM32U375KGU6, STM32U375REI6, STM32U375REI6Q, STM32U375RET6, STM32U375RET6Q, STM32U375REY6GTR, STM32U375REY6QTR, STM32U375RGI6, STM32U375RGI6Q, STM32U375RGT6, STM32U375RGT6Q, STM32U375RGY6GTR, STM32U375RGY6QTR, STM32U375VEI6, STM32U375VEI6Q, STM32U375VET6, STM32U375VET6Q, STM32U375VGI6, STM32U375VGI6Q, STM32U375VGT6, STM32U375VGT6Q, STM32U385CGT6, STM32U385CGT6Q, STM32U385CGU6, STM32U385CGU6Q, STM32U385CGY6QTR, STM32U385KGU6, STM32U385RGI6, STM32U385RGI6Q, STM32U385RGT6, STM32U385RGT6Q, STM32U385RGY6GTR, STM32U385RGY6QTR, STM32U385VGI6, STM32U385VGI6Q, STM32U385VGT6, STM32U385VGT6Q, STM32U535CBT6, STM32U535CBT6Q, STM32U535CBU6, STM32U535CBU6Q, STM32U535CCT6, STM32U535CCT6Q, STM32U535CCU6, STM32U535CCU6Q, STM32U535CET6, STM32U535CET6Q, STM32U535CEU6, STM32U535CEU6Q, STM32U535JEY6QTR, STM32U535NCY6QTR, STM32U535NEY6QTR, STM32U535RBI6, STM32U535RBI6Q, STM32U535RBT6, STM32U535RBT6Q, STM32U535RCI6, STM32U535RCI6Q, STM32U535RCT6, STM32U535RCT6Q, STM32U535REI6, STM32U535REI6Q, STM32U535RET6, STM32U535RET6Q, STM32U535VCI6, STM32U535VCI6Q, STM32U535VCT6, STM32U535VCT6Q, STM32U535VEI6, STM32U535VEI6Q, STM32U535VET6, STM32U535VET6Q, STM32U545CET6, STM32U545CET6Q, STM32U545CEU6, STM32U545CEU6Q, STM32U545JEY6QTR, STM32U545NEY6QTR, STM32U545REI6, STM32U545REI6Q, STM32U545RET6, STM32U545RET6Q, STM32U545VEI6, STM32U545VEI6Q, STM32U545VET6, STM32U545VET6Q, STM32U595AIH6, STM32U595AIH6Q, STM32U595AJH6, STM32U595AJH6Q, STM32U595QII6, STM32U595QII6Q, STM32U595QJI6, STM32U595QJI6Q, STM32U595RIT6, STM32U595RIT6Q, STM32U595RJT6, STM32U595RJT6Q, STM32U595VIT6, STM32U595VIT6Q, STM32U595VJT6, STM32U595VJT6Q, STM32U595ZIT6, STM32U595ZIT6Q, STM32U595ZIY6QTR, STM32U595ZJT6, STM32U595ZJT6Q, STM32U595ZJY6QTR, STM32U599BJY6QTR, STM32U599NIH6Q, STM32U599NJH6Q, STM32U599VIT6Q, STM32U599VJT6, STM32U599VJT6Q, STM32U599ZIT6Q, STM32U599ZIY6QTR, STM32U599ZJT6Q, STM32U599ZJY6QTR, STM32U5A5AJH6, STM32U5A5AJH6Q, STM32U5A5QII3Q , STM32U5A5QJI6, STM32U5A5QJI6Q, STM32U5A5RJT6, STM32U5A5RJT6Q, STM32U5A5VJT6, STM32U5A5VJT6Q, STM32U5A5ZJT6, STM32U5A5ZJT6Q, STM32U5A5ZJY6QTR, STM32U5A9BJY6QTR, STM32U5A9J-DK, STM32U5A9NJH6Q, STM32U5A9VJT6Q, STM32U5A9ZJT6Q, STM32U5A9ZJY6QTR, STM32U5F7VIT6, STM32U5F7VIT6Q, STM32U5F7VJT6, STM32U5F7VJT6Q, STM32U5F9BJY6QTR, STM32U5F9NJH6Q, STM32U5F9VIT6Q, STM32U5F9VJT6Q, STM32U5F9ZIJ6QTR, STM32U5F9ZIT6Q, STM32U5F9ZJJ6QTR, STM32U5F9ZJT6Q, STM32U5G7VJT6, STM32U5G7VJT6Q, STM32U5G9BJY6QTR, STM32U5G9J-DK1, STM32U5G9J-DK2, STM32U5G9NJH6Q, STM32U5G9VJT6Q, STM32U5G9ZJJ6QTR, STM32U5G9ZJT6Q, STM32WB05KZV6TR, STM32WB05KZV7TR, STM32WB05TZF6TR, STM32WB05TZF7TR, STM32WB06CCF6TR, STM32WB06CCF7TR, STM32WB06CCV6TR, STM32WB06CCV7TR, STM32WB06KCV6TR, STM32WB06KCV7TR, STM32WB07CCF6TR, STM32WB07CCF7TR, STM32WB07CCV6TR, STM32WB07CCV7TR, STM32WB07KCV6TR, STM32WB07KCV7TR, STM32WB09KEV6TR, STM32WB09KEV7TR, STM32WB09TEF6TR, STM32WB09TEF7TR, STM32WB1MMCH6, STM32WBA50KGU6, STM32WBA50KGU6TR, STM32WBA52CEU6, STM32WBA52CEU6TR, STM32WBA52CEU7, STM32WBA52CEU7TR, STM32WBA52CGU6, STM32WBA52CGU6TR, STM32WBA52CGU6U, STM32WBA52CGU7, STM32WBA52CGU7TR, STM32WBA52KEU6, STM32WBA52KEU6TR, STM32WBA52KGU6, STM32WBA52KGU6TR, STM32WBA54CEU6, STM32WBA54CEU6TR, STM32WBA54CEU7, STM32WBA54CEU7TR, STM32WBA54CGU6, STM32WBA54CGU6TR, STM32WBA54CGU7, STM32WBA54CGU7TR, STM32WBA54KEU6, STM32WBA54KEU6TR, STM32WBA54KEU7, STM32WBA54KEU7TR, STM32WBA54KGU6, STM32WBA54KGU6TR, STM32WBA54KGU7, STM32WBA54KGU7TR, STM32WBA55CEU6, STM32WBA55CEU6TR, STM32WBA55CEU7, STM32WBA55CEU7TR, STM32WBA55CGU6, STM32WBA55CGU6TR, STM32WBA55CGU6U, STM32WBA55CGU7, STM32WBA55CGU7TR, STM32WBA55G-DK1, STM32WBA55HEF6, STM32WBA55HEF7, STM32WBA55HGF6, STM32WBA55HGF7, STM32WBA55UEI6, STM32WBA55UEI6TR, STM32WBA55UEI7, STM32WBA55UEI7TR, STM32WBA55UGI6, STM32WBA55UGI6TR, STM32WBA55UGI7, STM32WBA55UGI7TR, STM32WBA5MJGH6TR, STM32WBA62CGU6, STM32WBA62CIU6, STM32WBA62MGF6, STM32WBA62MIF6, STM32WBA62PGI6, STM32WBA62PII6, STM32WBA63CGU6, STM32WBA63CGU7, STM32WBA63CIU6, STM32WBA63CIU7, STM32WBA64CGU6, STM32WBA64CGU7, STM32WBA64CIU6, STM32WBA64CIU7, STM32WBA65CGU6, STM32WBA65CGU7, STM32WBA65CIU6, STM32WBA65CIU7, STM32WBA65I-DK1, STM32WBA65MGF6, STM32WBA65MGF7, STM32WBA65MIF6, STM32WBA65MIF7, STM32WBA65PGI6, STM32WBA65PGI7, STM32WBA65PII6, STM32WBA65PII7, STM32WBA65RGV6, STM32WBA65RGV7, STM32WBA65RIV6, STM32WBA65RIV7, STM32WL30K8V6, STM32WL30KBV6, STM32WL31C8V6, STM32WL31CBV6, STM32WL31K8V6, STM32WL31KBV6, STM32WL33C8V6, STM32WL33C8V6TR, STM32WL33C8V7, STM32WL33C8V7TR, STM32WL33CBV6, STM32WL33CBV6TR, STM32WL33CBV7, STM32WL33CBV7TR, STM32WL33CCV6, STM32WL33CCV6TR, STM32WL33CCV7, STM32WL33CCV7A, STM32WL33CCV7ATR, STM32WL33CCV7TR, STM32WL33K8V6, STM32WL33K8V6TR, STM32WL33K8V7, STM32WL33K8V7TR, STM32WL33KBV6, STM32WL33KBV6TR, STM32WL33KBV7, STM32WL33KBV7TR, STM32WL33KCV6, STM32WL33KCV6TR, STM32WL33KCV7, STM32WL33KCV7TR, STM32WL5MOCH6, STM32WL5MOCH6TR]
2026-08-18 19:26:13,901 [INFO] ApiDb:668 - CubeFinder database Data Model version=2.1
2026-08-18 19:26:13,902 [INFO] ApiDb:669 - CubeFinder database Configuration version=3.0.42
2026-08-18 19:26:13,903 [INFO] ApiDb:670 - CubeFinder database generation date=2026-06-23 (1782213372)
2026-08-18 19:26:13,903 [INFO] ApiDb:671 - CubeFinder database FW Pack versions=[FP-ATR-ASTRA1_V2.0.0, FP-SNS-FLIGHT1_V5.1.0, FP-SNS-MOTENV1_V5.1.0, FP-SNS-MOTENVWB1_V1.5.0, FP-SNS-SMARTAG2_V1.2.0, FP-SNS-STBOX1_V2.1.0, STM32Cube_FW_C0_V1.4.0, STM32Cube_FW_F4_V1.28.3, STM32Cube_FW_F7_V1.17.4, STM32Cube_FW_G0_V1.6.3, STM32Cube_FW_G4_V1.6.2, STM32Cube_FW_H5_V1.7.0, STM32Cube_FW_H7RS_V1.3.0, STM32Cube_FW_H7_V1.13.0, STM32Cube_FW_L0_V1.12.2, STM32Cube_FW_L4_V1.18.2, STM32Cube_FW_L5_V1.6.0, STM32Cube_FW_N6_V1.4.0, STM32Cube_FW_U0_V1.3.0, STM32Cube_FW_U3_V1.4.0, STM32Cube_FW_U5_V1.9.0, STM32Cube_FW_WB0_V1.5.0, STM32Cube_FW_WBA_V1.10.0, STM32Cube_FW_WB_V1.24.0, STM32Cube_FW_WL3_V1.5.0, STM32Cube_FW_WL_V1.6.0, X-CUBE-ALGOBUILD_V1.5.0, X-CUBE-ALS_V1.0.2, X-CUBE-AZRTOS-F4_V1.1.0, X-CUBE-AZRTOS-F7_V1.1.0, X-CUBE-AZRTOS-G0_V1.1.0, X-CUBE-AZRTOS-G4_V2.0.0, X-CUBE-AZRTOS-H7RS_V1.1.0, X-CUBE-AZRTOS-H7_V3.5.0, X-CUBE-AZRTOS-L4_V2.0.0, X-CUBE-AZRTOS-L5_V2.0.0, X-CUBE-AZRTOS-WB_V2.0.0, X-CUBE-AZRTOS-WL_V2.0.0, X-CUBE-BLE1_V7.1.0, X-CUBE-BLE2_V3.3.0, X-CUBE-BLEMGR_V4.1.0, X-CUBE-EEPRMA1_V5.2.0, X-CUBE-FREERTOS_V1.5.0, X-CUBE-GNSS1_V7.1.1, X-CUBE-MEMS1_V12.1.0, X-CUBE-NFC4_V3.0.0, X-CUBE-NFC7_V2.0.0, X-CUBE-SFXS2LP1_V4.0.0, X-CUBE-ST67W61_V1.3.0, X-CUBE-SUBG2_V5.0.0, X-CUBE-TOF1_V3.4.3]
2026-08-18 19:26:20,534 [INFO] ApiDb:240 - Found 895 in-development CPN: [B-G473E-ZEST1S, B-WB1M-WPAN1, B-WBA5M-WPAN, B-WL5M-SUBG1, NUCLEO-C031C6, NUCLEO-C051C8, NUCLEO-C071RB, NUCLEO-C092RC, NUCLEO-H503RB, NUCLEO-H533RE, NUCLEO-H563ZI, NUCLEO-H7S3L8, NUCLEO-N657X0-Q, NUCLEO-U031R8, NUCLEO-U083RC, NUCLEO-U385RG-Q, NUCLEO-U545RE-Q, NUCLEO-U5A5ZJ-Q, NUCLEO-WB05KZ, NUCLEO-WB07CC, NUCLEO-WB09KE, NUCLEO-WBA52CG, NUCLEO-WBA55CG, NUCLEO-WBA65RI, NUCLEO-WL33CC1, NUCLEO-WL33CC2, STEVAL-PROTEUS1, STEVAL-SMARTAG2, STEVAL-STWINBX1, STM320518-EVAL, STM32C0116-DK, STM32C011D6Y3TR, STM32C011D6Y6TR, STM32C011F4P3, STM32C011F4P6, STM32C011F4U3, STM32C011F4U6TR, STM32C011F6P3, STM32C011F6P6, STM32C011F6U3, STM32C011F6U6TR, STM32C011J4M3, STM32C011J4M6, STM32C011J6M3, STM32C011J6M6, STM32C0316-DK, STM32C031C4T3, STM32C031C4T6, STM32C031C4U3, STM32C031C4U6, STM32C031C6T3, STM32C031C6T6, STM32C031C6U3, STM32C031C6U6, STM32C031F4P3, STM32C031F4P6, STM32C031F6P3, STM32C031F6P6, STM32C031G4U3, STM32C031G4U6, STM32C031G6U3, STM32C031G6U6, STM32C031K4T3, STM32C031K4T6, STM32C031K4U3, STM32C031K4U6, STM32C031K6T3, STM32C031K6T6, STM32C031K6U3, STM32C031K6U6, STM32C051C6T6, STM32C051C6U6, STM32C051C8T6, STM32C051C8U6, STM32C051D8Y6TR, STM32C051F6P6, STM32C051F8P6, STM32C051G6U6, STM32C051G8U6, STM32C051K6T6, STM32C051K6U6, STM32C051K8T6, STM32C071C8T6, STM32C071C8T6N, STM32C071C8U6, STM32C071C8U6N, STM32C071CBT6, STM32C071CBT6N, STM32C071CBU6, STM32C071CBU6N, STM32C071F8P6, STM32C071F8P6N, STM32C071FBP6, STM32C071FBP6N, STM32C071FBY6TR, STM32C071G8U6, STM32C071G8U6N, STM32C071GBU6, STM32C071GBU6N, STM32C071K8T6, STM32C071K8T6N, STM32C071K8U6, STM32C071K8U6N, STM32C071KBT6, STM32C071KBT6N, STM32C071KBU6, STM32C071KBU6N, STM32C071R8T6, STM32C071R8T6N, STM32C071RBI6N, STM32C071RBT6, STM32C071RBT6N, STM32C091CBT6, STM32C091CBU6, STM32C091CCT6, STM32C091CCU6, STM32C091ECY6TR, STM32C091FBP6, STM32C091FCP6, STM32C091GBU6, STM32C091GCU6, STM32C091KBT6, STM32C091KBU6, STM32C091KCT6, STM32C091KCU6, STM32C091RBT6, STM32C091RCI6, STM32C091RCT6, STM32C092CBT6, STM32C092CBU6, STM32C092CCT6, STM32C092CCU6, STM32C092ECY6TR, STM32C092FBP6, STM32C092FCP6, STM32C092GBU6, STM32C092GCU6, STM32C092KBT6, STM32C092KBU6, STM32C092KCT6, STM32C092KCU6, STM32C092RBT6, STM32C092RCI6, STM32C092RCT6, STM32G071K8TXN, STM32G071K8UXN, STM32G081GBU6N, STM32G081KBT6N, STM32G081KBUXN, STM32G0B1CCT6N, STM32G0B1KCT6, STM32G0B1NEY6TR, STM32G0B1RCT6N, STM32G0C1CCT6, STM32G0C1CCT6N, STM32G0C1CCU6N, STM32G0C1CET6N, STM32G0C1CEU6N, STM32G0C1KCT6, STM32G0C1NEY6TR, STM32G0C1RCI6N, STM32G0C1RCT6N, STM32G0C1REI6N, STM32G0C1RET6N, STM32G0C1VCI6, STM32G0C1VEI6, STM32G411C6T3, STM32G411C6T6, STM32G411C6U3, STM32G411C6U6, STM32G411C8T3, STM32G411C8T6, STM32G411C8U3, STM32G411C8U6, STM32G411CBT3, STM32G411CBT6, STM32G411CBU3, STM32G411CBU6, STM32G411CCT3, STM32G411CCT6, STM32G411CCU3, STM32G411CCU6, STM32G411K6T3, STM32G411K6T6, STM32G411K6U3, STM32G411K6U6, STM32G411K8T3, STM32G411K8T6, STM32G411K8U3, STM32G411K8U6, STM32G411KBT3, STM32G411KBT6, STM32G411KBU3, STM32G411KBU6, STM32G411M6T3, STM32G411M6T6, STM32G411M8T3, STM32G411M8T6, STM32G411MBT3, STM32G411MBT6, STM32G411MCT3, STM32G411MCT6, STM32G411R6T3, STM32G411R6T6, STM32G411R8T3, STM32G411R8T6, STM32G411RBT3, STM32G411RBT6, STM32G411RCT3, STM32G411RCT6, STM32G414CBT3, STM32G414CBT6, STM32G414CBU3, STM32G414CBU6, STM32G414CCT3, STM32G414CCT6, STM32G414CCU3, STM32G414CCU6, STM32G414MBT3, STM32G414MBT6, STM32G414MCT3, STM32G414MCT6, STM32G414RBT3, STM32G414RBT6, STM32G414RCT3, STM32G414RCT6, STM32G414VBT3, STM32G414VBT6, STM32G414VCT3, STM32G414VCT6, STM32G431CBT3Z, STM32G431RBT3Z, STM32G471CCT6, STM32G471CCU6, STM32G471CET3, STM32G471CET6, STM32G471CEU3, STM32G471CEU6, STM32G471MCT6, STM32G471MET3, STM32G471MET6, STM32G471MEY6TR, STM32G471QCT6, STM32G471QET3, STM32G471RCT6, STM32G471RET3, STM32G471RET6, STM32G471VCH6, STM32G471VCI6, STM32G471VCT6, STM32G471VEH3, STM32G471VEH6, STM32G471VEI3, STM32G471VEI6, STM32G471VET3, STM32G471VET6, STM32G473QET3Z, STM32G473RET3Z, STM32G474CCT6, STM32G491RET3Z, STM32H503CBT6, STM32H503CBU6, STM32H503EBY6TR, STM32H503KBU6, STM32H503RBT6, STM32H523CCT6, STM32H523CCU6, STM32H523CET6, STM32H523CEU6, STM32H523HEY6TR, STM32H523RCT6, STM32H523RET6, STM32H523VCI6, STM32H523VCT6, STM32H523VEI6, STM32H523VET6, STM32H523ZCJ6, STM32H523ZCT6, STM32H523ZEJ6, STM32H523ZET6, STM32H533CET6, STM32H533CEU6, STM32H533HEY6TR, STM32H533RET6, STM32H533VEI6, STM32H533VET6, STM32H533ZEJ6, STM32H533ZET6, STM32H562AGI6, STM32H562AII6, STM32H562IGK6, STM32H562IGT6, STM32H562IIK6, STM32H562IIT6, STM32H562RGT6, STM32H562RGV6, STM32H562RIT6, STM32H562RIV6, STM32H562VGT6, STM32H562VIT6, STM32H562ZGT6, STM32H562ZIT6, STM32H563AGI6, STM32H563AII3Q, STM32H563AII6, STM32H563IGK6, STM32H563IGT6, STM32H563IIK3Q, STM32H563IIK6, STM32H563IIT3Q, STM32H563IIT6, STM32H563MIY3QTR, STM32H563RGT6, STM32H563RGV6, STM32H563RIT6, STM32H563RIV6, STM32H563VGT6, STM32H563VIT3Q, STM32H563VIT6, STM32H563ZGT6, STM32H563ZIT3Q, STM32H563ZIT6, STM32H573AII3Q, STM32H573AII6, STM32H573I-DK, STM32H573IIK3Q, STM32H573IIK6, STM32H573IIT3Q, STM32H573IIT6, STM32H573MIY3QTR, STM32H573RIT6, STM32H573RIV6, STM32H573VIT3Q, STM32H573VIT6, STM32H573ZIT3Q, STM32H573ZIT6, STM32H7R3A8I6, STM32H7R3I8K6, STM32H7R3I8T6, STM32H7R3L8H6, STM32H7R3L8H6H, STM32H7R3R8V6, STM32H7R3V8H6, STM32H7R3V8T6, STM32H7R3V8Y6TR, STM32H7R3Z8J6, STM32H7R3Z8T6, STM32H7R7A8I6, STM32H7R7I8K6, STM32H7R7I8T6, STM32H7R7L8H6, STM32H7R7L8H6H, STM32H7R7Z8J6, STM32H7S3A8I6, STM32H7S3I8K6, STM32H7S3I8T6, STM32H7S3L8H6, STM32H7S3L8H6H, STM32H7S3R8V6, STM32H7S3V8H6, STM32H7S3V8T6, STM32H7S3V8Y6TR, STM32H7S3Z8J6, STM32H7S3Z8T6, STM32H7S78-DK, STM32H7S7A8I6, STM32H7S7I8K6, STM32H7S7I8T6, STM32H7S7L8H6, STM32H7S7L8H6H, STM32H7S7Z8J6, STM32L4R5QGI6STR, STM32MP131AAE3, STM32MP131AAF3, STM32MP131AAG3, STM32MP131CAE3, STM32MP131CAF3, STM32MP131CAG3, STM32MP131DAE7, STM32MP131DAF7, STM32MP131DAG7, STM32MP131FAE7, STM32MP131FAF7, STM32MP131FAG7, STM32MP133AAE3, STM32MP133AAF3, STM32MP133AAG3, STM32MP133CAE3, STM32MP133CAF3, STM32MP133CAG3, STM32MP133DAE7, STM32MP133DAF7, STM32MP133DAG7, STM32MP133FAE7, STM32MP133FAF7, STM32MP133FAG7, STM32MP135AAE3, STM32MP135AAF3, STM32MP135AAG3, STM32MP135CAE3, STM32MP135CAF3, STM32MP135CAG3, STM32MP135DAE7, STM32MP135DAF7, STM32MP135DAG7, STM32MP135F-DK, STM32MP135FAE7, STM32MP135FAF7, STM32MP135FAF7T, STM32MP135FAF7U, STM32MP135FAG7, STM32MP231AAJ3, STM32MP231AAK3, STM32MP231AAL3, STM32MP231CAJ3, STM32MP231CAK3, STM32MP231CAL3, STM32MP231DAJ3, STM32MP231DAK3, STM32MP231DAL3, STM32MP231FAJ3, STM32MP231FAK3, STM32MP231FAL3, STM32MP233AAJ3, STM32MP233AAK3, STM32MP233AAL3, STM32MP233CAJ3, STM32MP233CAK3, STM32MP233CAL3, STM32MP233DAJ3, STM32MP233DAK3, STM32MP233DAL3, STM32MP233FAJ3, STM32MP233FAK3, STM32MP233FAL3, STM32MP235AAJ3, STM32MP235AAK3, STM32MP235AAL3, STM32MP235CAJ3, STM32MP235CAK3, STM32MP235CAL3, STM32MP235DAJ3, STM32MP235DAK3, STM32MP235DAL3, STM32MP235FAJ3, STM32MP235FAK3, STM32MP235FAL3, STM32MP251AAI3, STM32MP251AAJ3, STM32MP251AAK3, STM32MP251AAL3, STM32MP251CAI3, STM32MP251CAJ3, STM32MP251CAK3, STM32MP251CAL3, STM32MP251DAI3, STM32MP251DAJ3, STM32MP251DAK3, STM32MP251DAL3, STM32MP251FAI3, STM32MP251FAJ3, STM32MP251FAK3, STM32MP251FAL3, STM32MP253AAI3, STM32MP253AAJ3, STM32MP253AAK3, STM32MP253AAL3, STM32MP253CAI3, STM32MP253CAJ3, STM32MP253CAK3, STM32MP253CAL3, STM32MP253DAI3, STM32MP253DAJ3, STM32MP253DAK3, STM32MP253DAL3, STM32MP253FAI3, STM32MP253FAJ3, STM32MP253FAK3, STM32MP253FAL3, STM32MP255AAI3, STM32MP255AAJ3, STM32MP255AAK3, STM32MP255AAL3, STM32MP255CAI3, STM32MP255CAJ3, STM32MP255CAK3, STM32MP255CAL3, STM32MP255DAI3, STM32MP255DAJ3, STM32MP255DAK3, STM32MP255DAL3, STM32MP255FAI3, STM32MP255FAJ3, STM32MP255FAK3, STM32MP255FAL3, STM32MP257AAI3, STM32MP257AAJ3, STM32MP257AAK3, STM32MP257AAL3, STM32MP257CAI3, STM32MP257CAJ3, STM32MP257CAK3, STM32MP257CAL3, STM32MP257DAI3, STM32MP257DAJ3, STM32MP257DAK3, STM32MP257DAL3, STM32MP257F-DK, STM32MP257F-EV1, STM32MP257FAI3, STM32MP257FAJ3, STM32MP257FAK3, STM32MP257FAL3, STM32N645A0H3Q, STM32N645B0H3Q, STM32N645I0H3Q, STM32N645L0H3Q, STM32N645X0H3Q, STM32N645Z0H3Q, STM32N647A0H3Q, STM32N647B0H3Q, STM32N647I0H3Q, STM32N647L0H3Q, STM32N647X0H3Q, STM32N647Z0H3Q, STM32N655A0H3Q, STM32N655B0H3Q, STM32N655I0H3Q, STM32N655L0H3Q, STM32N655X0H3Q, STM32N655Z0H3Q, STM32N6570-DK, STM32N657A0H3Q, STM32N657B0H3Q, STM32N657I0H3Q, STM32N657L0H3Q, STM32N657X0H3Q, STM32N657Z0H3Q, STM32U031C6T6, STM32U031C6U6, STM32U031C8T6, STM32U031C8U6, STM32U031F4P6, STM32U031F6P6, STM32U031F8P6, STM32U031G6Y6TR, STM32U031G8Y6TR, STM32U031K4U6, STM32U031K6U6, STM32U031K8U6, STM32U031R6I6, STM32U031R6T6, STM32U031R8I6, STM32U031R8T6, STM32U073C8T6, STM32U073C8U6, STM32U073CBT6, STM32U073CBU6, STM32U073CCT6, STM32U073CCU6, STM32U073H8Y6TR, STM32U073HBY6TR, STM32U073HCY6TR, STM32U073K8U6, STM32U073KBU6, STM32U073KCU6, STM32U073M8I6, STM32U073M8T6, STM32U073MBI6, STM32U073MBT6, STM32U073MCI6, STM32U073MCT6, STM32U073R8I6, STM32U073R8T6, STM32U073RBI6, STM32U073RBT6, STM32U073RCI6, STM32U073RCT6, STM32U083C-DK, STM32U083CCT6, STM32U083CCU6, STM32U083HCY6TR, STM32U083KCU6, STM32U083MCI6, STM32U083MCT6, STM32U083RCI6, STM32U083RCT6, STM32U375CET6, STM32U375CET6Q, STM32U375CEU6, STM32U375CEU6Q, STM32U375CEY6QTR, STM32U375CGT6, STM32U375CGT6Q, STM32U375CGU6, STM32U375CGU6Q, STM32U375CGY6QTR, STM32U375KEU6, STM32U375KGU6, STM32U375REI6, STM32U375REI6Q, STM32U375RET6, STM32U375RET6Q, STM32U375REY6GTR, STM32U375REY6QTR, STM32U375RGI6, STM32U375RGI6Q, STM32U375RGT6, STM32U375RGT6Q, STM32U375RGY6GTR, STM32U375RGY6QTR, STM32U375VEI6, STM32U375VEI6Q, STM32U375VET6, STM32U375VET6Q, STM32U375VGI6, STM32U375VGI6Q, STM32U375VGT6, STM32U375VGT6Q, STM32U385CGT6, STM32U385CGT6Q, STM32U385CGU6, STM32U385CGU6Q, STM32U385CGY6QTR, STM32U385KGU6, STM32U385RGI6, STM32U385RGI6Q, STM32U385RGT6, STM32U385RGT6Q, STM32U385RGY6GTR, STM32U385RGY6QTR, STM32U385VGI6, STM32U385VGI6Q, STM32U385VGT6, STM32U385VGT6Q, STM32U535CBT6, STM32U535CBT6Q, STM32U535CBU6, STM32U535CBU6Q, STM32U535CCT6, STM32U535CCT6Q, STM32U535CCU6, STM32U535CCU6Q, STM32U535CET6, STM32U535CET6Q, STM32U535CEU6, STM32U535CEU6Q, STM32U535JEY6QTR, STM32U535NCY6QTR, STM32U535NEY6QTR, STM32U535RBI6, STM32U535RBI6Q, STM32U535RBT6, STM32U535RBT6Q, STM32U535RCI6, STM32U535RCI6Q, STM32U535RCT6, STM32U535RCT6Q, STM32U535REI6, STM32U535REI6Q, STM32U535RET6, STM32U535RET6Q, STM32U535VCI6, STM32U535VCI6Q, STM32U535VCT6, STM32U535VCT6Q, STM32U535VEI6, STM32U535VEI6Q, STM32U535VET6, STM32U535VET6Q, STM32U545CET6, STM32U545CET6Q, STM32U545CEU6, STM32U545CEU6Q, STM32U545JEY6QTR, STM32U545NEY6QTR, STM32U545REI6, STM32U545REI6Q, STM32U545RET6, STM32U545RET6Q, STM32U545VEI6, STM32U545VEI6Q, STM32U545VET6, STM32U545VET6Q, STM32U595AIH6, STM32U595AIH6Q, STM32U595AJH6, STM32U595AJH6Q, STM32U595QII6, STM32U595QII6Q, STM32U595QJI6, STM32U595QJI6Q, STM32U595RIT6, STM32U595RIT6Q, STM32U595RJT6, STM32U595RJT6Q, STM32U595VIT6, STM32U595VIT6Q, STM32U595VJT6, STM32U595VJT6Q, STM32U595ZIT6, STM32U595ZIT6Q, STM32U595ZIY6QTR, STM32U595ZJT6, STM32U595ZJT6Q, STM32U595ZJY6QTR, STM32U599BJY6QTR, STM32U599NIH6Q, STM32U599NJH6Q, STM32U599VIT6Q, STM32U599VJT6, STM32U599VJT6Q, STM32U599ZIT6Q, STM32U599ZIY6QTR, STM32U599ZJT6Q, STM32U599ZJY6QTR, STM32U5A5AJH6, STM32U5A5AJH6Q, STM32U5A5QII3Q , STM32U5A5QJI6, STM32U5A5QJI6Q, STM32U5A5RJT6, STM32U5A5RJT6Q, STM32U5A5VJT6, STM32U5A5VJT6Q, STM32U5A5ZJT6, STM32U5A5ZJT6Q, STM32U5A5ZJY6QTR, STM32U5A9BJY6QTR, STM32U5A9J-DK, STM32U5A9NJH6Q, STM32U5A9VJT6Q, STM32U5A9ZJT6Q, STM32U5A9ZJY6QTR, STM32U5F7VIT6, STM32U5F7VIT6Q, STM32U5F7VJT6, STM32U5F7VJT6Q, STM32U5F9BJY6QTR, STM32U5F9NJH6Q, STM32U5F9VIT6Q, STM32U5F9VJT6Q, STM32U5F9ZIJ6QTR, STM32U5F9ZIT6Q, STM32U5F9ZJJ6QTR, STM32U5F9ZJT6Q, STM32U5G7VJT6, STM32U5G7VJT6Q, STM32U5G9BJY6QTR, STM32U5G9J-DK1, STM32U5G9J-DK2, STM32U5G9NJH6Q, STM32U5G9VJT6Q, STM32U5G9ZJJ6QTR, STM32U5G9ZJT6Q, STM32WB05KZV6TR, STM32WB05KZV7TR, STM32WB05TZF6TR, STM32WB05TZF7TR, STM32WB06CCF6TR, STM32WB06CCF7TR, STM32WB06CCV6TR, STM32WB06CCV7TR, STM32WB06KCV6TR, STM32WB06KCV7TR, STM32WB07CCF6TR, STM32WB07CCF7TR, STM32WB07CCV6TR, STM32WB07CCV7TR, STM32WB07KCV6TR, STM32WB07KCV7TR, STM32WB09KEV6TR, STM32WB09KEV7TR, STM32WB09TEF6TR, STM32WB09TEF7TR, STM32WB1MMCH6, STM32WBA50KGU6, STM32WBA50KGU6TR, STM32WBA52CEU6, STM32WBA52CEU6TR, STM32WBA52CEU7, STM32WBA52CEU7TR, STM32WBA52CGU6, STM32WBA52CGU6TR, STM32WBA52CGU6U, STM32WBA52CGU7, STM32WBA52CGU7TR, STM32WBA52KEU6, STM32WBA52KEU6TR, STM32WBA52KGU6, STM32WBA52KGU6TR, STM32WBA54CEU6, STM32WBA54CEU6TR, STM32WBA54CEU7, STM32WBA54CEU7TR, STM32WBA54CGU6, STM32WBA54CGU6TR, STM32WBA54CGU7, STM32WBA54CGU7TR, STM32WBA54KEU6, STM32WBA54KEU6TR, STM32WBA54KEU7, STM32WBA54KEU7TR, STM32WBA54KGU6, STM32WBA54KGU6TR, STM32WBA54KGU7, STM32WBA54KGU7TR, STM32WBA55CEU6, STM32WBA55CEU6TR, STM32WBA55CEU7, STM32WBA55CEU7TR, STM32WBA55CGU6, STM32WBA55CGU6TR, STM32WBA55CGU6U, STM32WBA55CGU7, STM32WBA55CGU7TR, STM32WBA55G-DK1, STM32WBA55HEF6, STM32WBA55HEF7, STM32WBA55HGF6, STM32WBA55HGF7, STM32WBA55UEI6, STM32WBA55UEI6TR, STM32WBA55UEI7, STM32WBA55UEI7TR, STM32WBA55UGI6, STM32WBA55UGI6TR, STM32WBA55UGI7, STM32WBA55UGI7TR, STM32WBA5MJGH6TR, STM32WBA62CGU6, STM32WBA62CIU6, STM32WBA62MGF6, STM32WBA62MIF6, STM32WBA62PGI6, STM32WBA62PII6, STM32WBA63CGU6, STM32WBA63CGU7, STM32WBA63CIU6, STM32WBA63CIU7, STM32WBA64CGU6, STM32WBA64CGU7, STM32WBA64CIU6, STM32WBA64CIU7, STM32WBA65CGU6, STM32WBA65CGU7, STM32WBA65CIU6, STM32WBA65CIU7, STM32WBA65I-DK1, STM32WBA65MGF6, STM32WBA65MGF7, STM32WBA65MIF6, STM32WBA65MIF7, STM32WBA65PGI6, STM32WBA65PGI7, STM32WBA65PII6, STM32WBA65PII7, STM32WBA65RGV6, STM32WBA65RGV7, STM32WBA65RIV6, STM32WBA65RIV7, STM32WL30K8V6, STM32WL30KBV6, STM32WL31C8V6, STM32WL31CBV6, STM32WL31K8V6, STM32WL31KBV6, STM32WL33C8V6, STM32WL33C8V6TR, STM32WL33C8V7, STM32WL33C8V7TR, STM32WL33CBV6, STM32WL33CBV6TR, STM32WL33CBV7, STM32WL33CBV7TR, STM32WL33CCV6, STM32WL33CCV6TR, STM32WL33CCV7, STM32WL33CCV7A, STM32WL33CCV7ATR, STM32WL33CCV7TR, STM32WL33K8V6, STM32WL33K8V6TR, STM32WL33K8V7, STM32WL33K8V7TR, STM32WL33KBV6, STM32WL33KBV6TR, STM32WL33KBV7, STM32WL33KBV7TR, STM32WL33KCV6, STM32WL33KCV6TR, STM32WL33KCV7, STM32WL33KCV7TR, STM32WL5MOCH6, STM32WL5MOCH6TR]
2026-08-18 19:26:20,575 [INFO] DbMcus:218 - Found 5246 MCUs, 5093 are supported
2026-08-18 19:26:20,576 [INFO] ApiDb:423 - Load user favorites file C:\Users\lthst/.stm32cubeide/favorites.mcus.txt: 0 item(s)
2026-08-18 19:26:20,577 [INFO] ApiDb:427 - User favorites MCUs=[]
2026-08-18 19:26:20,577 [INFO] DbMcus:224 - Set 0 / 0 favorites MCUs
2026-08-18 19:26:22,325 [INFO] BoardInfo:889 - No configuration file found for board NUCLEO-H5E5ZJ
2026-08-18 19:26:22,327 [INFO] DbBoards:161 - Board is not supported: NUCLEO-H5E5ZJ
2026-08-18 19:26:22,467 [INFO] BoardInfo:889 - No configuration file found for board NUCLEO-U3C5ZI-Q
2026-08-18 19:26:22,470 [INFO] DbBoards:161 - Board is not supported: NUCLEO-U3C5ZI-Q
2026-08-18 19:26:22,509 [INFO] BoardInfo:889 - No configuration file found for board NUCLEO-WBA25CE1
2026-08-18 19:26:22,512 [INFO] DbBoards:161 - Board is not supported: NUCLEO-WBA25CE1
2026-08-18 19:26:22,541 [INFO] BoardInfo:889 - No configuration file found for board NUCLEO-WL3RKB1
2026-08-18 19:26:22,543 [INFO] DbBoards:161 - Board is not supported: NUCLEO-WL3RKB1
2026-08-18 19:26:22,545 [INFO] BoardInfo:889 - No configuration file found for board NUCLEO-WL3RKB2
2026-08-18 19:26:22,547 [INFO] DbBoards:161 - Board is not supported: NUCLEO-WL3RKB2
2026-08-18 19:26:22,565 [INFO] BoardInfo:889 - No configuration file found for board P-NUCLEO-WB55
2026-08-18 19:26:22,568 [INFO] DbBoards:161 - Kit is not supported: P-NUCLEO-WB55
2026-08-18 19:26:22,586 [INFO] BoardInfo:889 - No configuration file found for board STEVAL-BFA001V1B
2026-08-18 19:26:22,588 [INFO] DbBoards:161 - Kit is not supported: STEVAL-BFA001V1B
2026-08-18 19:26:22,590 [INFO] BoardInfo:889 - No configuration file found for board STEVAL-BFA001V2B
2026-08-18 19:26:22,592 [INFO] DbBoards:161 - Kit is not supported: STEVAL-BFA001V2B
2026-08-18 19:26:22,897 [INFO] BoardInfo:889 - No configuration file found for board STM32H5F5J-DK
2026-08-18 19:26:22,900 [INFO] DbBoards:161 - Board is not supported: STM32H5F5J-DK
2026-08-18 19:26:23,054 [INFO] BoardInfo:889 - No configuration file found for board STM32MP215F-DK
2026-08-18 19:26:23,057 [INFO] DbBoards:161 - Board is not supported: STM32MP215F-DK
2026-08-18 19:26:23,109 [INFO] DbBoards:168 - Found 218 boards, 208 are supported
2026-08-18 19:26:23,109 [INFO] DbBoards:169 - Found 218 boards, 43 of them is supported for  Bsp
2026-08-18 19:26:23,113 [INFO] ApiDb:423 - Load user favorites file C:\Users\lthst/.stm32cubeide/favorites.boards.txt: 0 item(s)
2026-08-18 19:26:23,114 [INFO] ApiDb:427 - User favorites Boards=[]
2026-08-18 19:26:23,114 [INFO] DbBoards:198 - Set 0 / 0 favorites Boards
2026-08-18 19:26:23,154 [INFO] UtilMem:75 - End LoadConfig() Used Memory: 783195784 Bytes (1073741824)
2026-08-18 19:26:23,412 [WARN] ThirdParty:833 - waiting for thirdparty lock release [change project]
2026-08-18 19:26:23,413 [INFO] ThirdParty:835 - entering critical section [change project]
2026-08-18 19:26:23,413 [INFO] ThirdParty:1030 - CMSIS Pack Vendor :STMicroelectronics X-CUBE-AZRTOS-H7 3.5.0
2026-08-18 19:26:23,413 [INFO] ThirdParty:1030 - CMSIS Pack Vendor :STMicroelectronics X-CUBE-PM33A1 1.0.0
2026-08-18 19:26:23,413 [INFO] ThirdParty:1030 - CMSIS Pack Vendor :STMicroelectronics USBPD 4.1
2026-08-18 19:26:23,413 [INFO] ThirdParty:1030 - CMSIS Pack Vendor :STMicroelectronics USB_HOST 2.0.0
2026-08-18 19:26:23,413 [INFO] ThirdParty:1030 - CMSIS Pack Vendor :STMicroelectronics FP-SNS-MOTENVWB1 1.4.0
2026-08-18 19:26:23,413 [INFO] ThirdParty:1030 - CMSIS Pack Vendor :STMicroelectronics FP-ATR-ASTRA1 2.0.3
2026-08-18 19:26:23,413 [INFO] ThirdParty:1030 - CMSIS Pack Vendor :STMicroelectronics X-CUBE-AZRTOS-F4 1.1.0
2026-08-18 19:26:23,413 [INFO] ThirdParty:1030 - CMSIS Pack Vendor :STMicroelectronics LIBJPEG 8.0.0
2026-08-18 19:26:23,413 [INFO] ThirdParty:1030 - CMSIS Pack Vendor :STMicroelectronics FP-ATR-ASTRA1 2.0.2
2026-08-18 19:26:23,413 [INFO] ThirdParty:1030 - CMSIS Pack Vendor :Avnet-IotConnect X-CUBE-IoTC-DA16k-PMOD 1.0.0
2026-08-18 19:26:23,413 [INFO] ThirdParty:1030 - CMSIS Pack Vendor :STMicroelectronics X-CUBE-SMBUS 2.1.0
2026-08-18 19:26:23,413 [INFO] ThirdParty:1030 - CMSIS Pack Vendor :STMicroelectronics X-CUBE-WB05N 1.1.0
2026-08-18 19:26:23,413 [INFO] ThirdParty:1030 - CMSIS Pack Vendor :STMicroelectronics X-CUBE-ISPU 2.1.0
2026-08-18 19:26:23,413 [INFO] ThirdParty:1030 - CMSIS Pack Vendor :STMicroelectronics eDS-WB_DPC_TT-BIDIR 2.1.1
2026-08-18 19:26:23,413 [INFO] ThirdParty:1030 - CMSIS Pack Vendor :STMicroelectronics X-CUBE-ST60 1.0.0
2026-08-18 19:26:23,413 [INFO] ThirdParty:1030 - CMSIS Pack Vendor :STMicroelectronics X-CUBE-NFC12 1.0.0
2026-08-18 19:26:23,413 [INFO] ThirdParty:1030 - CMSIS Pack Vendor :STMicroelectronics X-CUBE-AZRTOS-F7 1.1.0
2026-08-18 19:26:23,413 [INFO] ThirdParty:1030 - CMSIS Pack Vendor :STMicroelectronics X-CUBE-AZRTOS-L5 2.0.0
2026-08-18 19:26:23,414 [INFO] ThirdParty:1030 - CMSIS Pack Vendor :STMicroelectronics USB_DEVICE 2.0.0
2026-08-18 19:26:23,414 [INFO] ThirdParty:1030 - CMSIS Pack Vendor :STMicroelectronics X-CUBE-NFC6 3.1.0
2026-08-18 19:26:23,414 [INFO] ThirdParty:1030 - CMSIS Pack Vendor :STMicroelectronics X-CUBE-ALGOBUILD 1.5.0
2026-08-18 19:26:23,414 [INFO] ThirdParty:1030 - CMSIS Pack Vendor :STMicroelectronics FreeRTOS 0.0.1
2026-08-18 19:26:23,414 [INFO] ThirdParty:1030 - CMSIS Pack Vendor :STMicroelectronics X-CUBE-AZRTOS-H7RS 1.3.0
2026-08-18 19:26:23,414 [INFO] ThirdParty:1030 - CMSIS Pack Vendor :STMicroelectronics X-CUBE-DPower 1.2.0
2026-08-18 19:26:23,414 [INFO] ThirdParty:1030 - CMSIS Pack Vendor :STMicroelectronics eDS-WB_DPC_VIENNA 1.2.0
2026-08-18 19:26:23,414 [INFO] ThirdParty:1030 - CMSIS Pack Vendor :STMicroelectronics X-CUBE-MEMS1 13.0.0
2026-08-18 19:26:23,414 [INFO] ThirdParty:1030 - CMSIS Pack Vendor :STMicroelectronics eDS-WB_DPC_3PH2L-BIDIR 1.1.1
2026-08-18 19:26:23,414 [INFO] ThirdParty:1030 - CMSIS Pack Vendor :Infineon AIROC-Wi-Fi-Bluetooth-STM32 1.7.0
2026-08-18 19:26:23,414 [INFO] ThirdParty:1030 - CMSIS Pack Vendor :STMicroelectronics PDM2PCM 3.3.0
2026-08-18 19:26:23,414 [INFO] ThirdParty:1030 - CMSIS Pack Vendor :STMicroelectronics X-CUBE-AZRTOS-H7 3.4.0
2026-08-18 19:26:23,414 [INFO] ThirdParty:1030 - CMSIS Pack Vendor :STMicroelectronics X-CUBE-DISPLAY 3.0.0
2026-08-18 19:26:23,414 [INFO] ThirdParty:1030 - CMSIS Pack Vendor :STMicroelectronics X-CUBE-GNSS1 7.1.1
2026-08-18 19:26:23,414 [INFO] ThirdParty:1030 - CMSIS Pack Vendor :STMicroelectronics X-CUBE-NFC10 1.0.0
2026-08-18 19:26:23,414 [INFO] ThirdParty:1030 - CMSIS Pack Vendor :STMicroelectronics X-CUBE-BLEMGR 4.0.0
2026-08-18 19:26:23,414 [INFO] ThirdParty:1030 - CMSIS Pack Vendor :STMicroelectronics X-CUBE-FREERTOS 1.3.1
2026-08-18 19:26:23,414 [INFO] ThirdParty:1030 - CMSIS Pack Vendor :STMicroelectronics HAL Drivers 0.0.0
2026-08-18 19:26:23,414 [INFO] ThirdParty:1030 - CMSIS Pack Vendor :STMicroelectronics X-CUBE-ST60 1.1.0
2026-08-18 19:26:23,414 [INFO] ThirdParty:1030 - CMSIS Pack Vendor :emotas I-CUBE-CANOPEN 1.3.0
2026-08-18 19:26:23,414 [INFO] ThirdParty:1030 - CMSIS Pack Vendor :STMicroelectronics X-CUBE-FREERTOS 1.3.0
2026-08-18 19:26:23,414 [INFO] ThirdParty:1030 - CMSIS Pack Vendor :STMicroelectronics X-CUBE-NFC7 1.0.1
2026-08-18 19:26:23,414 [INFO] ThirdParty:1030 - CMSIS Pack Vendor :STMicroelectronics MBEDTLS 2.14.1
2026-08-18 19:26:23,414 [INFO] ThirdParty:1030 - CMSIS Pack Vendor :STMicroelectronics X-CUBE-GNSS1 7.1.0
2026-08-18 19:26:23,414 [INFO] ThirdParty:1030 - CMSIS Pack Vendor :STMicroelectronics X-CUBE-TOUCHGFX 4.26.0
2026-08-18 19:26:23,414 [INFO] ThirdParty:1030 - CMSIS Pack Vendor :STMicroelectronics X-CUBE-TOUCHGFX 4.26.1
2026-08-18 19:26:23,415 [INFO] ThirdParty:1030 - CMSIS Pack Vendor :quantropi X-CUBE-qispace-sdk-base 2.0.0
2026-08-18 19:26:23,415 [INFO] ThirdParty:1030 - CMSIS Pack Vendor :STMicroelectronics X-CUBE-AI 10.0.0
2026-08-18 19:26:23,415 [INFO] ThirdParty:1030 - CMSIS Pack Vendor :STMicroelectronics FP-SNS-STAIOTCFT 1.0.0
2026-08-18 19:26:23,415 [INFO] ThirdParty:1030 - CMSIS Pack Vendor :STMicroelectronics FP-SNS-SMARTAG2 1.2.0
2026-08-18 19:26:23,415 [INFO] ThirdParty:1030 - CMSIS Pack Vendor :STMicroelectronics FP-SNS-FLIGHT1 5.1.0
2026-08-18 19:26:23,415 [INFO] ThirdParty:1030 - CMSIS Pack Vendor :STMicroelectronics X-CUBE-MEMS1 11.1.0
2026-08-18 19:26:23,415 [INFO] ThirdParty:1030 - CMSIS Pack Vendor :STMicroelectronics X-CUBE-AZRTOS-WL 2.0.0
2026-08-18 19:26:23,415 [INFO] ThirdParty:1030 - CMSIS Pack Vendor :STMicroelectronics X-CUBE-DPower 1.3.0
2026-08-18 19:26:23,415 [INFO] ThirdParty:1030 - CMSIS Pack Vendor :STMicroelectronics FP-SNS-MOTENV1 5.0.0
2026-08-18 19:26:23,415 [INFO] ThirdParty:1030 - CMSIS Pack Vendor :STMicroelectronics USB_DEVICE 1.0.0
2026-08-18 19:26:23,415 [INFO] ThirdParty:1030 - CMSIS Pack Vendor :STMicroelectronics X-CUBE-AZRTOS-H7RS 1.2.0
2026-08-18 19:26:23,415 [INFO] ThirdParty:1030 - CMSIS Pack Vendor :STMicroelectronics X-CUBE-AZRTOS-L4 2.0.0
2026-08-18 19:26:23,415 [INFO] ThirdParty:1030 - CMSIS Pack Vendor :STMicroelectronics ThreadX 0.0.2
2026-08-18 19:26:23,415 [INFO] ThirdParty:1030 - CMSIS Pack Vendor :WES I-CUBE-Cesium 1.3.0
2026-08-18 19:26:23,415 [INFO] ThirdParty:1030 - CMSIS Pack Vendor :STMicroelectronics lwIP 2.1.2
2026-08-18 19:26:23,415 [INFO] ThirdParty:1030 - CMSIS Pack Vendor :STMicroelectronics X-CUBE-SFXS2LP1 4.0.0
2026-08-18 19:26:23,415 [INFO] ThirdParty:1030 - CMSIS Pack Vendor :STMicroelectronics X-CUBE-BLE2 3.3.0
2026-08-18 19:26:23,415 [INFO] ThirdParty:1030 - CMSIS Pack Vendor :Avnet-IOTCONNECT X-CUBE-iotc-st67-sdk 1.0.0
2026-08-18 19:26:23,415 [INFO] ThirdParty:1030 - CMSIS Pack Vendor :STMicroelectronics PDM2PCM 3.2.0
2026-08-18 19:26:23,415 [INFO] ThirdParty:1030 - CMSIS Pack Vendor :STMicroelectronics X-CUBE-WB05N 2.1.0
2026-08-18 19:26:23,416 [INFO] ThirdParty:1030 - CMSIS Pack Vendor :STMicroelectronics X-CUBE-AZRTOS-H7 3.3.0
2026-08-18 19:26:23,416 [INFO] ThirdParty:1030 - CMSIS Pack Vendor :STMicroelectronics X-CUBE-NFC9 1.0.0
2026-08-18 19:26:23,416 [INFO] ThirdParty:1030 - CMSIS Pack Vendor :STMicroelectronics X-CUBE-BLE1 7.1.0
2026-08-18 19:26:23,416 [INFO] ThirdParty:1030 - CMSIS Pack Vendor :wolfSSL I-CUBE-wolfMQTT 1.19.2
2026-08-18 19:26:23,416 [INFO] ThirdParty:1030 - CMSIS Pack Vendor :STMicroelectronics USB_DEVICE 3.0.0
2026-08-18 19:26:23,416 [INFO] ThirdParty:1030 - CMSIS Pack Vendor :STMicroelectronics X-CUBE-EEPRMA1 5.2.0
2026-08-18 19:26:23,416 [INFO] ThirdParty:1030 - CMSIS Pack Vendor :STMicroelectronics X-CUBE-BLEMGR 4.1.0
2026-08-18 19:26:23,416 [INFO] ThirdParty:1030 - CMSIS Pack Vendor :STMicroelectronics X-CUBE-AZRTOS-WB 2.0.0
2026-08-18 19:26:23,416 [INFO] ThirdParty:1030 - CMSIS Pack Vendor :STMicroelectronics X-CUBE-GNSS1 7.0.1
2026-08-18 19:26:23,416 [INFO] ThirdParty:1030 - CMSIS Pack Vendor :STMicroelectronics X-CUBE-TOUCHGFX 4.25.0
2026-08-18 19:26:23,416 [INFO] ThirdParty:1030 - CMSIS Pack Vendor :STMicroelectronics X-CUBE-AI 10.1.0
2026-08-18 19:26:23,416 [INFO] ThirdParty:1030 - CMSIS Pack Vendor :STMicroelectronics FP-SNS-STBOX1 2.0.0
2026-08-18 19:26:23,416 [INFO] ThirdParty:1030 - CMSIS Pack Vendor :STMicroelectronics X-CUBE-MEMS1 12.0.0
2026-08-18 19:26:23,416 [INFO] ThirdParty:1030 - CMSIS Pack Vendor :STMicroelectronics X-CUBE-STSE01 2.0.0
2026-08-18 19:26:23,416 [INFO] ThirdParty:1030 - CMSIS Pack Vendor :STMicroelectronics X-CUBE-MEMS1 11.2.0
2026-08-18 19:26:23,416 [INFO] ThirdParty:1030 - CMSIS Pack Vendor :STMicroelectronics X-CUBE-AZRTOS-G0 1.1.0
2026-08-18 19:26:23,416 [INFO] ThirdParty:1030 - CMSIS Pack Vendor :STMicroelectronics X-CUBE-SAFEA1 1.2.2
2026-08-18 19:26:23,416 [INFO] ThirdParty:1030 - CMSIS Pack Vendor :STMicroelectronics X-CUBE-NFC4 3.0.0
2026-08-18 19:26:23,416 [INFO] ThirdParty:1030 - CMSIS Pack Vendor :STMicroelectronics X-CUBE-SUBG2 5.0.0
2026-08-18 19:26:23,416 [INFO] ThirdParty:1030 - CMSIS Pack Vendor :STMicroelectronics X-CUBE-AZRTOS-H7RS 1.1.0
2026-08-18 19:26:23,416 [INFO] ThirdParty:1030 - CMSIS Pack Vendor :STMicroelectronics STM32_WPAN 1.0.0
2026-08-18 19:26:23,416 [INFO] ThirdParty:1030 - CMSIS Pack Vendor :EmbeddedOffice I-CUBE-FS-RTOS 1.0.1
2026-08-18 19:26:23,416 [INFO] ThirdParty:1030 - CMSIS Pack Vendor :STMicroelectronics lwIP 2.0.3
2026-08-18 19:26:23,416 [INFO] ThirdParty:1030 - CMSIS Pack Vendor :Cesanta I-CUBE-Mongoose 7.13.0
2026-08-18 19:26:23,416 [INFO] ThirdParty:1030 - CMSIS Pack Vendor :STMicroelectronics USB_HOST 1.0.0
2026-08-18 19:26:23,416 [INFO] ThirdParty:1030 - CMSIS Pack Vendor :STMicroelectronics X-CUBE-AZRTOS-G4 2.0.0
2026-08-18 19:26:23,417 [INFO] ThirdParty:1030 - CMSIS Pack Vendor :STMicroelectronics X-CUBE-WB05N 2.0.0
2026-08-18 19:26:23,417 [INFO] ThirdParty:1030 - CMSIS Pack Vendor :STMicroelectronics PDM2PCM 3.1.0
2026-08-18 19:26:23,417 [INFO] ThirdParty:1030 - CMSIS Pack Vendor :wolfSSL I-CUBE-wolfTPM 3.8.0
2026-08-18 19:26:23,417 [INFO] ThirdParty:1030 - CMSIS Pack Vendor :wolfSSL I-CUBE-wolfSSH 1.4.20
2026-08-18 19:26:23,417 [INFO] ThirdParty:1030 - CMSIS Pack Vendor :STMicroelectronics X-CUBE-NFC7 2.0.0
2026-08-18 19:26:23,417 [INFO] ThirdParty:1030 - CMSIS Pack Vendor :STMicroelectronics X-CUBE-TCPP 4.2.0
2026-08-18 19:26:23,417 [INFO] ThirdParty:1030 - CMSIS Pack Vendor :RealThread X-CUBE-RT-Thread_Nano 4.1.1
2026-08-18 19:26:23,417 [INFO] ThirdParty:1030 - CMSIS Pack Vendor :STMicroelectronics FP-ATR-SIGFOX1 3.2.0
2026-08-18 19:26:23,417 [INFO] ThirdParty:1030 - CMSIS Pack Vendor :STMicroelectronics X-CUBE-EEPRMA1 5.1.0
2026-08-18 19:26:23,417 [INFO] ThirdParty:1030 - CMSIS Pack Vendor :STMicroelectronics MBEDTLS 2.16.2
2026-08-18 19:26:23,417 [INFO] ThirdParty:1030 - CMSIS Pack Vendor :STMicroelectronics X-CUBE-IPS 3.1.0
2026-08-18 19:26:23,417 [INFO] ThirdParty:1030 - CMSIS Pack Vendor :STMicroelectronics X-CUBE-ALS 1.0.2
2026-08-18 19:26:23,417 [INFO] ThirdParty:1030 - CMSIS Pack Vendor :wolfSSL I-CUBE-wolfSSL 5.7.6
2026-08-18 19:26:23,417 [INFO] ThirdParty:1030 - CMSIS Pack Vendor :ITTIA_DB I-CUBE-ITTIADB 8.9.0
2026-08-18 19:26:23,417 [INFO] ThirdParty:1030 - CMSIS Pack Vendor :STMicroelectronics X-CUBE-STSE01 1.0.0
2026-08-18 19:26:23,417 [INFO] ThirdParty:1030 - CMSIS Pack Vendor :portGmbH I-Cube-SoM-uGOAL 1.1.0
2026-08-18 19:26:23,417 [INFO] ThirdParty:1030 - CMSIS Pack Vendor :STMicroelectronics X-CUBE-NFC6 3.2.0
2026-08-18 19:26:23,417 [INFO] ThirdParty:1030 - CMSIS Pack Vendor :STMicroelectronics X-CUBE-ST67W61 1.0.0
2026-08-18 19:26:23,417 [INFO] ThirdParty:1030 - CMSIS Pack Vendor :STMicroelectronics X-CUBE-AI 10.2.1
2026-08-18 19:26:23,417 [INFO] ThirdParty:1030 - CMSIS Pack Vendor :STMicroelectronics X-CUBE-AI 10.2.0
2026-08-18 19:26:23,417 [INFO] ThirdParty:1030 - CMSIS Pack Vendor :STMicroelectronics ThreadX 1.0.0
2026-08-18 19:26:23,417 [INFO] ThirdParty:1030 - CMSIS Pack Vendor :STMicroelectronics X-CUBE-MEMS1 12.1.0
2026-08-18 19:26:23,417 [INFO] ThirdParty:1030 - CMSIS Pack Vendor :SEGGER I-CUBE-embOS 1.3.1
2026-08-18 19:26:23,417 [INFO] ThirdParty:1030 - CMSIS Pack Vendor :STMicroelectronics X-CUBE-ALGOBUILD 1.4.0
2026-08-18 19:26:23,417 [INFO] ThirdParty:1030 - CMSIS Pack Vendor :STMicroelectronics X-CUBE-MEMS1 11.3.0
2026-08-18 19:26:23,417 [INFO] ThirdParty:1030 - CMSIS Pack Vendor :STMicroelectronics X-CUBE-TOF1 3.4.2
2026-08-18 19:26:23,417 [INFO] ThirdParty:1030 - CMSIS Pack Vendor :STMicroelectronics X-CUBE-TOF1 3.4.3
2026-08-18 19:26:23,418 [INFO] ThirdParty:1030 - CMSIS Pack Vendor :STMicroelectronics X-CUBE-NFC13 1.0.0
2026-08-18 19:26:23,418 [INFO] ThirdParty:841 - exiting critical section [change project]
2026-08-18 19:26:24,397 [INFO] PinOutPanel:1589 - setPackage(No Configuration,No Configuration)
2026-08-18 19:26:24,400 [INFO] PinOutPanel:1589 - setPackage(STM32F429ZITx,LQFP144)
2026-08-18 19:26:25,513 [INFO] UtilMem:75 - Before build in PCC Used Memory: 715422008 Bytes (1073741824)
2026-08-18 19:26:27,764 [INFO] UtilMem:75 - After build in PCC Used Memory: 782975424 Bytes (1073741824)
2026-08-18 19:26:27,838 [INFO] IPUIPlugin:80 - create IPUIPlugin
2026-08-18 19:26:27,838 [INFO] IPUIPlugin:80 - create IPUIPlugin
2026-08-18 19:26:27,838 [INFO] IPUIPlugin:80 - create IPUIPlugin
2026-08-18 19:26:27,839 [INFO] IPUIPlugin:80 - create IPUIPlugin
2026-08-18 19:26:27,839 [INFO] IPUIPlugin:80 - create IPUIPlugin
2026-08-18 19:26:27,839 [INFO] IPUIPlugin:80 - create IPUIPlugin
2026-08-18 19:26:27,839 [INFO] IPUIPlugin:80 - create IPUIPlugin
2026-08-18 19:26:27,840 [INFO] IPUIPlugin:80 - create IPUIPlugin
2026-08-18 19:26:27,840 [INFO] IPUIPlugin:80 - create IPUIPlugin
2026-08-18 19:26:27,840 [INFO] IPUIPlugin:80 - create IPUIPlugin
2026-08-18 19:26:27,840 [INFO] IPUIPlugin:80 - create IPUIPlugin
2026-08-18 19:26:27,841 [INFO] IPUIPlugin:80 - create IPUIPlugin
2026-08-18 19:26:27,841 [INFO] IPUIPlugin:80 - create IPUIPlugin
2026-08-18 19:26:27,841 [INFO] IPUIPlugin:80 - create IPUIPlugin
2026-08-18 19:26:27,841 [INFO] IPUIPlugin:80 - create IPUIPlugin
2026-08-18 19:26:27,842 [INFO] IPUIPlugin:80 - create IPUIPlugin
2026-08-18 19:26:27,842 [INFO] IPUIPlugin:80 - create IPUIPlugin
2026-08-18 19:26:27,842 [INFO] IPUIPlugin:80 - create IPUIPlugin
2026-08-18 19:26:27,842 [INFO] IPUIPlugin:80 - create IPUIPlugin
2026-08-18 19:26:27,843 [INFO] IPUIPlugin:80 - create IPUIPlugin
2026-08-18 19:26:27,843 [INFO] IPUIPlugin:80 - create IPUIPlugin
2026-08-18 19:26:27,843 [INFO] IPUIPlugin:80 - create IPUIPlugin
2026-08-18 19:26:27,844 [INFO] IPUIPlugin:80 - create IPUIPlugin
2026-08-18 19:26:27,844 [INFO] IPUIPlugin:80 - create IPUIPlugin
2026-08-18 19:26:27,845 [INFO] IPUIPlugin:80 - create IPUIPlugin
2026-08-18 19:26:27,845 [INFO] IPUIPlugin:80 - create IPUIPlugin
2026-08-18 19:26:27,845 [INFO] IPUIPlugin:80 - create IPUIPlugin
2026-08-18 19:26:27,845 [INFO] IPUIPlugin:80 - create IPUIPlugin
2026-08-18 19:26:27,846 [INFO] IPUIPlugin:80 - create IPUIPlugin
2026-08-18 19:26:27,846 [INFO] IPUIPlugin:80 - create IPUIPlugin
2026-08-18 19:26:27,847 [INFO] IPUIPlugin:80 - create IPUIPlugin
2026-08-18 19:26:27,847 [INFO] IPUIPlugin:80 - create IPUIPlugin
2026-08-18 19:26:27,847 [INFO] IPUIPlugin:80 - create IPUIPlugin
2026-08-18 19:26:27,848 [INFO] IPUIPlugin:80 - create IPUIPlugin
2026-08-18 19:26:27,848 [INFO] IPUIPlugin:80 - create IPUIPlugin
2026-08-18 19:26:27,849 [INFO] IPUIPlugin:80 - create IPUIPlugin
2026-08-18 19:26:27,849 [INFO] IPUIPlugin:80 - create IPUIPlugin
2026-08-18 19:26:27,849 [INFO] IPUIPlugin:80 - create IPUIPlugin
2026-08-18 19:26:27,850 [INFO] IPUIPlugin:80 - create IPUIPlugin
2026-08-18 19:26:27,850 [INFO] IPUIPlugin:80 - create IPUIPlugin
2026-08-18 19:26:27,851 [INFO] IPUIPlugin:80 - create IPUIPlugin
2026-08-18 19:26:27,851 [INFO] IPUIPlugin:80 - create IPUIPlugin
2026-08-18 19:26:27,851 [INFO] IPUIPlugin:80 - create IPUIPlugin
2026-08-18 19:26:27,853 [INFO] IPUIPlugin:80 - create IPUIPlugin
2026-08-18 19:26:27,855 [INFO] IPUIPlugin:80 - create IPUIPlugin
2026-08-18 19:26:27,855 [INFO] IPUIPlugin:80 - create IPUIPlugin
2026-08-18 19:26:27,856 [INFO] IPUIPlugin:80 - create IPUIPlugin
2026-08-18 19:26:27,856 [INFO] IPUIPlugin:80 - create IPUIPlugin
2026-08-18 19:26:27,857 [INFO] IPUIPlugin:80 - create IPUIPlugin
2026-08-18 19:26:27,857 [INFO] IPUIPlugin:80 - create IPUIPlugin
2026-08-18 19:26:27,858 [INFO] IPUIPlugin:80 - create IPUIPlugin
2026-08-18 19:26:27,859 [INFO] IPUIPlugin:80 - create IPUIPlugin
2026-08-18 19:26:27,859 [INFO] IPUIPlugin:80 - create IPUIPlugin
2026-08-18 19:26:27,860 [INFO] IPUIPlugin:80 - create IPUIPlugin
2026-08-18 19:26:27,861 [INFO] IPUIPlugin:80 - create IPUIPlugin
2026-08-18 19:26:27,861 [INFO] IPUIPlugin:80 - create IPUIPlugin
2026-08-18 19:26:27,862 [INFO] IPUIPlugin:80 - create IPUIPlugin
2026-08-18 19:26:27,862 [INFO] IPUIPlugin:80 - create IPUIPlugin
2026-08-18 19:26:27,863 [INFO] IPUIPlugin:80 - create IPUIPlugin
2026-08-18 19:26:27,864 [INFO] IPUIPlugin:80 - create IPUIPlugin
2026-08-18 19:26:27,864 [INFO] IPUIPlugin:80 - create IPUIPlugin
2026-08-18 19:26:27,865 [INFO] IPUIPlugin:80 - create IPUIPlugin
2026-08-18 19:26:27,866 [INFO] IPUIPlugin:80 - create IPUIPlugin
2026-08-18 19:26:27,867 [INFO] IPUIPlugin:80 - create IPUIPlugin
2026-08-18 19:26:27,872 [INFO] IPUIPlugin:80 - create IPUIPlugin
2026-08-18 19:26:27,873 [INFO] IPUIPlugin:80 - create IPUIPlugin
2026-08-18 19:26:28,082 [INFO] ApiDbMcu:508 - Load IP Config File for PDM2PCM
2026-08-18 19:26:28,423 [INFO] CADModel:165 - CPN selected for project levelSTM32F429ZIT6
2026-08-18 19:26:28,423 [INFO] CADModel:114 - Register for checkConnection events
2026-08-18 19:26:28,464 [INFO] OpenFileManager:385 - Restore cursor
2026-08-18 19:40:28,818 [ERROR] LogOutputStream:75 - [STDERR_REDIRECT] 
