2026-08-19 17:40:10,099 [INFO] Activator:176 - 


2026-08-19 17:40:10,112 [INFO] Activator:177 - !SESSION log4j initialized
2026-08-19 17:40:20,056 [INFO] LogOutputStream:77 - [STDOUT_REDIRECT] 
2026-08-19 17:40:27,984 [INFO] ApplicationProperties:184 - Using Application install path: C:\ST\STM32CubeIDE_1.18.0\STM32CubeIDE\plugins\com.st.stm32cube.common.mx_6.14.0.202502271554
2026-08-19 17:40:28,012 [INFO] DbMcusXml:78 - Set database path to: C:\ST\STM32CubeIDE_1.18.0\STM32CubeIDE\plugins\com.st.stm32cube.common.mx_6.14.0.202502271554\\db\/mcu/
2026-08-19 17:40:28,014 [INFO] ApiDb:274 - Set plugin database path to: C:\ST\STM32CubeIDE_1.18.0\STM32CubeIDE\plugins\com.st.stm32cube.common.mx_6.14.0.202502271554\\db\/plugins/boardmanager/
2026-08-19 17:40:28,016 [WARN] ApiDb:259 - Overriding images path with different value:  => C:\ST\STM32CubeIDE_1.18.0\STM32CubeIDE\plugins\com.st.stm32cube.common.mx_6.14.0.202502271554\\db\/plugins/mcufinder/images/
2026-08-19 17:40:28,027 [INFO] ApiDb:250 - Set database path to: C:\Users\lthst\.stmcufinder\plugins\mcufinder//mcu/
2026-08-19 17:40:28,029 [INFO] DbMcusAds:125 - Set database path to: C:\Users\lthst\.stmcufinder\plugins\mcufinder//mcu/
2026-08-19 17:40:28,034 [INFO] CrossReferenceDbSqlite:203 - Set database path to: C:\Users\lthst\.stmcufinder\plugins\mcufinder//mcu/cs/
2026-08-19 17:40:28,257 [INFO] RulesReader:64 - Compatibility file has been processed (301 Rules)
2026-08-19 17:40:28,518 [INFO] DbMcusXml:78 - Set database path to: C:\ST\STM32CubeIDE_1.18.0\STM32CubeIDE\plugins\com.st.stm32cube.common.mx_6.14.0.202502271554\\db\/mcu/
2026-08-19 17:40:28,518 [INFO] ApiDb:274 - Set plugin database path to: C:\ST\STM32CubeIDE_1.18.0\STM32CubeIDE\plugins\com.st.stm32cube.common.mx_6.14.0.202502271554\\db\/plugins/boardmanager/
2026-08-19 17:40:28,518 [INFO] ApiDb:261 - Set plugin images path to: C:\ST\STM32CubeIDE_1.18.0\STM32CubeIDE\plugins\com.st.stm32cube.common.mx_6.14.0.202502271554\\db\/plugins/mcufinder/images/
2026-08-19 17:40:28,519 [WARN] DbFile:41 - Overriding database path with different value: C:\Users\lthst\.stmcufinder\plugins\mcufinder/ => C:\Users\lthst\.stmcufinder\plugins\mcufinder
2026-08-19 17:40:28,519 [INFO] ApiDb:250 - Set database path to: C:\Users\lthst\.stmcufinder\plugins\mcufinder//mcu/
2026-08-19 17:40:28,519 [WARN] DbFile:41 - Overriding database path with different value: C:\Users\lthst\.stmcufinder\plugins\mcufinder/ => C:\Users\lthst\.stmcufinder\plugins\mcufinder
2026-08-19 17:40:28,519 [INFO] DbMcusAds:125 - Set database path to: C:\Users\lthst\.stmcufinder\plugins\mcufinder//mcu/
2026-08-19 17:40:28,519 [WARN] DbFile:41 - Overriding database path with different value: C:\Users\lthst\.stmcufinder\plugins\mcufinder/ => C:\Users\lthst\.stmcufinder\plugins\mcufinder
2026-08-19 17:40:28,519 [WARN] DbFile:41 - Overriding database path with different value: C:\Users\lthst\.stmcufinder\plugins\mcufinder/ => C:\Users\lthst\.stmcufinder\plugins\mcufinder
2026-08-19 17:40:28,520 [INFO] CrossReferenceDbSqlite:203 - Set database path to: C:\Users\lthst\.stmcufinder\plugins\mcufinder//mcu/cs/
2026-08-19 17:40:29,127 [INFO] MainPanel:272 - HeapMemory: 271581184
2026-08-19 17:40:29,287 [INFO] DbMcusXml:78 - Set database path to: C:\ST\STM32CubeIDE_1.18.0\STM32CubeIDE\plugins\com.st.stm32cube.common.mx_6.14.0.202502271554\\db\/mcu/
2026-08-19 17:40:29,287 [INFO] ApiDb:274 - Set plugin database path to: C:\ST\STM32CubeIDE_1.18.0\STM32CubeIDE\plugins\com.st.stm32cube.common.mx_6.14.0.202502271554\\db\/plugins/boardmanager/
2026-08-19 17:40:29,287 [INFO] ApiDb:261 - Set plugin images path to: C:\ST\STM32CubeIDE_1.18.0\STM32CubeIDE\plugins\com.st.stm32cube.common.mx_6.14.0.202502271554\\db\/plugins/mcufinder/images/
2026-08-19 17:40:29,288 [WARN] DbFile:41 - Overriding database path with different value: C:\Users\lthst\.stmcufinder\plugins\mcufinder/ => C:\Users\lthst\.stmcufinder\plugins\mcufinder
2026-08-19 17:40:29,288 [INFO] ApiDb:250 - Set database path to: C:\Users\lthst\.stmcufinder\plugins\mcufinder//mcu/
2026-08-19 17:40:29,288 [WARN] DbFile:41 - Overriding database path with different value: C:\Users\lthst\.stmcufinder\plugins\mcufinder/ => C:\Users\lthst\.stmcufinder\plugins\mcufinder
2026-08-19 17:40:29,289 [INFO] DbMcusAds:125 - Set database path to: C:\Users\lthst\.stmcufinder\plugins\mcufinder//mcu/
2026-08-19 17:40:29,289 [WARN] DbFile:41 - Overriding database path with different value: C:\Users\lthst\.stmcufinder\plugins\mcufinder/ => C:\Users\lthst\.stmcufinder\plugins\mcufinder
2026-08-19 17:40:29,289 [WARN] DbFile:41 - Overriding database path with different value: C:\Users\lthst\.stmcufinder\plugins\mcufinder/ => C:\Users\lthst\.stmcufinder\plugins\mcufinder
2026-08-19 17:40:29,289 [INFO] CrossReferenceDbSqlite:203 - Set database path to: C:\Users\lthst\.stmcufinder\plugins\mcufinder//mcu/cs/
2026-08-19 17:40:29,324 [INFO] ApplicationProperties:184 - Using Application install path: C:\ST\STM32CubeIDE_1.18.0\STM32CubeIDE\plugins\com.st.stm32cube.common.mx_6.14.0.202502271554
2026-08-19 17:40:29,326 [INFO] PluginManage:196 - Search for loadable plugins [exclusion list=, ]
2026-08-19 17:40:29,329 [INFO] PluginManage:310 - Check plugin analytics
2026-08-19 17:40:29,687 [INFO] AnalyticsPlugin:253 - Accepted Software Licenses: 
2026-08-19 17:40:29,688 [INFO] AnalyticsPlugin:255 - Accepted CMSIS Pack Licenses: 
2026-08-19 17:40:29,688 [INFO] AnalyticsPlugin:257 - Accepted Firmware Licenses: FW.F4.1.28.0
2026-08-19 17:40:29,692 [INFO] PluginManage:359 - Loaded plugin analytics (category:tool,tabindex:-1)
2026-08-19 17:40:29,693 [INFO] PluginManage:310 - Check plugin cadmodel
2026-08-19 17:40:29,699 [INFO] CADModel:105 - Init CAD model plugin
2026-08-19 17:40:29,699 [INFO] PluginManage:359 - Loaded plugin cadmodel (category:power,tabindex:5)
2026-08-19 17:40:29,700 [INFO] PluginManage:310 - Check plugin clock
2026-08-19 17:40:29,714 [INFO] PluginManage:359 - Loaded plugin clock (category:base,tabindex:2)
2026-08-19 17:40:29,714 [INFO] PluginManage:310 - Check plugin ddr
2026-08-19 17:40:29,718 [INFO] PluginManage:359 - Loaded plugin ddr (category:tool,tabindex:6)
2026-08-19 17:40:29,718 [INFO] PluginManage:310 - Check plugin filemanager
2026-08-19 17:40:29,996 [INFO] PluginManage:359 - Loaded plugin filemanager (category:base,tabindex:10)
2026-08-19 17:40:29,996 [INFO] PluginManage:310 - Check plugin ipmanager
2026-08-19 17:40:30,011 [INFO] PluginManage:359 - Loaded plugin ipmanager (category:base,tabindex:5)
2026-08-19 17:40:30,011 [INFO] PluginManage:310 - Check plugin lpbam
2026-08-19 17:40:30,027 [INFO] PluginManage:359 - Loaded plugin lpbam (category:base,tabindex:0)
2026-08-19 17:40:30,027 [INFO] PluginManage:310 - Check plugin memorymap
2026-08-19 17:40:30,053 [INFO] PluginManage:359 - Loaded plugin memorymap (category:base,tabindex:4)
2026-08-19 17:40:30,053 [INFO] PluginManage:310 - Check plugin pinoutandconfiguration
2026-08-19 17:40:30,069 [INFO] PluginManage:359 - Loaded plugin pinoutandconfiguration (category:base,tabindex:1)
2026-08-19 17:40:30,070 [INFO] PluginManage:310 - Check plugin pinoutconfig
2026-08-19 17:40:30,268 [WARN] SupportedApi:132 - Cannot load RTOS API schema: s4s-elt-must-match.1: The content of 'definitions' must match (annotation?, (simpleType | complexType)?, (unique | key | keyref)*)). A problem was found starting at: attribute.
2026-08-19 17:40:30,517 [INFO] PluginManage:359 - Loaded plugin pinoutconfig (category:base,tabindex:0)
2026-08-19 17:40:30,517 [INFO] PluginManage:310 - Check plugin power
2026-08-19 17:40:30,530 [INFO] PluginManage:359 - Loaded plugin power (category:power,tabindex:4)
2026-08-19 17:40:30,531 [INFO] PluginManage:310 - Check plugin projectmanager
2026-08-19 17:40:30,562 [INFO] PluginManage:359 - Loaded plugin projectmanager (category:projectmanager,tabindex:4)
2026-08-19 17:40:30,562 [INFO] PluginManage:310 - Check plugin rif
2026-08-19 17:40:30,578 [INFO] PluginManage:359 - Loaded plugin rif (category:base,tabindex:3)
2026-08-19 17:40:30,578 [INFO] PluginManage:310 - Check plugin thirdparty
2026-08-19 17:40:30,846 [INFO] PluginManage:359 - Loaded plugin thirdparty (category:base,tabindex:-1)
2026-08-19 17:40:30,846 [WARN] IntegrityCheckThread:84 - waiting for thirdparty lock release [integrity check]
2026-08-19 17:40:30,847 [INFO] IntegrityCheckThread:86 - entering critical section [integrity check]
2026-08-19 17:40:30,847 [INFO] PluginManage:310 - Check plugin tools
2026-08-19 17:40:30,847 [INFO] ThirdPartyUpdaterWithRetryManager:70 - Updater plugin not ready yet. [1/15]
2026-08-19 17:40:30,851 [INFO] PluginManage:359 - Loaded plugin tools (category:base,tabindex:7)
2026-08-19 17:40:30,852 [INFO] PluginManage:310 - Check plugin tutovideos
2026-08-19 17:40:31,300 [INFO] PluginManage:359 - Loaded plugin tutovideos (category:base,tabindex:-1)
2026-08-19 17:40:31,301 [INFO] PluginManage:310 - Check plugin updater
2026-08-19 17:40:31,344 [INFO] PluginManage:359 - Loaded plugin updater (category:base,tabindex:12)
2026-08-19 17:40:31,344 [INFO] PluginManage:310 - Check plugin userauth
2026-08-19 17:40:31,354 [INFO] UserAuth:118 - Init User Auth plugin
2026-08-19 17:40:31,356 [INFO] PluginManage:359 - Loaded plugin userauth (category:base,tabindex:14)
2026-08-19 17:40:31,357 [INFO] PluginManage:283 - PluginManage : Loaded plugins [18]
2026-08-19 17:40:31,799 [INFO] PinOutPanel:1589 - setPackage(No Configuration,No Configuration)
2026-08-19 17:40:31,987 [INFO] CADModel:165 - CPN selected for project level
2026-08-19 17:40:31,988 [INFO] CADModel:114 - Register for checkConnection events
2026-08-19 17:40:32,017 [INFO] IPUIPlugin:80 - create IPUIPlugin
2026-08-19 17:40:32,018 [INFO] PluginManager:220 - loadIPPluginJar : add adc
2026-08-19 17:40:32,023 [INFO] IPUIPlugin:80 - create IPUIPlugin
2026-08-19 17:40:32,023 [INFO] PluginManager:220 - loadIPPluginJar : add aes
2026-08-19 17:40:32,028 [INFO] IPUIPlugin:80 - create IPUIPlugin
2026-08-19 17:40:32,029 [INFO] PluginManager:220 - loadIPPluginJar : add can
2026-08-19 17:40:32,032 [INFO] IPUIPlugin:80 - create IPUIPlugin
2026-08-19 17:40:32,032 [INFO] PluginManager:220 - loadIPPluginJar : add comp
2026-08-19 17:40:32,036 [INFO] IPUIPlugin:80 - create IPUIPlugin
2026-08-19 17:40:32,037 [INFO] PluginManager:220 - loadIPPluginJar : add cryp
2026-08-19 17:40:32,041 [INFO] IPUIPlugin:80 - create IPUIPlugin
2026-08-19 17:40:32,042 [INFO] PluginManager:220 - loadIPPluginJar : add ddr_ctrl_phy
2026-08-19 17:40:32,047 [INFO] IPUIPlugin:80 - create IPUIPlugin
2026-08-19 17:40:32,047 [INFO] PluginManager:220 - loadIPPluginJar : add dfsdm
2026-08-19 17:40:32,057 [INFO] IPUIPlugin:80 - create IPUIPlugin
2026-08-19 17:40:32,058 [INFO] PluginManager:220 - loadIPPluginJar : add dma
2026-08-19 17:40:32,062 [INFO] IPUIPlugin:80 - create IPUIPlugin
2026-08-19 17:40:32,063 [INFO] PluginManager:220 - loadIPPluginJar : add dma3
2026-08-19 17:40:32,068 [INFO] IPUIPlugin:80 - create IPUIPlugin
2026-08-19 17:40:32,068 [INFO] PluginManager:220 - loadIPPluginJar : add extmemmanager
2026-08-19 17:40:32,071 [INFO] IPUIPlugin:80 - create IPUIPlugin
2026-08-19 17:40:32,071 [INFO] PluginManager:220 - loadIPPluginJar : add fatfs
2026-08-19 17:40:32,079 [INFO] IPUIPlugin:80 - create IPUIPlugin
2026-08-19 17:40:32,079 [INFO] PluginManager:220 - loadIPPluginJar : add fmc
2026-08-19 17:40:32,091 [INFO] IPUIPlugin:80 - create IPUIPlugin
2026-08-19 17:40:32,092 [INFO] PluginManager:220 - loadIPPluginJar : add freertos
2026-08-19 17:40:32,095 [INFO] IPUIPlugin:80 - create IPUIPlugin
2026-08-19 17:40:32,095 [INFO] PluginManager:220 - loadIPPluginJar : add genericplugin
2026-08-19 17:40:32,098 [INFO] IPUIPlugin:80 - create IPUIPlugin
2026-08-19 17:40:32,098 [INFO] PluginManager:220 - loadIPPluginJar : add gfxmmu
2026-08-19 17:40:32,107 [INFO] IPUIPlugin:80 - create IPUIPlugin
2026-08-19 17:40:32,107 [INFO] PluginManager:220 - loadIPPluginJar : add gic
2026-08-19 17:40:32,114 [INFO] IPUIPlugin:80 - create IPUIPlugin
2026-08-19 17:40:32,114 [INFO] PluginManager:220 - loadIPPluginJar : add gpio
2026-08-19 17:40:32,119 [INFO] IPUIPlugin:80 - create IPUIPlugin
2026-08-19 17:40:32,121 [INFO] PluginManager:220 - loadIPPluginJar : add gtzc
2026-08-19 17:40:32,125 [INFO] IPUIPlugin:80 - create IPUIPlugin
2026-08-19 17:40:32,126 [INFO] PluginManager:220 - loadIPPluginJar : add hash
2026-08-19 17:40:32,131 [INFO] IPUIPlugin:80 - create IPUIPlugin
2026-08-19 17:40:32,131 [INFO] PluginManager:220 - loadIPPluginJar : add i2c
2026-08-19 17:40:32,136 [INFO] IPUIPlugin:80 - create IPUIPlugin
2026-08-19 17:40:32,136 [INFO] PluginManager:220 - loadIPPluginJar : add i2s
2026-08-19 17:40:32,141 [INFO] IPUIPlugin:80 - create IPUIPlugin
2026-08-19 17:40:32,142 [INFO] PluginManager:220 - loadIPPluginJar : add i3c
2026-08-19 17:40:32,147 [INFO] IPUIPlugin:80 - create IPUIPlugin
2026-08-19 17:40:32,148 [INFO] PluginManager:220 - loadIPPluginJar : add ipddr
2026-08-19 17:40:32,159 [INFO] IPUIPlugin:80 - create IPUIPlugin
2026-08-19 17:40:32,160 [INFO] PluginManager:220 - loadIPPluginJar : add linkedlist
2026-08-19 17:40:32,165 [INFO] IPUIPlugin:80 - create IPUIPlugin
2026-08-19 17:40:32,165 [INFO] PluginManager:220 - loadIPPluginJar : add lorawan
2026-08-19 17:40:32,168 [INFO] IPUIPlugin:80 - create IPUIPlugin
2026-08-19 17:40:32,168 [INFO] PluginManager:220 - loadIPPluginJar : add ltdc
2026-08-19 17:40:32,177 [INFO] IPUIPlugin:80 - create IPUIPlugin
2026-08-19 17:40:32,178 [INFO] PluginManager:220 - loadIPPluginJar : add mdma
2026-08-19 17:40:32,183 [INFO] IPUIPlugin:80 - create IPUIPlugin
2026-08-19 17:40:32,184 [INFO] PluginManager:220 - loadIPPluginJar : add nvic
2026-08-19 17:40:32,189 [INFO] IPUIPlugin:80 - create IPUIPlugin
2026-08-19 17:40:32,189 [INFO] PluginManager:220 - loadIPPluginJar : add opamp
2026-08-19 17:40:32,195 [INFO] IPUIPlugin:80 - create IPUIPlugin
2026-08-19 17:40:32,196 [INFO] PluginManager:220 - loadIPPluginJar : add openamp
2026-08-19 17:40:32,201 [INFO] IPUIPlugin:80 - create IPUIPlugin
2026-08-19 17:40:32,202 [INFO] PluginManager:220 - loadIPPluginJar : add pdm2pcm
2026-08-19 17:40:32,212 [INFO] IPUIPlugin:80 - create IPUIPlugin
2026-08-19 17:40:32,217 [INFO] PluginManager:220 - loadIPPluginJar : add plateformsettings
2026-08-19 17:40:32,220 [INFO] IPUIPlugin:80 - create IPUIPlugin
2026-08-19 17:40:32,220 [INFO] PluginManager:220 - loadIPPluginJar : add quadspi
2026-08-19 17:40:32,223 [INFO] IPUIPlugin:80 - create IPUIPlugin
2026-08-19 17:40:32,225 [INFO] PluginManager:220 - loadIPPluginJar : add radio
2026-08-19 17:40:32,231 [INFO] IPUIPlugin:80 - create IPUIPlugin
2026-08-19 17:40:32,231 [INFO] PluginManager:220 - loadIPPluginJar : add resmgrutility
2026-08-19 17:40:32,237 [INFO] IPUIPlugin:80 - create IPUIPlugin
2026-08-19 17:40:32,237 [INFO] PluginManager:220 - loadIPPluginJar : add sai
2026-08-19 17:40:32,241 [INFO] IPUIPlugin:80 - create IPUIPlugin
2026-08-19 17:40:32,242 [INFO] PluginManager:220 - loadIPPluginJar : add spi
2026-08-19 17:40:32,252 [INFO] IPUIPlugin:80 - create IPUIPlugin
2026-08-19 17:40:32,252 [INFO] PluginManager:220 - loadIPPluginJar : add stm32_wpan
2026-08-19 17:40:32,257 [INFO] IPUIPlugin:80 - create IPUIPlugin
2026-08-19 17:40:32,257 [INFO] PluginManager:220 - loadIPPluginJar : add tim
2026-08-19 17:40:32,263 [INFO] IPUIPlugin:80 - create IPUIPlugin
2026-08-19 17:40:32,264 [INFO] PluginManager:220 - loadIPPluginJar : add touchsensing
2026-08-19 17:40:32,267 [INFO] IPUIPlugin:80 - create IPUIPlugin
2026-08-19 17:40:32,268 [INFO] PluginManager:220 - loadIPPluginJar : add tracer_emb
2026-08-19 17:40:32,271 [INFO] IPUIPlugin:80 - create IPUIPlugin
2026-08-19 17:40:32,271 [INFO] PluginManager:220 - loadIPPluginJar : add ts
2026-08-19 17:40:32,274 [INFO] IPUIPlugin:80 - create IPUIPlugin
2026-08-19 17:40:32,274 [INFO] PluginManager:220 - loadIPPluginJar : add tsc
2026-08-19 17:40:32,278 [INFO] IPUIPlugin:80 - create IPUIPlugin
2026-08-19 17:40:32,279 [INFO] PluginManager:220 - loadIPPluginJar : add ucpd
2026-08-19 17:40:32,284 [INFO] IPUIPlugin:80 - create IPUIPlugin
2026-08-19 17:40:32,284 [INFO] PluginManager:220 - loadIPPluginJar : add usart
2026-08-19 17:40:32,289 [INFO] IPUIPlugin:80 - create IPUIPlugin
2026-08-19 17:40:32,290 [INFO] PluginManager:220 - loadIPPluginJar : add usbx
2026-08-19 17:40:32,582 [FATAL] Updater:351 - Updater called before beeing initialized
2026-08-19 17:40:32,594 [INFO] McuFinderGlobals:63 - Set McuFinder mode to 2 (CubeIDE integrated)
2026-08-19 17:40:32,633 [INFO] RulesReader:64 - Compatibility file has been processed (301 Rules)
2026-08-19 17:40:32,656 [INFO] RulesReader:64 - Compatibility file has been processed (301 Rules)
2026-08-19 17:40:32,686 [INFO] CADModel:165 - CPN selected for project level
2026-08-19 17:40:32,686 [INFO] CADModel:114 - Register for checkConnection events
2026-08-19 17:40:32,686 [FATAL] Updater:351 - Updater called before beeing initialized
2026-08-19 17:40:32,687 [ERROR] CADModel:125 - Updater not yet initialized, retry later 
2026-08-19 17:40:33,013 [FATAL] Updater:351 - Updater called before beeing initialized
2026-08-19 17:40:33,016 [INFO] CADModel:165 - CPN selected for project level
2026-08-19 17:40:33,016 [INFO] CADModel:114 - Register for checkConnection events
2026-08-19 17:40:33,016 [FATAL] Updater:351 - Updater called before beeing initialized
2026-08-19 17:40:33,016 [ERROR] CADModel:125 - Updater not yet initialized, retry later 
2026-08-19 17:40:33,022 [FATAL] Updater:351 - Updater called before beeing initialized
2026-08-19 17:40:33,245 [FATAL] Updater:351 - Updater called before beeing initialized
2026-08-19 17:40:33,254 [INFO] DbMcusAds:53 - JSON generation date=Wed Jul 15 18:44:54 KST 2026 (1784108694001)
2026-08-19 17:40:33,255 [FATAL] Updater:351 - Updater called before beeing initialized
2026-08-19 17:40:33,325 [WARN] DetailPanel:346 - Failed to get advertising image, set to default
2026-08-19 17:40:33,849 [INFO] ThirdPartyUpdaterWithRetryManager:70 - Updater plugin not ready yet. [2/15]
2026-08-19 17:40:33,961 [FATAL] Updater:351 - Updater called before beeing initialized
2026-08-19 17:40:33,964 [FATAL] Updater:351 - Updater called before beeing initialized
2026-08-19 17:40:33,964 [FATAL] Updater:351 - Updater called before beeing initialized
2026-08-19 17:40:33,964 [WARN] DetailPanel:346 - Failed to get advertising image, set to default
2026-08-19 17:40:33,965 [FATAL] Updater:351 - Updater called before beeing initialized
2026-08-19 17:40:34,045 [ERROR] Updater:1198 - MainUpdater not yet initialized. External WinMGr cannot be set.
2026-08-19 17:40:34,048 [INFO] Updater:1134 - Updater Version found : 6.14.0
2026-08-19 17:40:34,077 [INFO] ApplicationProperties:184 - Using Application install path: C:\ST\STM32CubeIDE_1.18.0\STM32CubeIDE\plugins\com.st.stm32cube.common.mx_6.14.0.202502271554
2026-08-19 17:40:34,553 [INFO] MainUpdater:2872 - connection check result : 10
2026-08-19 17:40:34,554 [INFO] MainUpdater:289 - Updater Check For Update Now.
2026-08-19 17:40:34,555 [INFO] MicroXplorer:498 - Change Database Version : DB.6.0.140
2026-08-19 17:40:34,562 [INFO] McuFinderGlobals:63 - Set McuFinder mode to 2 (CubeIDE integrated)
2026-08-19 17:40:34,563 [INFO] UserAuth:486 - Internet connection configuration mode: 1
2026-08-19 17:40:34,587 [INFO] JxBrowserEngine:152 - Initiate JxBrowser Engine with user profile folder
2026-08-19 17:40:34,814 [INFO] CheckServerUpdateThread:120 - End of CheckServer Thread
2026-08-19 17:40:35,001 [INFO] MainUpdater:2872 - connection check result : 10
2026-08-19 17:40:35,019 [INFO] MainUpdater:2872 - connection check result : 10
2026-08-19 17:40:35,460 [INFO] MicroXplorer:468 - Change Database Path : 
2026-08-19 17:40:35,461 [INFO] MicroXplorer:498 - Change Database Version : DB.6.0.140
2026-08-19 17:40:35,472 [WARN] ThirdParty:871 - waiting for thirdparty lock release [close project]
2026-08-19 17:40:35,737 [INFO] WebApp:169 - Instantiating new browser for Auth
2026-08-19 17:40:37,645 [WARN] PackLoader:240 - Cannot read IP mode file for STMicroelectronics.X-CUBE-AZRTOS-H7.3.5.0
2026-08-19 17:40:37,667 [WARN] PackLoader:240 - Cannot read IP mode file for STMicroelectronics.FP-SNS-MOTENVWB1.1.4.0
2026-08-19 17:40:37,745 [WARN] PackLoader:240 - Cannot read IP mode file for STMicroelectronics.FP-ATR-ASTRA1.2.0.3
2026-08-19 17:40:37,752 [WARN] PackLoader:240 - Cannot read IP mode file for STMicroelectronics.FP-ATR-ASTRA1.2.0.2
2026-08-19 17:40:37,765 [ERROR] Engine:466 - C:\Users\lthst\.stm32cubemx\thirdparties\pdsc\STMicroelectronics.X-CUBE-SMBUS.2.1.1.pdsc: PDSC version is not supported
2026-08-19 17:40:37,774 [WARN] PackLoader:240 - Cannot read IP mode file for STMicroelectronics.X-CUBE-SMBUS.2.1.0
2026-08-19 17:40:37,788 [WARN] PackLoader:240 - Cannot read IP mode file for STMicroelectronics.X-CUBE-WB05N.1.1.0
2026-08-19 17:40:37,798 [WARN] PackLoader:240 - Cannot read IP mode file for STMicroelectronics.X-CUBE-ST60.1.0.0
2026-08-19 17:40:37,839 [WARN] PackLoader:240 - Cannot read IP mode file for STMicroelectronics.X-CUBE-AZRTOS-F7.1.1.0
2026-08-19 17:40:37,846 [ERROR] Engine:466 - C:\Users\lthst\.stm32cubemx\thirdparties\pdsc\STMicroelectronics.X-CUBE-FREERTOS.1.6.0.pdsc: PDSC version is not supported
2026-08-19 17:40:37,850 [ERROR] Engine:466 - C:\Users\lthst\.stm32cubemx\thirdparties\pdsc\STMicroelectronics.FP-SNS-MOTENV1.5.1.0.pdsc: PDSC version is not supported
2026-08-19 17:40:37,881 [WARN] PackLoader:240 - Cannot read IP mode file for STMicroelectronics.X-CUBE-AZRTOS-H7RS.1.3.0
2026-08-19 17:40:37,921 [WARN] PackLoader:240 - Cannot read IP mode file for Infineon.AIROC-Wi-Fi-Bluetooth-STM32.1.7.0
2026-08-19 17:40:37,971 [WARN] PackLoader:240 - Cannot read IP mode file for STMicroelectronics.X-CUBE-AZRTOS-H7.3.4.0
2026-08-19 17:40:37,989 [WARN] PackLoader:240 - Cannot read IP mode file for STMicroelectronics.X-CUBE-DISPLAY.3.0.0
2026-08-19 17:40:38,007 [WARN] PackLoader:240 - Cannot read IP mode file for STMicroelectronics.X-CUBE-GNSS1.7.1.1
2026-08-19 17:40:38,013 [ERROR] Engine:466 - C:\Users\lthst\.stm32cubemx\thirdparties\pdsc\STMicroelectronics.FP-SNS-MOTENVWB1.1.5.0.pdsc: PDSC version is not supported
2026-08-19 17:40:38,024 [WARN] PackLoader:240 - Cannot read IP mode file for STMicroelectronics.X-CUBE-NFC10.1.0.0
2026-08-19 17:40:38,043 [WARN] PackLoader:240 - Cannot read IP mode file for STMicroelectronics.X-CUBE-BLEMGR.4.0.0
2026-08-19 17:40:38,056 [WARN] PackLoader:240 - Cannot read IP mode file for STMicroelectronics.X-CUBE-ST60.1.1.0
2026-08-19 17:40:38,067 [WARN] PackLoader:240 - Cannot read IP mode file for emotas.I-CUBE-CANOPEN.1.3.0
2026-08-19 17:40:38,072 [ERROR] Engine:466 - C:\Users\lthst\.stm32cubemx\thirdparties\pdsc\STMicroelectronics.X-CUBE-WBA.1.1.0.pdsc: PDSC version is not supported
2026-08-19 17:40:38,078 [WARN] PackLoader:240 - Cannot read IP mode file for STMicroelectronics.X-CUBE-GNSS1.7.1.0
2026-08-19 17:40:38,089 [WARN] ConditionMgr:438 - getConditionDescription Invalid condition id : Cortex-A Device cause : null
2026-08-19 17:40:38,138 [WARN] ConditionMgr:1044 - genDependencies : Invalid condition id : Cortex-A Device cause : null
2026-08-19 17:40:38,138 [WARN] ConditionMgr:1044 - genDependencies : Invalid condition id : Cortex-A Device cause : null
2026-08-19 17:40:38,138 [WARN] ConditionMgr:1044 - genDependencies : Invalid condition id : Cortex-A Device cause : null
2026-08-19 17:40:38,147 [WARN] PackLoader:240 - Cannot read IP mode file for STMicroelectronics.X-CUBE-AI.10.0.0
2026-08-19 17:40:38,152 [ERROR] Engine:466 - C:\Users\lthst\.stm32cubemx\thirdparties\pdsc\STMicroelectronics.FP-SNS-STBOX1.2.1.0.pdsc: PDSC version is not supported
2026-08-19 17:40:38,160 [WARN] PackLoader:240 - Cannot read IP mode file for STMicroelectronics.FP-SNS-SMARTAG2.1.2.0
2026-08-19 17:40:38,168 [WARN] PackLoader:240 - Cannot read IP mode file for STMicroelectronics.FP-SNS-FLIGHT1.5.1.0
2026-08-19 17:40:38,257 [WARN] PackLoader:240 - Cannot read IP mode file for STMicroelectronics.X-CUBE-MEMS1.11.1.0
2026-08-19 17:40:38,419 [INFO] WebApp:463 - Apply proxy settings
2026-08-19 17:40:38,420 [INFO] WebApp:548 - Chromium requires no authentication
2026-08-19 17:40:38,436 [INFO] WebApp:491 - Direct internet connection detected
2026-08-19 17:40:38,473 [INFO] WebApp:894 - Register for checkConnection events
2026-08-19 17:40:38,474 [INFO] WebApp:463 - Apply proxy settings
2026-08-19 17:40:38,474 [INFO] WebApp:548 - Chromium requires no authentication
2026-08-19 17:40:38,474 [INFO] WebApp:491 - Direct internet connection detected
2026-08-19 17:40:38,525 [INFO] LogOutputStream:77 - [STDOUT_REDIRECT] 1 : Invalid condition id : UX_CORESTACK_Condition cause : null
2026-08-19 17:40:38,527 [INFO] LogOutputStream:77 - [STDOUT_REDIRECT] 1 : Invalid condition id : UX_CORESTACK_Condition cause : null
2026-08-19 17:40:38,529 [INFO] LogOutputStream:77 - [STDOUT_REDIRECT] 1 : Invalid condition id : UX_CORESTACK_Condition cause : null
2026-08-19 17:40:38,531 [INFO] LogOutputStream:77 - [STDOUT_REDIRECT] 1 : Invalid condition id : UX_CORESTACK_Condition cause : null
2026-08-19 17:40:38,533 [INFO] LogOutputStream:77 - [STDOUT_REDIRECT] 1 : Invalid condition id : UX_CORESTACK_Condition cause : null
2026-08-19 17:40:38,537 [WARN] PackLoader:240 - Cannot read IP mode file for STMicroelectronics.X-CUBE-AZRTOS-WL.2.0.0
2026-08-19 17:40:38,548 [WARN] PackLoader:240 - Cannot read IP mode file for STMicroelectronics.FP-SNS-MOTENV1.5.0.0
2026-08-19 17:40:38,575 [WARN] PackLoader:240 - Cannot read IP mode file for STMicroelectronics.X-CUBE-AZRTOS-H7RS.1.2.0
2026-08-19 17:40:38,591 [WARN] PackLoader:240 - Cannot read IP mode file for WES.I-CUBE-Cesium.1.3.0
2026-08-19 17:40:38,601 [WARN] PackLoader:240 - Cannot read IP mode file for STMicroelectronics.X-CUBE-BLE2.3.3.0
2026-08-19 17:40:38,657 [WARN] PackLoader:240 - Cannot read IP mode file for STMicroelectronics.X-CUBE-NFC9.1.0.0
2026-08-19 17:40:38,680 [WARN] PackLoader:240 - Cannot read IP mode file for STMicroelectronics.X-CUBE-BLE1.7.1.0
2026-08-19 17:40:38,689 [WARN] PackLoader:240 - Cannot read IP mode file for wolfSSL.I-CUBE-wolfMQTT.1.19.2
2026-08-19 17:40:38,693 [ERROR] Engine:466 - C:\Users\lthst\.stm32cubemx\thirdparties\pdsc\STMicroelectronics.X-CUBE-FREERTOS.1.4.0.pdsc: PDSC version is not supported
2026-08-19 17:40:38,703 [WARN] PackLoader:240 - Cannot read IP mode file for STMicroelectronics.X-CUBE-EEPRMA1.5.2.0
2026-08-19 17:40:38,709 [ERROR] Engine:466 - C:\Users\lthst\.stm32cubemx\thirdparties\pdsc\STMicroelectronics.X-CUBE-ST67W61.1.1.0.pdsc: PDSC version is not supported
2026-08-19 17:40:38,714 [WARN] PackLoader:240 - Cannot read IP mode file for STMicroelectronics.X-CUBE-AI.10.1.0
2026-08-19 17:40:38,718 [ERROR] Engine:466 - C:\Users\lthst\.stm32cubemx\thirdparties\pdsc\STMicroelectronics.FP-SNS-STAIOTCFT.1.1.0.pdsc: PDSC version is not supported
2026-08-19 17:40:38,784 [WARN] PackLoader:240 - Cannot read IP mode file for STMicroelectronics.X-CUBE-MEMS1.12.0.0
2026-08-19 17:40:38,886 [INFO] WebApp:225 - Starting web application
2026-08-19 17:40:38,887 [INFO] WebApp:593 - Web application path used C:\ST\STM32CubeIDE_1.18.0\STM32CubeIDE\plugins\com.st.stm32cube.common.mx_6.14.0.202502271554\db\plugins\mcufinder\reactClient1\index.html
2026-08-19 17:40:38,948 [WARN] PackLoader:240 - Cannot read IP mode file for STMicroelectronics.X-CUBE-MEMS1.11.2.0
2026-08-19 17:40:39,326 [WARN] PackLoader:240 - Cannot read IP mode file for STMicroelectronics.X-CUBE-AZRTOS-G0.1.1.0
2026-08-19 17:40:39,337 [WARN] PackLoader:240 - Cannot read IP mode file for STMicroelectronics.X-CUBE-SAFEA1.1.2.2
2026-08-19 17:40:39,347 [WARN] PackLoader:240 - Cannot read IP mode file for STMicroelectronics.X-CUBE-NFC4.3.0.0
2026-08-19 17:40:39,361 [WARN] PackLoader:240 - Cannot read IP mode file for EmbeddedOffice.I-CUBE-FS-RTOS.1.0.1
2026-08-19 17:40:39,370 [WARN] PackLoader:240 - Cannot read IP mode file for STMicroelectronics.X-CUBE-WB05N.2.0.0
2026-08-19 17:40:39,377 [WARN] PackLoader:240 - Cannot read IP mode file for wolfSSL.I-CUBE-wolfTPM.3.8.0
2026-08-19 17:40:39,386 [WARN] PackLoader:240 - Cannot read IP mode file for STMicroelectronics.X-CUBE-TCPP.4.2.0
2026-08-19 17:40:39,396 [WARN] PackLoader:240 - Cannot read IP mode file for RealThread.X-CUBE-RT-Thread_Nano.4.1.1
2026-08-19 17:40:39,403 [WARN] PackLoader:240 - Cannot read IP mode file for STMicroelectronics.FP-ATR-SIGFOX1.3.2.0
2026-08-19 17:40:39,411 [WARN] PackLoader:240 - Cannot read IP mode file for STMicroelectronics.X-CUBE-EEPRMA1.5.1.0
2026-08-19 17:40:39,417 [ERROR] Engine:466 - C:\Users\lthst\.stm32cubemx\thirdparties\pdsc\STMicroelectronics.X-CUBE-FREERTOS.1.5.0.pdsc: PDSC version is not supported
2026-08-19 17:40:39,423 [WARN] PackLoader:240 - Cannot read IP mode file for wolfSSL.I-CUBE-wolfSSL.5.7.6
2026-08-19 17:40:39,435 [WARN] PackLoader:240 - Cannot read IP mode file for ITTIA_DB.I-CUBE-ITTIADB.8.9.0
2026-08-19 17:40:39,445 [WARN] PackLoader:240 - Cannot read IP mode file for STMicroelectronics.X-CUBE-NFC6.3.2.0
2026-08-19 17:40:39,459 [WARN] PackLoader:240 - Cannot read IP mode file for STMicroelectronics.X-CUBE-ST67W61.1.0.0
2026-08-19 17:40:39,488 [INFO] UserAuth:486 - Internet connection configuration mode: 1
2026-08-19 17:40:39,627 [WARN] PackLoader:240 - Cannot read IP mode file for STMicroelectronics.X-CUBE-AI.10.2.1
2026-08-19 17:40:39,633 [WARN] PackLoader:240 - Cannot read IP mode file for STMicroelectronics.X-CUBE-AI.10.2.0
2026-08-19 17:40:39,691 [WARN] PackLoader:240 - Cannot read IP mode file for STMicroelectronics.X-CUBE-MEMS1.12.1.0
2026-08-19 17:40:39,870 [WARN] PackLoader:240 - Cannot read IP mode file for SEGGER.I-CUBE-embOS.1.3.1
2026-08-19 17:40:39,935 [WARN] PackLoader:240 - Cannot read IP mode file for STMicroelectronics.X-CUBE-ALGOBUILD.1.4.0
2026-08-19 17:40:40,003 [WARN] PackLoader:240 - Cannot read IP mode file for STMicroelectronics.X-CUBE-MEMS1.11.3.0
2026-08-19 17:40:40,076 [INFO] WebApp:191 - Connection restablished
2026-08-19 17:40:40,208 [WARN] PackLoader:240 - Cannot read IP mode file for STMicroelectronics.X-CUBE-NFC13.1.0.0
2026-08-19 17:40:40,218 [WARN] PackLoader:240 - Cannot read IP mode file for STMicroelectronics.X-CUBE-PM33A1.1.0.0
2026-08-19 17:40:40,243 [WARN] PackLoader:240 - Cannot read IP mode file for STMicroelectronics.X-CUBE-AZRTOS-F4.1.1.0
2026-08-19 17:40:40,254 [WARN] PackLoader:240 - Cannot read IP mode file for Avnet-IotConnect.X-CUBE-IoTC-DA16k-PMOD.1.0.0
2026-08-19 17:40:40,261 [WARN] PackLoader:240 - Cannot read IP mode file for STMicroelectronics.X-CUBE-ISPU.2.1.0
2026-08-19 17:40:40,270 [ERROR] Engine:466 - C:\Users\lthst\.stm32cubemx\thirdparties\pdsc\STMicroelectronics.X-CUBE-IPS.3.2.0.pdsc: PDSC version is not supported
2026-08-19 17:40:40,277 [WARN] PackLoader:240 - Cannot read IP mode file for STMicroelectronics.eDS-WB_DPC_TT-BIDIR.2.1.1
2026-08-19 17:40:40,287 [WARN] PackLoader:240 - Cannot read IP mode file for STMicroelectronics.X-CUBE-NFC12.1.0.0
2026-08-19 17:40:40,315 [WARN] PackLoader:240 - Cannot read IP mode file for STMicroelectronics.X-CUBE-AZRTOS-L5.2.0.0
2026-08-19 17:40:40,327 [WARN] PackLoader:240 - Cannot read IP mode file for STMicroelectronics.X-CUBE-NFC6.3.1.0
2026-08-19 17:40:40,339 [WARN] PackLoader:240 - Cannot read IP mode file for STMicroelectronics.X-CUBE-ALGOBUILD.1.5.0
2026-08-19 17:40:40,349 [WARN] PackLoader:240 - Cannot read IP mode file for STMicroelectronics.X-CUBE-DPower.1.2.0
2026-08-19 17:40:40,356 [WARN] PackLoader:240 - Cannot read IP mode file for STMicroelectronics.eDS-WB_DPC_VIENNA.1.2.0
2026-08-19 17:40:40,416 [WARN] PackLoader:240 - Cannot read IP mode file for STMicroelectronics.X-CUBE-MEMS1.13.0.0
2026-08-19 17:40:40,541 [WARN] PackLoader:240 - Cannot read IP mode file for STMicroelectronics.eDS-WB_DPC_3PH2L-BIDIR.1.1.1
2026-08-19 17:40:40,547 [ERROR] Engine:466 - C:\Users\lthst\.stm32cubemx\thirdparties\pdsc\STMicroelectronics.X-CUBE-ST67W61.1.3.0.pdsc: PDSC version is not supported
2026-08-19 17:40:40,557 [WARN] PackLoader:240 - Cannot read IP mode file for STMicroelectronics.X-CUBE-FREERTOS.1.3.1
2026-08-19 17:40:40,564 [WARN] PackLoader:240 - Cannot read IP mode file for STMicroelectronics.X-CUBE-FREERTOS.1.3.0
2026-08-19 17:40:40,573 [WARN] PackLoader:240 - Cannot read IP mode file for STMicroelectronics.X-CUBE-NFC7.1.0.1
2026-08-19 17:40:40,602 [WARN] PackLoader:240 - Cannot read IP mode file for STMicroelectronics.X-CUBE-TOUCHGFX.4.26.0
2026-08-19 17:40:40,606 [WARN] PackLoader:240 - Cannot read IP mode file for STMicroelectronics.X-CUBE-TOUCHGFX.4.26.1
2026-08-19 17:40:40,614 [WARN] PackLoader:240 - Cannot read IP mode file for STMicroelectronics.FP-SNS-STAIOTCFT.1.0.0
2026-08-19 17:40:40,638 [WARN] PackLoader:240 - Cannot read IP mode file for STMicroelectronics.X-CUBE-DPower.1.3.0
2026-08-19 17:40:40,669 [WARN] ConditionMgr:438 - getConditionDescription Invalid condition id : LAN8742 Phy interface Condition cause : null
2026-08-19 17:40:40,671 [WARN] PackLoader:240 - Cannot read IP mode file for STMicroelectronics.X-CUBE-AZRTOS-L4.2.0.0
2026-08-19 17:40:40,683 [WARN] ConditionMgr:1044 - genDependencies : Invalid condition id : LAN8742 Phy interface Condition cause : null
2026-08-19 17:40:40,683 [WARN] ConditionMgr:1044 - genDependencies : Invalid condition id : LAN8742 Phy interface Condition cause : null
2026-08-19 17:40:40,692 [WARN] ConditionMgr:1044 - genDependencies : Invalid condition id : LAN8742 Phy interface Condition cause : null
2026-08-19 17:40:40,741 [WARN] PackLoader:240 - Cannot read IP mode file for STMicroelectronics.X-CUBE-SFXS2LP1.4.0.0
2026-08-19 17:40:40,752 [WARN] PackLoader:240 - Cannot read IP mode file for STMicroelectronics.X-CUBE-WB05N.2.1.0
2026-08-19 17:40:40,760 [ERROR] Engine:466 - C:\Users\lthst\.stm32cubemx\thirdparties\pdsc\STMicroelectronics.X-CUBE-ST67W61.1.2.0.pdsc: PDSC version is not supported
2026-08-19 17:40:40,791 [WARN] PackLoader:240 - Cannot read IP mode file for STMicroelectronics.X-CUBE-AZRTOS-H7.3.3.0
2026-08-19 17:40:40,808 [WARN] PackLoader:240 - Cannot read IP mode file for STMicroelectronics.X-CUBE-BLEMGR.4.1.0
2026-08-19 17:40:40,831 [WARN] ConditionMgr:438 - getConditionDescription Invalid condition id : UX DEVICE CLASS RTOS Condition cause : null
2026-08-19 17:40:40,832 [WARN] ConditionMgr:438 - getConditionDescription Invalid condition id : UX DEVICE CLASS RTOS Condition cause : null
2026-08-19 17:40:40,834 [WARN] PackLoader:240 - Cannot read IP mode file for STMicroelectronics.X-CUBE-AZRTOS-WB.2.0.0
2026-08-19 17:40:40,835 [WARN] ConditionMgr:1044 - genDependencies : Invalid condition id : UX DEVICE CLASS RTOS Condition cause : null
2026-08-19 17:40:40,836 [WARN] ConditionMgr:1044 - genDependencies : Invalid condition id : UX DEVICE CLASS RTOS Condition cause : null
2026-08-19 17:40:40,836 [WARN] ConditionMgr:1044 - genDependencies : Invalid condition id : UX DEVICE CLASS RTOS Condition cause : null
2026-08-19 17:40:40,837 [WARN] ConditionMgr:1044 - genDependencies : Invalid condition id : UX DEVICE CLASS RTOS Condition cause : null
2026-08-19 17:40:40,837 [WARN] ConditionMgr:1044 - genDependencies : Invalid condition id : UX DEVICE CLASS RTOS Condition cause : null
2026-08-19 17:40:40,844 [WARN] PackLoader:240 - Cannot read IP mode file for STMicroelectronics.X-CUBE-GNSS1.7.0.1
2026-08-19 17:40:40,850 [WARN] PackLoader:240 - Cannot read IP mode file for STMicroelectronics.X-CUBE-TOUCHGFX.4.25.0
2026-08-19 17:40:40,860 [WARN] PackLoader:240 - Cannot read IP mode file for STMicroelectronics.FP-SNS-STBOX1.2.0.0
2026-08-19 17:40:40,874 [WARN] PackLoader:240 - Cannot read IP mode file for STMicroelectronics.X-CUBE-STSE01.2.0.0
2026-08-19 17:40:40,901 [WARN] PackLoader:240 - Cannot read IP mode file for STMicroelectronics.X-CUBE-SUBG2.5.0.0
2026-08-19 17:40:40,930 [WARN] PackLoader:240 - Cannot read IP mode file for STMicroelectronics.X-CUBE-AZRTOS-H7RS.1.1.0
2026-08-19 17:40:40,943 [WARN] PackLoader:240 - Cannot read IP mode file for Cesanta.I-CUBE-Mongoose.7.13.0
2026-08-19 17:40:40,965 [WARN] PackLoader:240 - Cannot read IP mode file for STMicroelectronics.X-CUBE-AZRTOS-G4.2.0.0
2026-08-19 17:40:40,975 [WARN] PackLoader:240 - Cannot read IP mode file for wolfSSL.I-CUBE-wolfSSH.1.4.20
2026-08-19 17:40:40,981 [WARN] PackLoader:240 - Cannot read IP mode file for STMicroelectronics.X-CUBE-NFC7.2.0.0
2026-08-19 17:40:40,997 [WARN] PackLoader:240 - Cannot read IP mode file for STMicroelectronics.X-CUBE-IPS.3.1.0
2026-08-19 17:40:41,022 [ERROR] Engine:466 - C:\Users\lthst\.stm32cubemx\thirdparties\pdsc\STMicroelectronics.X-CUBE-BLEMGR.4.2.0.pdsc: PDSC version is not supported
2026-08-19 17:40:41,029 [WARN] PackLoader:240 - Cannot read IP mode file for STMicroelectronics.X-CUBE-ALS.1.0.2
2026-08-19 17:40:41,038 [WARN] PackLoader:240 - Cannot read IP mode file for STMicroelectronics.X-CUBE-STSE01.1.0.0
2026-08-19 17:40:41,049 [WARN] PackLoader:240 - Cannot read IP mode file for portGmbH.I-Cube-SoM-uGOAL.1.1.0
2026-08-19 17:40:41,065 [WARN] PackLoader:240 - Cannot read IP mode file for STMicroelectronics.X-CUBE-TOF1.3.4.2
2026-08-19 17:40:41,091 [WARN] PackLoader:240 - Cannot read IP mode file for STMicroelectronics.X-CUBE-TOF1.3.4.3
2026-08-19 17:40:41,106 [INFO] ThirdParty:978 - Integrity check success = true
2026-08-19 17:40:41,107 [INFO] IntegrityCheckThread:100 - exiting critical section [integrity check]
2026-08-19 17:40:41,107 [INFO] IntegrityCheckThread:103 - End integrity checks thread
2026-08-19 17:40:41,107 [INFO] ThirdParty:873 - entering critical section [close project]
2026-08-19 17:40:41,110 [INFO] ThirdParty:883 - exiting critical section [close project]
2026-08-19 17:40:41,114 [INFO] PinOutPanel:1589 - setPackage(No Configuration,No Configuration)
2026-08-19 17:40:41,127 [INFO] UtilMem:75 - Begin LoadConfig() Used Memory: 194474304 Bytes (360710144)
2026-08-19 17:40:41,132 [INFO] MicroXplorer:468 - Change Database Path : 
2026-08-19 17:40:41,132 [INFO] MicroXplorer:498 - Change Database Version : DB.6.0.140
2026-08-19 17:40:41,133 [INFO] OpenFileManager:354 - Change cursor
2026-08-19 17:40:41,295 [INFO] Mcu:2011 - Initializing MCU STM32F429ZITx STM32F429ZITx STM32F429ZIT6
2026-08-19 17:40:46,149 [INFO] Context:756 - Trying to add GPIOservice into a context  which must be forbidden
2026-08-19 17:40:47,232 [INFO] ImportTextPane:218 - (OptionalMessage_ERROR) Pin13 (VP_RIF_VS_RIF1) cannot be retrieved for this MCU
2026-08-19 17:40:47,383 [INFO] RtosManager:558 - Registered RTOS mode: class=CMSIS, group=RTOS, mode=CMSIS_V1, owner=FREERTOS
2026-08-19 17:40:47,383 [INFO] RtosManager:558 - Registered RTOS mode: class=CMSIS, group=RTOS2, mode=CMSIS_V2, owner=FREERTOS
2026-08-19 17:40:47,383 [INFO] RtosManager:558 - Registered RTOS mode: class=RTOS, group=Core, mode=CMSIS_V1, owner=FREERTOS
2026-08-19 17:40:47,384 [INFO] RtosManager:558 - Registered RTOS mode: class=RTOS, group=Core, mode=CMSIS_V2, owner=FREERTOS
2026-08-19 17:40:47,384 [WARN] ModelIntegratedComponent:184 - Missing modes for component STMicroelectronics:FreeRTOS:0.0.1:STMicroelectronics:RTOS:FreeRTOS:Core:::10.2.0:
2026-08-19 17:40:47,537 [WARN] ModelIntegratedComponent:63 - No mode defined for component null
2026-08-19 17:40:47,537 [WARN] ModelIntegratedComponent:63 - No mode defined for component null
2026-08-19 17:40:47,537 [WARN] ModelIntegratedComponent:63 - No mode defined for component null
2026-08-19 17:40:47,537 [WARN] ModelIntegratedComponent:63 - No mode defined for component null
2026-08-19 17:40:47,538 [WARN] ModelIntegratedComponent:63 - No mode defined for component null
2026-08-19 17:40:47,538 [WARN] ModelIntegratedComponent:63 - No mode defined for component null
2026-08-19 17:40:47,538 [WARN] ModelIntegratedComponent:63 - No mode defined for component null
2026-08-19 17:40:47,538 [WARN] ModelIntegratedComponent:63 - No mode defined for component null
2026-08-19 17:40:47,538 [WARN] ModelIntegratedComponent:63 - No mode defined for component null
2026-08-19 17:40:47,538 [WARN] ModelIntegratedComponent:63 - No mode defined for component null
2026-08-19 17:40:47,538 [WARN] ModelIntegratedComponent:63 - No mode defined for component null
2026-08-19 17:40:47,538 [WARN] ModelIntegratedComponent:63 - No mode defined for component null
2026-08-19 17:40:47,538 [WARN] ModelIntegratedComponent:63 - No mode defined for component null
2026-08-19 17:40:47,539 [WARN] ModelIntegratedComponent:63 - No mode defined for component null
2026-08-19 17:40:47,539 [WARN] ModelIntegratedComponent:63 - No mode defined for component null
2026-08-19 17:40:47,539 [WARN] ModelIntegratedComponent:63 - No mode defined for component null
2026-08-19 17:40:47,539 [WARN] ModelIntegratedComponent:63 - No mode defined for component null
2026-08-19 17:40:47,539 [WARN] ModelIntegratedComponent:63 - No mode defined for component null
2026-08-19 17:40:47,539 [WARN] ModelIntegratedComponent:63 - No mode defined for component null
2026-08-19 17:40:47,539 [WARN] ModelIntegratedComponent:63 - No mode defined for component null
2026-08-19 17:40:47,539 [WARN] ModelIntegratedComponent:63 - No mode defined for component null
2026-08-19 17:40:47,539 [WARN] ModelIntegratedComponent:63 - No mode defined for component null
2026-08-19 17:40:47,540 [WARN] ModelIntegratedComponent:63 - No mode defined for component null
2026-08-19 17:40:47,540 [WARN] ModelIntegratedComponent:63 - No mode defined for component null
2026-08-19 17:40:47,540 [WARN] ModelIntegratedComponent:63 - No mode defined for component null
2026-08-19 17:40:47,540 [WARN] ModelIntegratedComponent:63 - No mode defined for component null
2026-08-19 17:40:47,540 [WARN] ModelIntegratedComponent:63 - No mode defined for component null
2026-08-19 17:40:47,540 [WARN] ModelIntegratedComponent:63 - No mode defined for component null
2026-08-19 17:40:47,540 [WARN] ModelIntegratedComponent:63 - No mode defined for component null
2026-08-19 17:40:47,540 [WARN] ModelIntegratedComponent:63 - No mode defined for component null
2026-08-19 17:40:47,541 [WARN] ModelIntegratedComponent:63 - No mode defined for component null
2026-08-19 17:40:47,541 [WARN] ModelIntegratedComponent:63 - No mode defined for component null
2026-08-19 17:40:47,541 [WARN] ModelIntegratedComponent:63 - No mode defined for component null
2026-08-19 17:40:47,541 [WARN] ModelIntegratedComponent:63 - No mode defined for component null
2026-08-19 17:40:47,541 [WARN] ModelIntegratedComponent:63 - No mode defined for component null
2026-08-19 17:40:47,541 [WARN] ModelPack:524 - Component already loaded: STMicroelectronics:HAL Drivers:0.0.0:STMicroelectronics:Device:STMicro_Driver:XSPI:HAL::0.0.1:HAL_XSPI
2026-08-19 17:40:48,018 [INFO] ThirdPartyModel:298 - Start build external matchings
2026-08-19 17:40:50,164 [INFO] ThirdPartyModel:316 - End build external matchings
2026-08-19 17:40:50,261 [INFO] ImportTextPane:218 - (OptionalMessage_ERROR) IP (RCC) : Parameter (48MHZClocksFreq_Value) has invalid value (84000000)
2026-08-19 17:40:50,261 [INFO] ImportTextPane:218 - (OptionalMessage_ERROR) IP (RCC) : Invalid parameter (FamilyName)
2026-08-19 17:40:50,261 [INFO] ImportTextPane:218 - (OptionalMessage_ERROR) IP (RCC) : Parameter (MCO2PinFreq_Value) has invalid value (168000000)
2026-08-19 17:40:50,262 [INFO] ImportTextPane:218 - (OptionalMessage_ERROR) IP (RCC) : Parameter (RTCHSEDivFreq_Value) has invalid value (4000000)
2026-08-19 17:40:51,207 [INFO] ApiDb:581 - Connected to CubeFinder SQLite database (C:\Users\lthst\.stmcufinder\plugins\mcufinder\mcu\cube-finder-db.db)
2026-08-19 17:40:51,376 [INFO] ApiDb:668 - CubeFinder database Data Model version=2.1
2026-08-19 17:40:51,376 [INFO] ApiDb:669 - CubeFinder database Configuration version=3.0.42
2026-08-19 17:40:51,376 [INFO] ApiDb:670 - CubeFinder database generation date=2026-08-04 (1785840812)
2026-08-19 17:40:51,377 [INFO] ApiDb:671 - CubeFinder database FW Pack versions=[FP-ATR-ASTRA1_V2.0.0, FP-SNS-FLIGHT1_V5.1.0, FP-SNS-MOTENV1_V5.1.0, FP-SNS-MOTENVWB1_V1.5.0, FP-SNS-SMARTAG2_V1.2.0, FP-SNS-STBOX1_V2.1.0, STM32Cube_FW_C0_V1.4.1, STM32Cube_FW_F4_V1.28.3, STM32Cube_FW_F7_V1.17.4, STM32Cube_FW_G0_V1.6.3, STM32Cube_FW_G4_V1.6.2, STM32Cube_FW_H5_V1.7.0, STM32Cube_FW_H7RS_V1.3.0, STM32Cube_FW_H7_V1.13.0, STM32Cube_FW_L0_V1.12.2, STM32Cube_FW_L4_V1.18.2, STM32Cube_FW_L5_V1.6.0, STM32Cube_FW_N6_V1.4.0, STM32Cube_FW_U0_V1.3.0, STM32Cube_FW_U3_V1.4.0, STM32Cube_FW_U5_V1.9.0, STM32Cube_FW_WB0_V1.5.0, STM32Cube_FW_WBA_V1.10.0, STM32Cube_FW_WB_V1.24.0, STM32Cube_FW_WL3_V1.5.0, STM32Cube_FW_WL_V1.6.0, X-CUBE-ALGOBUILD_V1.5.0, X-CUBE-ALS_V1.0.2, X-CUBE-AZRTOS-F4_V1.1.0, X-CUBE-AZRTOS-F7_V1.1.0, X-CUBE-AZRTOS-G0_V1.1.0, X-CUBE-AZRTOS-G4_V2.0.0, X-CUBE-AZRTOS-H7RS_V1.3.0, X-CUBE-AZRTOS-H7_V3.5.0, X-CUBE-AZRTOS-L4_V2.0.0, X-CUBE-AZRTOS-L5_V2.0.0, X-CUBE-AZRTOS-WB_V2.0.0, X-CUBE-AZRTOS-WL_V2.0.0, X-CUBE-BLE1_V7.1.0, X-CUBE-BLE2_V3.3.0, X-CUBE-BLEMGR_V4.2.0, X-CUBE-EEPRMA1_V5.2.0, X-CUBE-FREERTOS_V1.6.0, X-CUBE-GNSS1_V7.1.1, X-CUBE-MEMS1_V13.0.0, X-CUBE-NFC4_V3.0.0, X-CUBE-NFC7_V2.0.0, X-CUBE-SFXS2LP1_V4.0.0, X-CUBE-ST67W61_V1.3.0, X-CUBE-SUBG2_V5.0.0, X-CUBE-TOF1_V3.4.3]
2026-08-19 17:40:51,532 [INFO] DbBoardsSqlite:226 - include board P-NUCLEO-WB55-NUCLEO as a kit item of type 'Nucleo-64'
2026-08-19 17:40:51,533 [INFO] DbBoardsSqlite:226 - include board P-NUCLEO-WB55-USBDONGLE as a kit item of type 'Nucleo USB Dongle'
2026-08-19 17:40:51,534 [INFO] DbBoardsSqlite:226 - include board STEVAL-IDP005V1 as a kit item of type 'Evaluation Board'
2026-08-19 17:40:51,534 [INFO] DbBoardsSqlite:226 - include board STEVAL-IDP005V2 as a kit item of type 'Evaluation Board'
2026-08-19 17:40:51,962 [INFO] ApiDb:240 - Found 895 in-development CPN: [B-G473E-ZEST1S, B-WB1M-WPAN1, B-WBA5M-WPAN, B-WL5M-SUBG1, NUCLEO-C031C6, NUCLEO-C051C8, NUCLEO-C071RB, NUCLEO-C092RC, NUCLEO-H503RB, NUCLEO-H533RE, NUCLEO-H563ZI, NUCLEO-H7S3L8, NUCLEO-N657X0-Q, NUCLEO-U031R8, NUCLEO-U083RC, NUCLEO-U385RG-Q, NUCLEO-U545RE-Q, NUCLEO-U5A5ZJ-Q, NUCLEO-WB05KZ, NUCLEO-WB07CC, NUCLEO-WB09KE, NUCLEO-WBA52CG, NUCLEO-WBA55CG, NUCLEO-WBA65RI, NUCLEO-WL33CC1, NUCLEO-WL33CC2, STEVAL-PROTEUS1, STEVAL-SMARTAG2, STEVAL-STWINBX1, STM320518-EVAL, STM32C0116-DK, STM32C011D6Y3TR, STM32C011D6Y6TR, STM32C011F4P3, STM32C011F4P6, STM32C011F4U3, STM32C011F4U6TR, STM32C011F6P3, STM32C011F6P6, STM32C011F6U3, STM32C011F6U6TR, STM32C011J4M3, STM32C011J4M6, STM32C011J6M3, STM32C011J6M6, STM32C0316-DK, STM32C031C4T3, STM32C031C4T6, STM32C031C4U3, STM32C031C4U6, STM32C031C6T3, STM32C031C6T6, STM32C031C6U3, STM32C031C6U6, STM32C031F4P3, STM32C031F4P6, STM32C031F6P3, STM32C031F6P6, STM32C031G4U3, STM32C031G4U6, STM32C031G6U3, STM32C031G6U6, STM32C031K4T3, STM32C031K4T6, STM32C031K4U3, STM32C031K4U6, STM32C031K6T3, STM32C031K6T6, STM32C031K6U3, STM32C031K6U6, STM32C051C6T6, STM32C051C6U6, STM32C051C8T6, STM32C051C8U6, STM32C051D8Y6TR, STM32C051F6P6, STM32C051F8P6, STM32C051G6U6, STM32C051G8U6, STM32C051K6T6, STM32C051K6U6, STM32C051K8T6, STM32C071C8T6, STM32C071C8T6N, STM32C071C8U6, STM32C071C8U6N, STM32C071CBT6, STM32C071CBT6N, STM32C071CBU6, STM32C071CBU6N, STM32C071F8P6, STM32C071F8P6N, STM32C071FBP6, STM32C071FBP6N, STM32C071FBY6TR, STM32C071G8U6, STM32C071G8U6N, STM32C071GBU6, STM32C071GBU6N, STM32C071K8T6, STM32C071K8T6N, STM32C071K8U6, STM32C071K8U6N, STM32C071KBT6, STM32C071KBT6N, STM32C071KBU6, STM32C071KBU6N, STM32C071R8T6, STM32C071R8T6N, STM32C071RBI6N, STM32C071RBT6, STM32C071RBT6N, STM32C091CBT6, STM32C091CBU6, STM32C091CCT6, STM32C091CCU6, STM32C091ECY6TR, STM32C091FBP6, STM32C091FCP6, STM32C091GBU6, STM32C091GCU6, STM32C091KBT6, STM32C091KBU6, STM32C091KCT6, STM32C091KCU6, STM32C091RBT6, STM32C091RCI6, STM32C091RCT6, STM32C092CBT6, STM32C092CBU6, STM32C092CCT6, STM32C092CCU6, STM32C092ECY6TR, STM32C092FBP6, STM32C092FCP6, STM32C092GBU6, STM32C092GCU6, STM32C092KBT6, STM32C092KBU6, STM32C092KCT6, STM32C092KCU6, STM32C092RBT6, STM32C092RCI6, STM32C092RCT6, STM32G071K8TXN, STM32G071K8UXN, STM32G081GBU6N, STM32G081KBT6N, STM32G081KBUXN, STM32G0B1CCT6N, STM32G0B1KCT6, STM32G0B1NEY6TR, STM32G0B1RCT6N, STM32G0C1CCT6, STM32G0C1CCT6N, STM32G0C1CCU6N, STM32G0C1CET6N, STM32G0C1CEU6N, STM32G0C1KCT6, STM32G0C1NEY6TR, STM32G0C1RCI6N, STM32G0C1RCT6N, STM32G0C1REI6N, STM32G0C1RET6N, STM32G0C1VCI6, STM32G0C1VEI6, STM32G411C6T3, STM32G411C6T6, STM32G411C6U3, STM32G411C6U6, STM32G411C8T3, STM32G411C8T6, STM32G411C8U3, STM32G411C8U6, STM32G411CBT3, STM32G411CBT6, STM32G411CBU3, STM32G411CBU6, STM32G411CCT3, STM32G411CCT6, STM32G411CCU3, STM32G411CCU6, STM32G411K6T3, STM32G411K6T6, STM32G411K6U3, STM32G411K6U6, STM32G411K8T3, STM32G411K8T6, STM32G411K8U3, STM32G411K8U6, STM32G411KBT3, STM32G411KBT6, STM32G411KBU3, STM32G411KBU6, STM32G411M6T3, STM32G411M6T6, STM32G411M8T3, STM32G411M8T6, STM32G411MBT3, STM32G411MBT6, STM32G411MCT3, STM32G411MCT6, STM32G411R6T3, STM32G411R6T6, STM32G411R8T3, STM32G411R8T6, STM32G411RBT3, STM32G411RBT6, STM32G411RCT3, STM32G411RCT6, STM32G414CBT3, STM32G414CBT6, STM32G414CBU3, STM32G414CBU6, STM32G414CCT3, STM32G414CCT6, STM32G414CCU3, STM32G414CCU6, STM32G414MBT3, STM32G414MBT6, STM32G414MCT3, STM32G414MCT6, STM32G414RBT3, STM32G414RBT6, STM32G414RCT3, STM32G414RCT6, STM32G414VBT3, STM32G414VBT6, STM32G414VCT3, STM32G414VCT6, STM32G431CBT3Z, STM32G431RBT3Z, STM32G471CCT6, STM32G471CCU6, STM32G471CET3, STM32G471CET6, STM32G471CEU3, STM32G471CEU6, STM32G471MCT6, STM32G471MET3, STM32G471MET6, STM32G471MEY6TR, STM32G471QCT6, STM32G471QET3, STM32G471RCT6, STM32G471RET3, STM32G471RET6, STM32G471VCH6, STM32G471VCI6, STM32G471VCT6, STM32G471VEH3, STM32G471VEH6, STM32G471VEI3, STM32G471VEI6, STM32G471VET3, STM32G471VET6, STM32G473QET3Z, STM32G473RET3Z, STM32G474CCT6, STM32G491RET3Z, STM32H503CBT6, STM32H503CBU6, STM32H503EBY6TR, STM32H503KBU6, STM32H503RBT6, STM32H523CCT6, STM32H523CCU6, STM32H523CET6, STM32H523CEU6, STM32H523HEY6TR, STM32H523RCT6, STM32H523RET6, STM32H523VCI6, STM32H523VCT6, STM32H523VEI6, STM32H523VET6, STM32H523ZCJ6, STM32H523ZCT6, STM32H523ZEJ6, STM32H523ZET6, STM32H533CET6, STM32H533CEU6, STM32H533HEY6TR, STM32H533RET6, STM32H533VEI6, STM32H533VET6, STM32H533ZEJ6, STM32H533ZET6, STM32H562AGI6, STM32H562AII6, STM32H562IGK6, STM32H562IGT6, STM32H562IIK6, STM32H562IIT6, STM32H562RGT6, STM32H562RGV6, STM32H562RIT6, STM32H562RIV6, STM32H562VGT6, STM32H562VIT6, STM32H562ZGT6, STM32H562ZIT6, STM32H563AGI6, STM32H563AII3Q, STM32H563AII6, STM32H563IGK6, STM32H563IGT6, STM32H563IIK3Q, STM32H563IIK6, STM32H563IIT3Q, STM32H563IIT6, STM32H563MIY3QTR, STM32H563RGT6, STM32H563RGV6, STM32H563RIT6, STM32H563RIV6, STM32H563VGT6, STM32H563VIT3Q, STM32H563VIT6, STM32H563ZGT6, STM32H563ZIT3Q, STM32H563ZIT6, STM32H573AII3Q, STM32H573AII6, STM32H573I-DK, STM32H573IIK3Q, STM32H573IIK6, STM32H573IIT3Q, STM32H573IIT6, STM32H573MIY3QTR, STM32H573RIT6, STM32H573RIV6, STM32H573VIT3Q, STM32H573VIT6, STM32H573ZIT3Q, STM32H573ZIT6, STM32H7R3A8I6, STM32H7R3I8K6, STM32H7R3I8T6, STM32H7R3L8H6, STM32H7R3L8H6H, STM32H7R3R8V6, STM32H7R3V8H6, STM32H7R3V8T6, STM32H7R3V8Y6TR, STM32H7R3Z8J6, STM32H7R3Z8T6, STM32H7R7A8I6, STM32H7R7I8K6, STM32H7R7I8T6, STM32H7R7L8H6, STM32H7R7L8H6H, STM32H7R7Z8J6, STM32H7S3A8I6, STM32H7S3I8K6, STM32H7S3I8T6, STM32H7S3L8H6, STM32H7S3L8H6H, STM32H7S3R8V6, STM32H7S3V8H6, STM32H7S3V8T6, STM32H7S3V8Y6TR, STM32H7S3Z8J6, STM32H7S3Z8T6, STM32H7S78-DK, STM32H7S7A8I6, STM32H7S7I8K6, STM32H7S7I8T6, STM32H7S7L8H6, STM32H7S7L8H6H, STM32H7S7Z8J6, STM32L4R5QGI6STR, STM32MP131AAE3, STM32MP131AAF3, STM32MP131AAG3, STM32MP131CAE3, STM32MP131CAF3, STM32MP131CAG3, STM32MP131DAE7, STM32MP131DAF7, STM32MP131DAG7, STM32MP131FAE7, STM32MP131FAF7, STM32MP131FAG7, STM32MP133AAE3, STM32MP133AAF3, STM32MP133AAG3, STM32MP133CAE3, STM32MP133CAF3, STM32MP133CAG3, STM32MP133DAE7, STM32MP133DAF7, STM32MP133DAG7, STM32MP133FAE7, STM32MP133FAF7, STM32MP133FAG7, STM32MP135AAE3, STM32MP135AAF3, STM32MP135AAG3, STM32MP135CAE3, STM32MP135CAF3, STM32MP135CAG3, STM32MP135DAE7, STM32MP135DAF7, STM32MP135DAG7, STM32MP135F-DK, STM32MP135FAE7, STM32MP135FAF7, STM32MP135FAF7T, STM32MP135FAF7U, STM32MP135FAG7, STM32MP231AAJ3, STM32MP231AAK3, STM32MP231AAL3, STM32MP231CAJ3, STM32MP231CAK3, STM32MP231CAL3, STM32MP231DAJ3, STM32MP231DAK3, STM32MP231DAL3, STM32MP231FAJ3, STM32MP231FAK3, STM32MP231FAL3, STM32MP233AAJ3, STM32MP233AAK3, STM32MP233AAL3, STM32MP233CAJ3, STM32MP233CAK3, STM32MP233CAL3, STM32MP233DAJ3, STM32MP233DAK3, STM32MP233DAL3, STM32MP233FAJ3, STM32MP233FAK3, STM32MP233FAL3, STM32MP235AAJ3, STM32MP235AAK3, STM32MP235AAL3, STM32MP235CAJ3, STM32MP235CAK3, STM32MP235CAL3, STM32MP235DAJ3, STM32MP235DAK3, STM32MP235DAL3, STM32MP235FAJ3, STM32MP235FAK3, STM32MP235FAL3, STM32MP251AAI3, STM32MP251AAJ3, STM32MP251AAK3, STM32MP251AAL3, STM32MP251CAI3, STM32MP251CAJ3, STM32MP251CAK3, STM32MP251CAL3, STM32MP251DAI3, STM32MP251DAJ3, STM32MP251DAK3, STM32MP251DAL3, STM32MP251FAI3, STM32MP251FAJ3, STM32MP251FAK3, STM32MP251FAL3, STM32MP253AAI3, STM32MP253AAJ3, STM32MP253AAK3, STM32MP253AAL3, STM32MP253CAI3, STM32MP253CAJ3, STM32MP253CAK3, STM32MP253CAL3, STM32MP253DAI3, STM32MP253DAJ3, STM32MP253DAK3, STM32MP253DAL3, STM32MP253FAI3, STM32MP253FAJ3, STM32MP253FAK3, STM32MP253FAL3, STM32MP255AAI3, STM32MP255AAJ3, STM32MP255AAK3, STM32MP255AAL3, STM32MP255CAI3, STM32MP255CAJ3, STM32MP255CAK3, STM32MP255CAL3, STM32MP255DAI3, STM32MP255DAJ3, STM32MP255DAK3, STM32MP255DAL3, STM32MP255FAI3, STM32MP255FAJ3, STM32MP255FAK3, STM32MP255FAL3, STM32MP257AAI3, STM32MP257AAJ3, STM32MP257AAK3, STM32MP257AAL3, STM32MP257CAI3, STM32MP257CAJ3, STM32MP257CAK3, STM32MP257CAL3, STM32MP257DAI3, STM32MP257DAJ3, STM32MP257DAK3, STM32MP257DAL3, STM32MP257F-DK, STM32MP257F-EV1, STM32MP257FAI3, STM32MP257FAJ3, STM32MP257FAK3, STM32MP257FAL3, STM32N645A0H3Q, STM32N645B0H3Q, STM32N645I0H3Q, STM32N645L0H3Q, STM32N645X0H3Q, STM32N645Z0H3Q, STM32N647A0H3Q, STM32N647B0H3Q, STM32N647I0H3Q, STM32N647L0H3Q, STM32N647X0H3Q, STM32N647Z0H3Q, STM32N655A0H3Q, STM32N655B0H3Q, STM32N655I0H3Q, STM32N655L0H3Q, STM32N655X0H3Q, STM32N655Z0H3Q, STM32N6570-DK, STM32N657A0H3Q, STM32N657B0H3Q, STM32N657I0H3Q, STM32N657L0H3Q, STM32N657X0H3Q, STM32N657Z0H3Q, STM32U031C6T6, STM32U031C6U6, STM32U031C8T6, STM32U031C8U6, STM32U031F4P6, STM32U031F6P6, STM32U031F8P6, STM32U031G6Y6TR, STM32U031G8Y6TR, STM32U031K4U6, STM32U031K6U6, STM32U031K8U6, STM32U031R6I6, STM32U031R6T6, STM32U031R8I6, STM32U031R8T6, STM32U073C8T6, STM32U073C8U6, STM32U073CBT6, STM32U073CBU6, STM32U073CCT6, STM32U073CCU6, STM32U073H8Y6TR, STM32U073HBY6TR, STM32U073HCY6TR, STM32U073K8U6, STM32U073KBU6, STM32U073KCU6, STM32U073M8I6, STM32U073M8T6, STM32U073MBI6, STM32U073MBT6, STM32U073MCI6, STM32U073MCT6, STM32U073R8I6, STM32U073R8T6, STM32U073RBI6, STM32U073RBT6, STM32U073RCI6, STM32U073RCT6, STM32U083C-DK, STM32U083CCT6, STM32U083CCU6, STM32U083HCY6TR, STM32U083KCU6, STM32U083MCI6, STM32U083MCT6, STM32U083RCI6, STM32U083RCT6, STM32U375CET6, STM32U375CET6Q, STM32U375CEU6, STM32U375CEU6Q, STM32U375CEY6QTR, STM32U375CGT6, STM32U375CGT6Q, STM32U375CGU6, STM32U375CGU6Q, STM32U375CGY6QTR, STM32U375KEU6, STM32U375KGU6, STM32U375REI6, STM32U375REI6Q, STM32U375RET6, STM32U375RET6Q, STM32U375REY6GTR, STM32U375REY6QTR, STM32U375RGI6, STM32U375RGI6Q, STM32U375RGT6, STM32U375RGT6Q, STM32U375RGY6GTR, STM32U375RGY6QTR, STM32U375VEI6, STM32U375VEI6Q, STM32U375VET6, STM32U375VET6Q, STM32U375VGI6, STM32U375VGI6Q, STM32U375VGT6, STM32U375VGT6Q, STM32U385CGT6, STM32U385CGT6Q, STM32U385CGU6, STM32U385CGU6Q, STM32U385CGY6QTR, STM32U385KGU6, STM32U385RGI6, STM32U385RGI6Q, STM32U385RGT6, STM32U385RGT6Q, STM32U385RGY6GTR, STM32U385RGY6QTR, STM32U385VGI6, STM32U385VGI6Q, STM32U385VGT6, STM32U385VGT6Q, STM32U535CBT6, STM32U535CBT6Q, STM32U535CBU6, STM32U535CBU6Q, STM32U535CCT6, STM32U535CCT6Q, STM32U535CCU6, STM32U535CCU6Q, STM32U535CET6, STM32U535CET6Q, STM32U535CEU6, STM32U535CEU6Q, STM32U535JEY6QTR, STM32U535NCY6QTR, STM32U535NEY6QTR, STM32U535RBI6, STM32U535RBI6Q, STM32U535RBT6, STM32U535RBT6Q, STM32U535RCI6, STM32U535RCI6Q, STM32U535RCT6, STM32U535RCT6Q, STM32U535REI6, STM32U535REI6Q, STM32U535RET6, STM32U535RET6Q, STM32U535VCI6, STM32U535VCI6Q, STM32U535VCT6, STM32U535VCT6Q, STM32U535VEI6, STM32U535VEI6Q, STM32U535VET6, STM32U535VET6Q, STM32U545CET6, STM32U545CET6Q, STM32U545CEU6, STM32U545CEU6Q, STM32U545JEY6QTR, STM32U545NEY6QTR, STM32U545REI6, STM32U545REI6Q, STM32U545RET6, STM32U545RET6Q, STM32U545VEI6, STM32U545VEI6Q, STM32U545VET6, STM32U545VET6Q, STM32U595AIH6, STM32U595AIH6Q, STM32U595AJH6, STM32U595AJH6Q, STM32U595QII6, STM32U595QII6Q, STM32U595QJI6, STM32U595QJI6Q, STM32U595RIT6, STM32U595RIT6Q, STM32U595RJT6, STM32U595RJT6Q, STM32U595VIT6, STM32U595VIT6Q, STM32U595VJT6, STM32U595VJT6Q, STM32U595ZIT6, STM32U595ZIT6Q, STM32U595ZIY6QTR, STM32U595ZJT6, STM32U595ZJT6Q, STM32U595ZJY6QTR, STM32U599BJY6QTR, STM32U599NIH6Q, STM32U599NJH6Q, STM32U599VIT6Q, STM32U599VJT6, STM32U599VJT6Q, STM32U599ZIT6Q, STM32U599ZIY6QTR, STM32U599ZJT6Q, STM32U599ZJY6QTR, STM32U5A5AJH6, STM32U5A5AJH6Q, STM32U5A5QII3Q , STM32U5A5QJI6, STM32U5A5QJI6Q, STM32U5A5RJT6, STM32U5A5RJT6Q, STM32U5A5VJT6, STM32U5A5VJT6Q, STM32U5A5ZJT6, STM32U5A5ZJT6Q, STM32U5A5ZJY6QTR, STM32U5A9BJY6QTR, STM32U5A9J-DK, STM32U5A9NJH6Q, STM32U5A9VJT6Q, STM32U5A9ZJT6Q, STM32U5A9ZJY6QTR, STM32U5F7VIT6, STM32U5F7VIT6Q, STM32U5F7VJT6, STM32U5F7VJT6Q, STM32U5F9BJY6QTR, STM32U5F9NJH6Q, STM32U5F9VIT6Q, STM32U5F9VJT6Q, STM32U5F9ZIJ6QTR, STM32U5F9ZIT6Q, STM32U5F9ZJJ6QTR, STM32U5F9ZJT6Q, STM32U5G7VJT6, STM32U5G7VJT6Q, STM32U5G9BJY6QTR, STM32U5G9J-DK1, STM32U5G9J-DK2, STM32U5G9NJH6Q, STM32U5G9VJT6Q, STM32U5G9ZJJ6QTR, STM32U5G9ZJT6Q, STM32WB05KZV6TR, STM32WB05KZV7TR, STM32WB05TZF6TR, STM32WB05TZF7TR, STM32WB06CCF6TR, STM32WB06CCF7TR, STM32WB06CCV6TR, STM32WB06CCV7TR, STM32WB06KCV6TR, STM32WB06KCV7TR, STM32WB07CCF6TR, STM32WB07CCF7TR, STM32WB07CCV6TR, STM32WB07CCV7TR, STM32WB07KCV6TR, STM32WB07KCV7TR, STM32WB09KEV6TR, STM32WB09KEV7TR, STM32WB09TEF6TR, STM32WB09TEF7TR, STM32WB1MMCH6, STM32WBA50KGU6, STM32WBA50KGU6TR, STM32WBA52CEU6, STM32WBA52CEU6TR, STM32WBA52CEU7, STM32WBA52CEU7TR, STM32WBA52CGU6, STM32WBA52CGU6TR, STM32WBA52CGU6U, STM32WBA52CGU7, STM32WBA52CGU7TR, STM32WBA52KEU6, STM32WBA52KEU6TR, STM32WBA52KGU6, STM32WBA52KGU6TR, STM32WBA54CEU6, STM32WBA54CEU6TR, STM32WBA54CEU7, STM32WBA54CEU7TR, STM32WBA54CGU6, STM32WBA54CGU6TR, STM32WBA54CGU7, STM32WBA54CGU7TR, STM32WBA54KEU6, STM32WBA54KEU6TR, STM32WBA54KEU7, STM32WBA54KEU7TR, STM32WBA54KGU6, STM32WBA54KGU6TR, STM32WBA54KGU7, STM32WBA54KGU7TR, STM32WBA55CEU6, STM32WBA55CEU6TR, STM32WBA55CEU7, STM32WBA55CEU7TR, STM32WBA55CGU6, STM32WBA55CGU6TR, STM32WBA55CGU6U, STM32WBA55CGU7, STM32WBA55CGU7TR, STM32WBA55G-DK1, STM32WBA55HEF6, STM32WBA55HEF7, STM32WBA55HGF6, STM32WBA55HGF7, STM32WBA55UEI6, STM32WBA55UEI6TR, STM32WBA55UEI7, STM32WBA55UEI7TR, STM32WBA55UGI6, STM32WBA55UGI6TR, STM32WBA55UGI7, STM32WBA55UGI7TR, STM32WBA5MJGH6TR, STM32WBA62CGU6, STM32WBA62CIU6, STM32WBA62MGF6, STM32WBA62MIF6, STM32WBA62PGI6, STM32WBA62PII6, STM32WBA63CGU6, STM32WBA63CGU7, STM32WBA63CIU6, STM32WBA63CIU7, STM32WBA64CGU6, STM32WBA64CGU7, STM32WBA64CIU6, STM32WBA64CIU7, STM32WBA65CGU6, STM32WBA65CGU7, STM32WBA65CIU6, STM32WBA65CIU7, STM32WBA65I-DK1, STM32WBA65MGF6, STM32WBA65MGF7, STM32WBA65MIF6, STM32WBA65MIF7, STM32WBA65PGI6, STM32WBA65PGI7, STM32WBA65PII6, STM32WBA65PII7, STM32WBA65RGV6, STM32WBA65RGV7, STM32WBA65RIV6, STM32WBA65RIV7, STM32WL30K8V6, STM32WL30KBV6, STM32WL31C8V6, STM32WL31CBV6, STM32WL31K8V6, STM32WL31KBV6, STM32WL33C8V6, STM32WL33C8V6TR, STM32WL33C8V7, STM32WL33C8V7TR, STM32WL33CBV6, STM32WL33CBV6TR, STM32WL33CBV7, STM32WL33CBV7TR, STM32WL33CCV6, STM32WL33CCV6TR, STM32WL33CCV7, STM32WL33CCV7A, STM32WL33CCV7ATR, STM32WL33CCV7TR, STM32WL33K8V6, STM32WL33K8V6TR, STM32WL33K8V7, STM32WL33K8V7TR, STM32WL33KBV6, STM32WL33KBV6TR, STM32WL33KBV7, STM32WL33KBV7TR, STM32WL33KCV6, STM32WL33KCV6TR, STM32WL33KCV7, STM32WL33KCV7TR, STM32WL5MOCH6, STM32WL5MOCH6TR]
2026-08-19 17:40:51,969 [INFO] ApiDb:668 - CubeFinder database Data Model version=2.1
2026-08-19 17:40:51,969 [INFO] ApiDb:669 - CubeFinder database Configuration version=3.0.42
2026-08-19 17:40:51,969 [INFO] ApiDb:670 - CubeFinder database generation date=2026-08-04 (1785840812)
2026-08-19 17:40:51,969 [INFO] ApiDb:671 - CubeFinder database FW Pack versions=[FP-ATR-ASTRA1_V2.0.0, FP-SNS-FLIGHT1_V5.1.0, FP-SNS-MOTENV1_V5.1.0, FP-SNS-MOTENVWB1_V1.5.0, FP-SNS-SMARTAG2_V1.2.0, FP-SNS-STBOX1_V2.1.0, STM32Cube_FW_C0_V1.4.1, STM32Cube_FW_F4_V1.28.3, STM32Cube_FW_F7_V1.17.4, STM32Cube_FW_G0_V1.6.3, STM32Cube_FW_G4_V1.6.2, STM32Cube_FW_H5_V1.7.0, STM32Cube_FW_H7RS_V1.3.0, STM32Cube_FW_H7_V1.13.0, STM32Cube_FW_L0_V1.12.2, STM32Cube_FW_L4_V1.18.2, STM32Cube_FW_L5_V1.6.0, STM32Cube_FW_N6_V1.4.0, STM32Cube_FW_U0_V1.3.0, STM32Cube_FW_U3_V1.4.0, STM32Cube_FW_U5_V1.9.0, STM32Cube_FW_WB0_V1.5.0, STM32Cube_FW_WBA_V1.10.0, STM32Cube_FW_WB_V1.24.0, STM32Cube_FW_WL3_V1.5.0, STM32Cube_FW_WL_V1.6.0, X-CUBE-ALGOBUILD_V1.5.0, X-CUBE-ALS_V1.0.2, X-CUBE-AZRTOS-F4_V1.1.0, X-CUBE-AZRTOS-F7_V1.1.0, X-CUBE-AZRTOS-G0_V1.1.0, X-CUBE-AZRTOS-G4_V2.0.0, X-CUBE-AZRTOS-H7RS_V1.3.0, X-CUBE-AZRTOS-H7_V3.5.0, X-CUBE-AZRTOS-L4_V2.0.0, X-CUBE-AZRTOS-L5_V2.0.0, X-CUBE-AZRTOS-WB_V2.0.0, X-CUBE-AZRTOS-WL_V2.0.0, X-CUBE-BLE1_V7.1.0, X-CUBE-BLE2_V3.3.0, X-CUBE-BLEMGR_V4.2.0, X-CUBE-EEPRMA1_V5.2.0, X-CUBE-FREERTOS_V1.6.0, X-CUBE-GNSS1_V7.1.1, X-CUBE-MEMS1_V13.0.0, X-CUBE-NFC4_V3.0.0, X-CUBE-NFC7_V2.0.0, X-CUBE-SFXS2LP1_V4.0.0, X-CUBE-ST67W61_V1.3.0, X-CUBE-SUBG2_V5.0.0, X-CUBE-TOF1_V3.4.3]
2026-08-19 17:40:56,527 [INFO] ApiDb:240 - Found 895 in-development CPN: [B-G473E-ZEST1S, B-WB1M-WPAN1, B-WBA5M-WPAN, B-WL5M-SUBG1, NUCLEO-C031C6, NUCLEO-C051C8, NUCLEO-C071RB, NUCLEO-C092RC, NUCLEO-H503RB, NUCLEO-H533RE, NUCLEO-H563ZI, NUCLEO-H7S3L8, NUCLEO-N657X0-Q, NUCLEO-U031R8, NUCLEO-U083RC, NUCLEO-U385RG-Q, NUCLEO-U545RE-Q, NUCLEO-U5A5ZJ-Q, NUCLEO-WB05KZ, NUCLEO-WB07CC, NUCLEO-WB09KE, NUCLEO-WBA52CG, NUCLEO-WBA55CG, NUCLEO-WBA65RI, NUCLEO-WL33CC1, NUCLEO-WL33CC2, STEVAL-PROTEUS1, STEVAL-SMARTAG2, STEVAL-STWINBX1, STM320518-EVAL, STM32C0116-DK, STM32C011D6Y3TR, STM32C011D6Y6TR, STM32C011F4P3, STM32C011F4P6, STM32C011F4U3, STM32C011F4U6TR, STM32C011F6P3, STM32C011F6P6, STM32C011F6U3, STM32C011F6U6TR, STM32C011J4M3, STM32C011J4M6, STM32C011J6M3, STM32C011J6M6, STM32C0316-DK, STM32C031C4T3, STM32C031C4T6, STM32C031C4U3, STM32C031C4U6, STM32C031C6T3, STM32C031C6T6, STM32C031C6U3, STM32C031C6U6, STM32C031F4P3, STM32C031F4P6, STM32C031F6P3, STM32C031F6P6, STM32C031G4U3, STM32C031G4U6, STM32C031G6U3, STM32C031G6U6, STM32C031K4T3, STM32C031K4T6, STM32C031K4U3, STM32C031K4U6, STM32C031K6T3, STM32C031K6T6, STM32C031K6U3, STM32C031K6U6, STM32C051C6T6, STM32C051C6U6, STM32C051C8T6, STM32C051C8U6, STM32C051D8Y6TR, STM32C051F6P6, STM32C051F8P6, STM32C051G6U6, STM32C051G8U6, STM32C051K6T6, STM32C051K6U6, STM32C051K8T6, STM32C071C8T6, STM32C071C8T6N, STM32C071C8U6, STM32C071C8U6N, STM32C071CBT6, STM32C071CBT6N, STM32C071CBU6, STM32C071CBU6N, STM32C071F8P6, STM32C071F8P6N, STM32C071FBP6, STM32C071FBP6N, STM32C071FBY6TR, STM32C071G8U6, STM32C071G8U6N, STM32C071GBU6, STM32C071GBU6N, STM32C071K8T6, STM32C071K8T6N, STM32C071K8U6, STM32C071K8U6N, STM32C071KBT6, STM32C071KBT6N, STM32C071KBU6, STM32C071KBU6N, STM32C071R8T6, STM32C071R8T6N, STM32C071RBI6N, STM32C071RBT6, STM32C071RBT6N, STM32C091CBT6, STM32C091CBU6, STM32C091CCT6, STM32C091CCU6, STM32C091ECY6TR, STM32C091FBP6, STM32C091FCP6, STM32C091GBU6, STM32C091GCU6, STM32C091KBT6, STM32C091KBU6, STM32C091KCT6, STM32C091KCU6, STM32C091RBT6, STM32C091RCI6, STM32C091RCT6, STM32C092CBT6, STM32C092CBU6, STM32C092CCT6, STM32C092CCU6, STM32C092ECY6TR, STM32C092FBP6, STM32C092FCP6, STM32C092GBU6, STM32C092GCU6, STM32C092KBT6, STM32C092KBU6, STM32C092KCT6, STM32C092KCU6, STM32C092RBT6, STM32C092RCI6, STM32C092RCT6, STM32G071K8TXN, STM32G071K8UXN, STM32G081GBU6N, STM32G081KBT6N, STM32G081KBUXN, STM32G0B1CCT6N, STM32G0B1KCT6, STM32G0B1NEY6TR, STM32G0B1RCT6N, STM32G0C1CCT6, STM32G0C1CCT6N, STM32G0C1CCU6N, STM32G0C1CET6N, STM32G0C1CEU6N, STM32G0C1KCT6, STM32G0C1NEY6TR, STM32G0C1RCI6N, STM32G0C1RCT6N, STM32G0C1REI6N, STM32G0C1RET6N, STM32G0C1VCI6, STM32G0C1VEI6, STM32G411C6T3, STM32G411C6T6, STM32G411C6U3, STM32G411C6U6, STM32G411C8T3, STM32G411C8T6, STM32G411C8U3, STM32G411C8U6, STM32G411CBT3, STM32G411CBT6, STM32G411CBU3, STM32G411CBU6, STM32G411CCT3, STM32G411CCT6, STM32G411CCU3, STM32G411CCU6, STM32G411K6T3, STM32G411K6T6, STM32G411K6U3, STM32G411K6U6, STM32G411K8T3, STM32G411K8T6, STM32G411K8U3, STM32G411K8U6, STM32G411KBT3, STM32G411KBT6, STM32G411KBU3, STM32G411KBU6, STM32G411M6T3, STM32G411M6T6, STM32G411M8T3, STM32G411M8T6, STM32G411MBT3, STM32G411MBT6, STM32G411MCT3, STM32G411MCT6, STM32G411R6T3, STM32G411R6T6, STM32G411R8T3, STM32G411R8T6, STM32G411RBT3, STM32G411RBT6, STM32G411RCT3, STM32G411RCT6, STM32G414CBT3, STM32G414CBT6, STM32G414CBU3, STM32G414CBU6, STM32G414CCT3, STM32G414CCT6, STM32G414CCU3, STM32G414CCU6, STM32G414MBT3, STM32G414MBT6, STM32G414MCT3, STM32G414MCT6, STM32G414RBT3, STM32G414RBT6, STM32G414RCT3, STM32G414RCT6, STM32G414VBT3, STM32G414VBT6, STM32G414VCT3, STM32G414VCT6, STM32G431CBT3Z, STM32G431RBT3Z, STM32G471CCT6, STM32G471CCU6, STM32G471CET3, STM32G471CET6, STM32G471CEU3, STM32G471CEU6, STM32G471MCT6, STM32G471MET3, STM32G471MET6, STM32G471MEY6TR, STM32G471QCT6, STM32G471QET3, STM32G471RCT6, STM32G471RET3, STM32G471RET6, STM32G471VCH6, STM32G471VCI6, STM32G471VCT6, STM32G471VEH3, STM32G471VEH6, STM32G471VEI3, STM32G471VEI6, STM32G471VET3, STM32G471VET6, STM32G473QET3Z, STM32G473RET3Z, STM32G474CCT6, STM32G491RET3Z, STM32H503CBT6, STM32H503CBU6, STM32H503EBY6TR, STM32H503KBU6, STM32H503RBT6, STM32H523CCT6, STM32H523CCU6, STM32H523CET6, STM32H523CEU6, STM32H523HEY6TR, STM32H523RCT6, STM32H523RET6, STM32H523VCI6, STM32H523VCT6, STM32H523VEI6, STM32H523VET6, STM32H523ZCJ6, STM32H523ZCT6, STM32H523ZEJ6, STM32H523ZET6, STM32H533CET6, STM32H533CEU6, STM32H533HEY6TR, STM32H533RET6, STM32H533VEI6, STM32H533VET6, STM32H533ZEJ6, STM32H533ZET6, STM32H562AGI6, STM32H562AII6, STM32H562IGK6, STM32H562IGT6, STM32H562IIK6, STM32H562IIT6, STM32H562RGT6, STM32H562RGV6, STM32H562RIT6, STM32H562RIV6, STM32H562VGT6, STM32H562VIT6, STM32H562ZGT6, STM32H562ZIT6, STM32H563AGI6, STM32H563AII3Q, STM32H563AII6, STM32H563IGK6, STM32H563IGT6, STM32H563IIK3Q, STM32H563IIK6, STM32H563IIT3Q, STM32H563IIT6, STM32H563MIY3QTR, STM32H563RGT6, STM32H563RGV6, STM32H563RIT6, STM32H563RIV6, STM32H563VGT6, STM32H563VIT3Q, STM32H563VIT6, STM32H563ZGT6, STM32H563ZIT3Q, STM32H563ZIT6, STM32H573AII3Q, STM32H573AII6, STM32H573I-DK, STM32H573IIK3Q, STM32H573IIK6, STM32H573IIT3Q, STM32H573IIT6, STM32H573MIY3QTR, STM32H573RIT6, STM32H573RIV6, STM32H573VIT3Q, STM32H573VIT6, STM32H573ZIT3Q, STM32H573ZIT6, STM32H7R3A8I6, STM32H7R3I8K6, STM32H7R3I8T6, STM32H7R3L8H6, STM32H7R3L8H6H, STM32H7R3R8V6, STM32H7R3V8H6, STM32H7R3V8T6, STM32H7R3V8Y6TR, STM32H7R3Z8J6, STM32H7R3Z8T6, STM32H7R7A8I6, STM32H7R7I8K6, STM32H7R7I8T6, STM32H7R7L8H6, STM32H7R7L8H6H, STM32H7R7Z8J6, STM32H7S3A8I6, STM32H7S3I8K6, STM32H7S3I8T6, STM32H7S3L8H6, STM32H7S3L8H6H, STM32H7S3R8V6, STM32H7S3V8H6, STM32H7S3V8T6, STM32H7S3V8Y6TR, STM32H7S3Z8J6, STM32H7S3Z8T6, STM32H7S78-DK, STM32H7S7A8I6, STM32H7S7I8K6, STM32H7S7I8T6, STM32H7S7L8H6, STM32H7S7L8H6H, STM32H7S7Z8J6, STM32L4R5QGI6STR, STM32MP131AAE3, STM32MP131AAF3, STM32MP131AAG3, STM32MP131CAE3, STM32MP131CAF3, STM32MP131CAG3, STM32MP131DAE7, STM32MP131DAF7, STM32MP131DAG7, STM32MP131FAE7, STM32MP131FAF7, STM32MP131FAG7, STM32MP133AAE3, STM32MP133AAF3, STM32MP133AAG3, STM32MP133CAE3, STM32MP133CAF3, STM32MP133CAG3, STM32MP133DAE7, STM32MP133DAF7, STM32MP133DAG7, STM32MP133FAE7, STM32MP133FAF7, STM32MP133FAG7, STM32MP135AAE3, STM32MP135AAF3, STM32MP135AAG3, STM32MP135CAE3, STM32MP135CAF3, STM32MP135CAG3, STM32MP135DAE7, STM32MP135DAF7, STM32MP135DAG7, STM32MP135F-DK, STM32MP135FAE7, STM32MP135FAF7, STM32MP135FAF7T, STM32MP135FAF7U, STM32MP135FAG7, STM32MP231AAJ3, STM32MP231AAK3, STM32MP231AAL3, STM32MP231CAJ3, STM32MP231CAK3, STM32MP231CAL3, STM32MP231DAJ3, STM32MP231DAK3, STM32MP231DAL3, STM32MP231FAJ3, STM32MP231FAK3, STM32MP231FAL3, STM32MP233AAJ3, STM32MP233AAK3, STM32MP233AAL3, STM32MP233CAJ3, STM32MP233CAK3, STM32MP233CAL3, STM32MP233DAJ3, STM32MP233DAK3, STM32MP233DAL3, STM32MP233FAJ3, STM32MP233FAK3, STM32MP233FAL3, STM32MP235AAJ3, STM32MP235AAK3, STM32MP235AAL3, STM32MP235CAJ3, STM32MP235CAK3, STM32MP235CAL3, STM32MP235DAJ3, STM32MP235DAK3, STM32MP235DAL3, STM32MP235FAJ3, STM32MP235FAK3, STM32MP235FAL3, STM32MP251AAI3, STM32MP251AAJ3, STM32MP251AAK3, STM32MP251AAL3, STM32MP251CAI3, STM32MP251CAJ3, STM32MP251CAK3, STM32MP251CAL3, STM32MP251DAI3, STM32MP251DAJ3, STM32MP251DAK3, STM32MP251DAL3, STM32MP251FAI3, STM32MP251FAJ3, STM32MP251FAK3, STM32MP251FAL3, STM32MP253AAI3, STM32MP253AAJ3, STM32MP253AAK3, STM32MP253AAL3, STM32MP253CAI3, STM32MP253CAJ3, STM32MP253CAK3, STM32MP253CAL3, STM32MP253DAI3, STM32MP253DAJ3, STM32MP253DAK3, STM32MP253DAL3, STM32MP253FAI3, STM32MP253FAJ3, STM32MP253FAK3, STM32MP253FAL3, STM32MP255AAI3, STM32MP255AAJ3, STM32MP255AAK3, STM32MP255AAL3, STM32MP255CAI3, STM32MP255CAJ3, STM32MP255CAK3, STM32MP255CAL3, STM32MP255DAI3, STM32MP255DAJ3, STM32MP255DAK3, STM32MP255DAL3, STM32MP255FAI3, STM32MP255FAJ3, STM32MP255FAK3, STM32MP255FAL3, STM32MP257AAI3, STM32MP257AAJ3, STM32MP257AAK3, STM32MP257AAL3, STM32MP257CAI3, STM32MP257CAJ3, STM32MP257CAK3, STM32MP257CAL3, STM32MP257DAI3, STM32MP257DAJ3, STM32MP257DAK3, STM32MP257DAL3, STM32MP257F-DK, STM32MP257F-EV1, STM32MP257FAI3, STM32MP257FAJ3, STM32MP257FAK3, STM32MP257FAL3, STM32N645A0H3Q, STM32N645B0H3Q, STM32N645I0H3Q, STM32N645L0H3Q, STM32N645X0H3Q, STM32N645Z0H3Q, STM32N647A0H3Q, STM32N647B0H3Q, STM32N647I0H3Q, STM32N647L0H3Q, STM32N647X0H3Q, STM32N647Z0H3Q, STM32N655A0H3Q, STM32N655B0H3Q, STM32N655I0H3Q, STM32N655L0H3Q, STM32N655X0H3Q, STM32N655Z0H3Q, STM32N6570-DK, STM32N657A0H3Q, STM32N657B0H3Q, STM32N657I0H3Q, STM32N657L0H3Q, STM32N657X0H3Q, STM32N657Z0H3Q, STM32U031C6T6, STM32U031C6U6, STM32U031C8T6, STM32U031C8U6, STM32U031F4P6, STM32U031F6P6, STM32U031F8P6, STM32U031G6Y6TR, STM32U031G8Y6TR, STM32U031K4U6, STM32U031K6U6, STM32U031K8U6, STM32U031R6I6, STM32U031R6T6, STM32U031R8I6, STM32U031R8T6, STM32U073C8T6, STM32U073C8U6, STM32U073CBT6, STM32U073CBU6, STM32U073CCT6, STM32U073CCU6, STM32U073H8Y6TR, STM32U073HBY6TR, STM32U073HCY6TR, STM32U073K8U6, STM32U073KBU6, STM32U073KCU6, STM32U073M8I6, STM32U073M8T6, STM32U073MBI6, STM32U073MBT6, STM32U073MCI6, STM32U073MCT6, STM32U073R8I6, STM32U073R8T6, STM32U073RBI6, STM32U073RBT6, STM32U073RCI6, STM32U073RCT6, STM32U083C-DK, STM32U083CCT6, STM32U083CCU6, STM32U083HCY6TR, STM32U083KCU6, STM32U083MCI6, STM32U083MCT6, STM32U083RCI6, STM32U083RCT6, STM32U375CET6, STM32U375CET6Q, STM32U375CEU6, STM32U375CEU6Q, STM32U375CEY6QTR, STM32U375CGT6, STM32U375CGT6Q, STM32U375CGU6, STM32U375CGU6Q, STM32U375CGY6QTR, STM32U375KEU6, STM32U375KGU6, STM32U375REI6, STM32U375REI6Q, STM32U375RET6, STM32U375RET6Q, STM32U375REY6GTR, STM32U375REY6QTR, STM32U375RGI6, STM32U375RGI6Q, STM32U375RGT6, STM32U375RGT6Q, STM32U375RGY6GTR, STM32U375RGY6QTR, STM32U375VEI6, STM32U375VEI6Q, STM32U375VET6, STM32U375VET6Q, STM32U375VGI6, STM32U375VGI6Q, STM32U375VGT6, STM32U375VGT6Q, STM32U385CGT6, STM32U385CGT6Q, STM32U385CGU6, STM32U385CGU6Q, STM32U385CGY6QTR, STM32U385KGU6, STM32U385RGI6, STM32U385RGI6Q, STM32U385RGT6, STM32U385RGT6Q, STM32U385RGY6GTR, STM32U385RGY6QTR, STM32U385VGI6, STM32U385VGI6Q, STM32U385VGT6, STM32U385VGT6Q, STM32U535CBT6, STM32U535CBT6Q, STM32U535CBU6, STM32U535CBU6Q, STM32U535CCT6, STM32U535CCT6Q, STM32U535CCU6, STM32U535CCU6Q, STM32U535CET6, STM32U535CET6Q, STM32U535CEU6, STM32U535CEU6Q, STM32U535JEY6QTR, STM32U535NCY6QTR, STM32U535NEY6QTR, STM32U535RBI6, STM32U535RBI6Q, STM32U535RBT6, STM32U535RBT6Q, STM32U535RCI6, STM32U535RCI6Q, STM32U535RCT6, STM32U535RCT6Q, STM32U535REI6, STM32U535REI6Q, STM32U535RET6, STM32U535RET6Q, STM32U535VCI6, STM32U535VCI6Q, STM32U535VCT6, STM32U535VCT6Q, STM32U535VEI6, STM32U535VEI6Q, STM32U535VET6, STM32U535VET6Q, STM32U545CET6, STM32U545CET6Q, STM32U545CEU6, STM32U545CEU6Q, STM32U545JEY6QTR, STM32U545NEY6QTR, STM32U545REI6, STM32U545REI6Q, STM32U545RET6, STM32U545RET6Q, STM32U545VEI6, STM32U545VEI6Q, STM32U545VET6, STM32U545VET6Q, STM32U595AIH6, STM32U595AIH6Q, STM32U595AJH6, STM32U595AJH6Q, STM32U595QII6, STM32U595QII6Q, STM32U595QJI6, STM32U595QJI6Q, STM32U595RIT6, STM32U595RIT6Q, STM32U595RJT6, STM32U595RJT6Q, STM32U595VIT6, STM32U595VIT6Q, STM32U595VJT6, STM32U595VJT6Q, STM32U595ZIT6, STM32U595ZIT6Q, STM32U595ZIY6QTR, STM32U595ZJT6, STM32U595ZJT6Q, STM32U595ZJY6QTR, STM32U599BJY6QTR, STM32U599NIH6Q, STM32U599NJH6Q, STM32U599VIT6Q, STM32U599VJT6, STM32U599VJT6Q, STM32U599ZIT6Q, STM32U599ZIY6QTR, STM32U599ZJT6Q, STM32U599ZJY6QTR, STM32U5A5AJH6, STM32U5A5AJH6Q, STM32U5A5QII3Q , STM32U5A5QJI6, STM32U5A5QJI6Q, STM32U5A5RJT6, STM32U5A5RJT6Q, STM32U5A5VJT6, STM32U5A5VJT6Q, STM32U5A5ZJT6, STM32U5A5ZJT6Q, STM32U5A5ZJY6QTR, STM32U5A9BJY6QTR, STM32U5A9J-DK, STM32U5A9NJH6Q, STM32U5A9VJT6Q, STM32U5A9ZJT6Q, STM32U5A9ZJY6QTR, STM32U5F7VIT6, STM32U5F7VIT6Q, STM32U5F7VJT6, STM32U5F7VJT6Q, STM32U5F9BJY6QTR, STM32U5F9NJH6Q, STM32U5F9VIT6Q, STM32U5F9VJT6Q, STM32U5F9ZIJ6QTR, STM32U5F9ZIT6Q, STM32U5F9ZJJ6QTR, STM32U5F9ZJT6Q, STM32U5G7VJT6, STM32U5G7VJT6Q, STM32U5G9BJY6QTR, STM32U5G9J-DK1, STM32U5G9J-DK2, STM32U5G9NJH6Q, STM32U5G9VJT6Q, STM32U5G9ZJJ6QTR, STM32U5G9ZJT6Q, STM32WB05KZV6TR, STM32WB05KZV7TR, STM32WB05TZF6TR, STM32WB05TZF7TR, STM32WB06CCF6TR, STM32WB06CCF7TR, STM32WB06CCV6TR, STM32WB06CCV7TR, STM32WB06KCV6TR, STM32WB06KCV7TR, STM32WB07CCF6TR, STM32WB07CCF7TR, STM32WB07CCV6TR, STM32WB07CCV7TR, STM32WB07KCV6TR, STM32WB07KCV7TR, STM32WB09KEV6TR, STM32WB09KEV7TR, STM32WB09TEF6TR, STM32WB09TEF7TR, STM32WB1MMCH6, STM32WBA50KGU6, STM32WBA50KGU6TR, STM32WBA52CEU6, STM32WBA52CEU6TR, STM32WBA52CEU7, STM32WBA52CEU7TR, STM32WBA52CGU6, STM32WBA52CGU6TR, STM32WBA52CGU6U, STM32WBA52CGU7, STM32WBA52CGU7TR, STM32WBA52KEU6, STM32WBA52KEU6TR, STM32WBA52KGU6, STM32WBA52KGU6TR, STM32WBA54CEU6, STM32WBA54CEU6TR, STM32WBA54CEU7, STM32WBA54CEU7TR, STM32WBA54CGU6, STM32WBA54CGU6TR, STM32WBA54CGU7, STM32WBA54CGU7TR, STM32WBA54KEU6, STM32WBA54KEU6TR, STM32WBA54KEU7, STM32WBA54KEU7TR, STM32WBA54KGU6, STM32WBA54KGU6TR, STM32WBA54KGU7, STM32WBA54KGU7TR, STM32WBA55CEU6, STM32WBA55CEU6TR, STM32WBA55CEU7, STM32WBA55CEU7TR, STM32WBA55CGU6, STM32WBA55CGU6TR, STM32WBA55CGU6U, STM32WBA55CGU7, STM32WBA55CGU7TR, STM32WBA55G-DK1, STM32WBA55HEF6, STM32WBA55HEF7, STM32WBA55HGF6, STM32WBA55HGF7, STM32WBA55UEI6, STM32WBA55UEI6TR, STM32WBA55UEI7, STM32WBA55UEI7TR, STM32WBA55UGI6, STM32WBA55UGI6TR, STM32WBA55UGI7, STM32WBA55UGI7TR, STM32WBA5MJGH6TR, STM32WBA62CGU6, STM32WBA62CIU6, STM32WBA62MGF6, STM32WBA62MIF6, STM32WBA62PGI6, STM32WBA62PII6, STM32WBA63CGU6, STM32WBA63CGU7, STM32WBA63CIU6, STM32WBA63CIU7, STM32WBA64CGU6, STM32WBA64CGU7, STM32WBA64CIU6, STM32WBA64CIU7, STM32WBA65CGU6, STM32WBA65CGU7, STM32WBA65CIU6, STM32WBA65CIU7, STM32WBA65I-DK1, STM32WBA65MGF6, STM32WBA65MGF7, STM32WBA65MIF6, STM32WBA65MIF7, STM32WBA65PGI6, STM32WBA65PGI7, STM32WBA65PII6, STM32WBA65PII7, STM32WBA65RGV6, STM32WBA65RGV7, STM32WBA65RIV6, STM32WBA65RIV7, STM32WL30K8V6, STM32WL30KBV6, STM32WL31C8V6, STM32WL31CBV6, STM32WL31K8V6, STM32WL31KBV6, STM32WL33C8V6, STM32WL33C8V6TR, STM32WL33C8V7, STM32WL33C8V7TR, STM32WL33CBV6, STM32WL33CBV6TR, STM32WL33CBV7, STM32WL33CBV7TR, STM32WL33CCV6, STM32WL33CCV6TR, STM32WL33CCV7, STM32WL33CCV7A, STM32WL33CCV7ATR, STM32WL33CCV7TR, STM32WL33K8V6, STM32WL33K8V6TR, STM32WL33K8V7, STM32WL33K8V7TR, STM32WL33KBV6, STM32WL33KBV6TR, STM32WL33KBV7, STM32WL33KBV7TR, STM32WL33KCV6, STM32WL33KCV6TR, STM32WL33KCV7, STM32WL33KCV7TR, STM32WL5MOCH6, STM32WL5MOCH6TR]
2026-08-19 17:40:56,541 [INFO] DbMcus:218 - Found 5310 MCUs, 5122 are supported
2026-08-19 17:40:56,543 [INFO] ApiDb:423 - Load user favorites file C:\Users\lthst/.stm32cubeide/favorites.mcus.txt: 0 item(s)
2026-08-19 17:40:56,543 [INFO] ApiDb:427 - User favorites MCUs=[]
2026-08-19 17:40:56,552 [INFO] DbMcus:224 - Set 0 / 0 favorites MCUs
2026-08-19 17:40:57,609 [INFO] BoardInfo:889 - No configuration file found for board NUCLEO-H553ZG
2026-08-19 17:40:57,613 [INFO] DbBoards:161 - Board is not supported: NUCLEO-H553ZG
2026-08-19 17:40:57,619 [INFO] BoardInfo:889 - No configuration file found for board NUCLEO-H5E5ZJ
2026-08-19 17:40:57,621 [INFO] DbBoards:161 - Board is not supported: NUCLEO-H5E5ZJ
2026-08-19 17:40:57,776 [INFO] BoardInfo:889 - No configuration file found for board NUCLEO-U3C5ZI-Q
2026-08-19 17:40:57,780 [INFO] DbBoards:161 - Board is not supported: NUCLEO-U3C5ZI-Q
2026-08-19 17:40:57,820 [INFO] BoardInfo:889 - No configuration file found for board NUCLEO-WBA25CE1
2026-08-19 17:40:57,823 [INFO] DbBoards:161 - Board is not supported: NUCLEO-WBA25CE1
2026-08-19 17:40:57,861 [INFO] BoardInfo:889 - No configuration file found for board NUCLEO-WL3RKB1
2026-08-19 17:40:57,865 [INFO] DbBoards:161 - Board is not supported: NUCLEO-WL3RKB1
2026-08-19 17:40:57,869 [INFO] BoardInfo:889 - No configuration file found for board NUCLEO-WL3RKB2
2026-08-19 17:40:57,873 [INFO] DbBoards:161 - Board is not supported: NUCLEO-WL3RKB2
2026-08-19 17:40:57,892 [INFO] BoardInfo:889 - No configuration file found for board P-NUCLEO-WB55
2026-08-19 17:40:57,895 [INFO] DbBoards:161 - Kit is not supported: P-NUCLEO-WB55
2026-08-19 17:40:57,914 [INFO] BoardInfo:889 - No configuration file found for board STEVAL-BFA001V1B
2026-08-19 17:40:57,918 [INFO] DbBoards:161 - Kit is not supported: STEVAL-BFA001V1B
2026-08-19 17:40:57,920 [INFO] BoardInfo:889 - No configuration file found for board STEVAL-BFA001V2B
2026-08-19 17:40:57,922 [INFO] DbBoards:161 - Kit is not supported: STEVAL-BFA001V2B
2026-08-19 17:40:58,227 [INFO] BoardInfo:889 - No configuration file found for board STM32H5F5J-DK
2026-08-19 17:40:58,229 [INFO] DbBoards:161 - Board is not supported: STM32H5F5J-DK
2026-08-19 17:40:58,395 [INFO] BoardInfo:889 - No configuration file found for board STM32MP215F-DK
2026-08-19 17:40:58,398 [INFO] DbBoards:161 - Board is not supported: STM32MP215F-DK
2026-08-19 17:40:58,482 [INFO] DbBoards:168 - Found 219 boards, 208 are supported
2026-08-19 17:40:58,483 [INFO] DbBoards:169 - Found 219 boards, 43 of them is supported for  Bsp
2026-08-19 17:40:58,489 [INFO] ApiDb:423 - Load user favorites file C:\Users\lthst/.stm32cubeide/favorites.boards.txt: 0 item(s)
2026-08-19 17:40:58,490 [INFO] ApiDb:427 - User favorites Boards=[]
2026-08-19 17:40:58,490 [INFO] DbBoards:198 - Set 0 / 0 favorites Boards
2026-08-19 17:40:58,539 [INFO] UtilMem:75 - End LoadConfig() Used Memory: 228491104 Bytes (442499072)
2026-08-19 17:40:58,831 [WARN] ThirdParty:833 - waiting for thirdparty lock release [change project]
2026-08-19 17:40:58,831 [INFO] ThirdParty:835 - entering critical section [change project]
2026-08-19 17:40:58,832 [INFO] ThirdParty:1030 - CMSIS Pack Vendor :STMicroelectronics X-CUBE-AZRTOS-H7 3.5.0
2026-08-19 17:40:58,832 [INFO] ThirdParty:1030 - CMSIS Pack Vendor :STMicroelectronics X-CUBE-PM33A1 1.0.0
2026-08-19 17:40:58,832 [INFO] ThirdParty:1030 - CMSIS Pack Vendor :STMicroelectronics USBPD 4.1
2026-08-19 17:40:58,832 [INFO] ThirdParty:1030 - CMSIS Pack Vendor :STMicroelectronics USB_HOST 2.0.0
2026-08-19 17:40:58,832 [INFO] ThirdParty:1030 - CMSIS Pack Vendor :STMicroelectronics FP-SNS-MOTENVWB1 1.4.0
2026-08-19 17:40:58,833 [INFO] ThirdParty:1030 - CMSIS Pack Vendor :STMicroelectronics FP-ATR-ASTRA1 2.0.3
2026-08-19 17:40:58,833 [INFO] ThirdParty:1030 - CMSIS Pack Vendor :STMicroelectronics X-CUBE-AZRTOS-F4 1.1.0
2026-08-19 17:40:58,833 [INFO] ThirdParty:1030 - CMSIS Pack Vendor :STMicroelectronics LIBJPEG 8.0.0
2026-08-19 17:40:58,833 [INFO] ThirdParty:1030 - CMSIS Pack Vendor :STMicroelectronics FP-ATR-ASTRA1 2.0.2
2026-08-19 17:40:58,833 [INFO] ThirdParty:1030 - CMSIS Pack Vendor :Avnet-IotConnect X-CUBE-IoTC-DA16k-PMOD 1.0.0
2026-08-19 17:40:58,833 [INFO] ThirdParty:1030 - CMSIS Pack Vendor :STMicroelectronics X-CUBE-SMBUS 2.1.0
2026-08-19 17:40:58,833 [INFO] ThirdParty:1030 - CMSIS Pack Vendor :STMicroelectronics X-CUBE-WB05N 1.1.0
2026-08-19 17:40:58,833 [INFO] ThirdParty:1030 - CMSIS Pack Vendor :STMicroelectronics X-CUBE-ISPU 2.1.0
2026-08-19 17:40:58,833 [INFO] ThirdParty:1030 - CMSIS Pack Vendor :STMicroelectronics eDS-WB_DPC_TT-BIDIR 2.1.1
2026-08-19 17:40:58,833 [INFO] ThirdParty:1030 - CMSIS Pack Vendor :STMicroelectronics X-CUBE-ST60 1.0.0
2026-08-19 17:40:58,833 [INFO] ThirdParty:1030 - CMSIS Pack Vendor :STMicroelectronics X-CUBE-NFC12 1.0.0
2026-08-19 17:40:58,833 [INFO] ThirdParty:1030 - CMSIS Pack Vendor :STMicroelectronics X-CUBE-AZRTOS-F7 1.1.0
2026-08-19 17:40:58,833 [INFO] ThirdParty:1030 - CMSIS Pack Vendor :STMicroelectronics X-CUBE-AZRTOS-L5 2.0.0
2026-08-19 17:40:58,833 [INFO] ThirdParty:1030 - CMSIS Pack Vendor :STMicroelectronics USB_DEVICE 2.0.0
2026-08-19 17:40:58,833 [INFO] ThirdParty:1030 - CMSIS Pack Vendor :STMicroelectronics X-CUBE-NFC6 3.1.0
2026-08-19 17:40:58,834 [INFO] ThirdParty:1030 - CMSIS Pack Vendor :STMicroelectronics X-CUBE-ALGOBUILD 1.5.0
2026-08-19 17:40:58,834 [INFO] ThirdParty:1030 - CMSIS Pack Vendor :STMicroelectronics FreeRTOS 0.0.1
2026-08-19 17:40:58,834 [INFO] ThirdParty:1030 - CMSIS Pack Vendor :STMicroelectronics X-CUBE-AZRTOS-H7RS 1.3.0
2026-08-19 17:40:58,834 [INFO] ThirdParty:1030 - CMSIS Pack Vendor :STMicroelectronics X-CUBE-DPower 1.2.0
2026-08-19 17:40:58,834 [INFO] ThirdParty:1030 - CMSIS Pack Vendor :STMicroelectronics eDS-WB_DPC_VIENNA 1.2.0
2026-08-19 17:40:58,834 [INFO] ThirdParty:1030 - CMSIS Pack Vendor :STMicroelectronics X-CUBE-MEMS1 13.0.0
2026-08-19 17:40:58,834 [INFO] ThirdParty:1030 - CMSIS Pack Vendor :STMicroelectronics eDS-WB_DPC_3PH2L-BIDIR 1.1.1
2026-08-19 17:40:58,834 [INFO] ThirdParty:1030 - CMSIS Pack Vendor :Infineon AIROC-Wi-Fi-Bluetooth-STM32 1.7.0
2026-08-19 17:40:58,834 [INFO] ThirdParty:1030 - CMSIS Pack Vendor :STMicroelectronics PDM2PCM 3.3.0
2026-08-19 17:40:58,834 [INFO] ThirdParty:1030 - CMSIS Pack Vendor :STMicroelectronics X-CUBE-AZRTOS-H7 3.4.0
2026-08-19 17:40:58,834 [INFO] ThirdParty:1030 - CMSIS Pack Vendor :STMicroelectronics X-CUBE-DISPLAY 3.0.0
2026-08-19 17:40:58,836 [INFO] ThirdParty:1030 - CMSIS Pack Vendor :STMicroelectronics X-CUBE-GNSS1 7.1.1
2026-08-19 17:40:58,836 [INFO] ThirdParty:1030 - CMSIS Pack Vendor :STMicroelectronics X-CUBE-NFC10 1.0.0
2026-08-19 17:40:58,836 [INFO] ThirdParty:1030 - CMSIS Pack Vendor :STMicroelectronics X-CUBE-BLEMGR 4.0.0
2026-08-19 17:40:58,836 [INFO] ThirdParty:1030 - CMSIS Pack Vendor :STMicroelectronics X-CUBE-FREERTOS 1.3.1
2026-08-19 17:40:58,836 [INFO] ThirdParty:1030 - CMSIS Pack Vendor :STMicroelectronics HAL Drivers 0.0.0
2026-08-19 17:40:58,836 [INFO] ThirdParty:1030 - CMSIS Pack Vendor :STMicroelectronics X-CUBE-ST60 1.1.0
2026-08-19 17:40:58,836 [INFO] ThirdParty:1030 - CMSIS Pack Vendor :emotas I-CUBE-CANOPEN 1.3.0
2026-08-19 17:40:58,836 [INFO] ThirdParty:1030 - CMSIS Pack Vendor :STMicroelectronics X-CUBE-FREERTOS 1.3.0
2026-08-19 17:40:58,836 [INFO] ThirdParty:1030 - CMSIS Pack Vendor :STMicroelectronics X-CUBE-NFC7 1.0.1
2026-08-19 17:40:58,836 [INFO] ThirdParty:1030 - CMSIS Pack Vendor :STMicroelectronics MBEDTLS 2.14.1
2026-08-19 17:40:58,837 [INFO] ThirdParty:1030 - CMSIS Pack Vendor :STMicroelectronics X-CUBE-GNSS1 7.1.0
2026-08-19 17:40:58,837 [INFO] ThirdParty:1030 - CMSIS Pack Vendor :STMicroelectronics X-CUBE-TOUCHGFX 4.26.0
2026-08-19 17:40:58,837 [INFO] ThirdParty:1030 - CMSIS Pack Vendor :STMicroelectronics X-CUBE-TOUCHGFX 4.26.1
2026-08-19 17:40:58,837 [INFO] ThirdParty:1030 - CMSIS Pack Vendor :quantropi X-CUBE-qispace-sdk-base 2.0.0
2026-08-19 17:40:58,837 [INFO] ThirdParty:1030 - CMSIS Pack Vendor :STMicroelectronics X-CUBE-AI 10.0.0
2026-08-19 17:40:58,837 [INFO] ThirdParty:1030 - CMSIS Pack Vendor :STMicroelectronics FP-SNS-STAIOTCFT 1.0.0
2026-08-19 17:40:58,837 [INFO] ThirdParty:1030 - CMSIS Pack Vendor :STMicroelectronics FP-SNS-SMARTAG2 1.2.0
2026-08-19 17:40:58,837 [INFO] ThirdParty:1030 - CMSIS Pack Vendor :STMicroelectronics FP-SNS-FLIGHT1 5.1.0
2026-08-19 17:40:58,837 [INFO] ThirdParty:1030 - CMSIS Pack Vendor :STMicroelectronics X-CUBE-MEMS1 11.1.0
2026-08-19 17:40:58,837 [INFO] ThirdParty:1030 - CMSIS Pack Vendor :STMicroelectronics X-CUBE-AZRTOS-WL 2.0.0
2026-08-19 17:40:58,837 [INFO] ThirdParty:1030 - CMSIS Pack Vendor :STMicroelectronics X-CUBE-DPower 1.3.0
2026-08-19 17:40:58,837 [INFO] ThirdParty:1030 - CMSIS Pack Vendor :STMicroelectronics FP-SNS-MOTENV1 5.0.0
2026-08-19 17:40:58,838 [INFO] ThirdParty:1030 - CMSIS Pack Vendor :STMicroelectronics USB_DEVICE 1.0.0
2026-08-19 17:40:58,839 [INFO] ThirdParty:1030 - CMSIS Pack Vendor :STMicroelectronics X-CUBE-AZRTOS-H7RS 1.2.0
2026-08-19 17:40:58,839 [INFO] ThirdParty:1030 - CMSIS Pack Vendor :STMicroelectronics X-CUBE-AZRTOS-L4 2.0.0
2026-08-19 17:40:58,839 [INFO] ThirdParty:1030 - CMSIS Pack Vendor :STMicroelectronics ThreadX 0.0.2
2026-08-19 17:40:58,839 [INFO] ThirdParty:1030 - CMSIS Pack Vendor :WES I-CUBE-Cesium 1.3.0
2026-08-19 17:40:58,839 [INFO] ThirdParty:1030 - CMSIS Pack Vendor :STMicroelectronics lwIP 2.1.2
2026-08-19 17:40:58,840 [INFO] ThirdParty:1030 - CMSIS Pack Vendor :STMicroelectronics X-CUBE-SFXS2LP1 4.0.0
2026-08-19 17:40:58,840 [INFO] ThirdParty:1030 - CMSIS Pack Vendor :STMicroelectronics X-CUBE-BLE2 3.3.0
2026-08-19 17:40:58,840 [INFO] ThirdParty:1030 - CMSIS Pack Vendor :Avnet-IOTCONNECT X-CUBE-iotc-st67-sdk 1.0.0
2026-08-19 17:40:58,840 [INFO] ThirdParty:1030 - CMSIS Pack Vendor :STMicroelectronics PDM2PCM 3.2.0
2026-08-19 17:40:58,840 [INFO] ThirdParty:1030 - CMSIS Pack Vendor :STMicroelectronics X-CUBE-WB05N 2.1.0
2026-08-19 17:40:58,840 [INFO] ThirdParty:1030 - CMSIS Pack Vendor :STMicroelectronics X-CUBE-AZRTOS-H7 3.3.0
2026-08-19 17:40:58,841 [INFO] ThirdParty:1030 - CMSIS Pack Vendor :STMicroelectronics X-CUBE-NFC9 1.0.0
2026-08-19 17:40:58,841 [INFO] ThirdParty:1030 - CMSIS Pack Vendor :STMicroelectronics X-CUBE-BLE1 7.1.0
2026-08-19 17:40:58,841 [INFO] ThirdParty:1030 - CMSIS Pack Vendor :wolfSSL I-CUBE-wolfMQTT 1.19.2
2026-08-19 17:40:58,841 [INFO] ThirdParty:1030 - CMSIS Pack Vendor :STMicroelectronics USB_DEVICE 3.0.0
2026-08-19 17:40:58,841 [INFO] ThirdParty:1030 - CMSIS Pack Vendor :STMicroelectronics X-CUBE-EEPRMA1 5.2.0
2026-08-19 17:40:58,841 [INFO] ThirdParty:1030 - CMSIS Pack Vendor :STMicroelectronics X-CUBE-BLEMGR 4.1.0
2026-08-19 17:40:58,841 [INFO] ThirdParty:1030 - CMSIS Pack Vendor :STMicroelectronics X-CUBE-AZRTOS-WB 2.0.0
2026-08-19 17:40:58,842 [INFO] ThirdParty:1030 - CMSIS Pack Vendor :STMicroelectronics X-CUBE-GNSS1 7.0.1
2026-08-19 17:40:58,842 [INFO] ThirdParty:1030 - CMSIS Pack Vendor :STMicroelectronics X-CUBE-TOUCHGFX 4.25.0
2026-08-19 17:40:58,842 [INFO] ThirdParty:1030 - CMSIS Pack Vendor :STMicroelectronics X-CUBE-AI 10.1.0
2026-08-19 17:40:58,842 [INFO] ThirdParty:1030 - CMSIS Pack Vendor :STMicroelectronics FP-SNS-STBOX1 2.0.0
2026-08-19 17:40:58,842 [INFO] ThirdParty:1030 - CMSIS Pack Vendor :STMicroelectronics X-CUBE-MEMS1 12.0.0
2026-08-19 17:40:58,842 [INFO] ThirdParty:1030 - CMSIS Pack Vendor :STMicroelectronics X-CUBE-STSE01 2.0.0
2026-08-19 17:40:58,842 [INFO] ThirdParty:1030 - CMSIS Pack Vendor :STMicroelectronics X-CUBE-MEMS1 11.2.0
2026-08-19 17:40:58,842 [INFO] ThirdParty:1030 - CMSIS Pack Vendor :STMicroelectronics X-CUBE-AZRTOS-G0 1.1.0
2026-08-19 17:40:58,843 [INFO] ThirdParty:1030 - CMSIS Pack Vendor :STMicroelectronics X-CUBE-SAFEA1 1.2.2
2026-08-19 17:40:58,843 [INFO] ThirdParty:1030 - CMSIS Pack Vendor :STMicroelectronics X-CUBE-NFC4 3.0.0
2026-08-19 17:40:58,843 [INFO] ThirdParty:1030 - CMSIS Pack Vendor :STMicroelectronics X-CUBE-SUBG2 5.0.0
2026-08-19 17:40:58,843 [INFO] ThirdParty:1030 - CMSIS Pack Vendor :STMicroelectronics X-CUBE-AZRTOS-H7RS 1.1.0
2026-08-19 17:40:58,843 [INFO] ThirdParty:1030 - CMSIS Pack Vendor :STMicroelectronics STM32_WPAN 1.0.0
2026-08-19 17:40:58,843 [INFO] ThirdParty:1030 - CMSIS Pack Vendor :EmbeddedOffice I-CUBE-FS-RTOS 1.0.1
2026-08-19 17:40:58,843 [INFO] ThirdParty:1030 - CMSIS Pack Vendor :STMicroelectronics lwIP 2.0.3
2026-08-19 17:40:58,843 [INFO] ThirdParty:1030 - CMSIS Pack Vendor :Cesanta I-CUBE-Mongoose 7.13.0
2026-08-19 17:40:58,844 [INFO] ThirdParty:1030 - CMSIS Pack Vendor :STMicroelectronics USB_HOST 1.0.0
2026-08-19 17:40:58,844 [INFO] ThirdParty:1030 - CMSIS Pack Vendor :STMicroelectronics X-CUBE-AZRTOS-G4 2.0.0
2026-08-19 17:40:58,844 [INFO] ThirdParty:1030 - CMSIS Pack Vendor :STMicroelectronics X-CUBE-WB05N 2.0.0
2026-08-19 17:40:58,844 [INFO] ThirdParty:1030 - CMSIS Pack Vendor :STMicroelectronics PDM2PCM 3.1.0
2026-08-19 17:40:58,844 [INFO] ThirdParty:1030 - CMSIS Pack Vendor :wolfSSL I-CUBE-wolfTPM 3.8.0
2026-08-19 17:40:58,844 [INFO] ThirdParty:1030 - CMSIS Pack Vendor :wolfSSL I-CUBE-wolfSSH 1.4.20
2026-08-19 17:40:58,844 [INFO] ThirdParty:1030 - CMSIS Pack Vendor :STMicroelectronics X-CUBE-NFC7 2.0.0
2026-08-19 17:40:58,844 [INFO] ThirdParty:1030 - CMSIS Pack Vendor :STMicroelectronics X-CUBE-TCPP 4.2.0
2026-08-19 17:40:58,844 [INFO] ThirdParty:1030 - CMSIS Pack Vendor :RealThread X-CUBE-RT-Thread_Nano 4.1.1
2026-08-19 17:40:58,845 [INFO] ThirdParty:1030 - CMSIS Pack Vendor :STMicroelectronics FP-ATR-SIGFOX1 3.2.0
2026-08-19 17:40:58,845 [INFO] ThirdParty:1030 - CMSIS Pack Vendor :STMicroelectronics X-CUBE-EEPRMA1 5.1.0
2026-08-19 17:40:58,845 [INFO] ThirdParty:1030 - CMSIS Pack Vendor :STMicroelectronics MBEDTLS 2.16.2
2026-08-19 17:40:58,845 [INFO] ThirdParty:1030 - CMSIS Pack Vendor :STMicroelectronics X-CUBE-IPS 3.1.0
2026-08-19 17:40:58,845 [INFO] ThirdParty:1030 - CMSIS Pack Vendor :STMicroelectronics X-CUBE-ALS 1.0.2
2026-08-19 17:40:58,845 [INFO] ThirdParty:1030 - CMSIS Pack Vendor :wolfSSL I-CUBE-wolfSSL 5.7.6
2026-08-19 17:40:58,846 [INFO] ThirdParty:1030 - CMSIS Pack Vendor :ITTIA_DB I-CUBE-ITTIADB 8.9.0
2026-08-19 17:40:58,846 [INFO] ThirdParty:1030 - CMSIS Pack Vendor :STMicroelectronics X-CUBE-STSE01 1.0.0
2026-08-19 17:40:58,846 [INFO] ThirdParty:1030 - CMSIS Pack Vendor :portGmbH I-Cube-SoM-uGOAL 1.1.0
2026-08-19 17:40:58,846 [INFO] ThirdParty:1030 - CMSIS Pack Vendor :STMicroelectronics X-CUBE-NFC6 3.2.0
2026-08-19 17:40:58,846 [INFO] ThirdParty:1030 - CMSIS Pack Vendor :STMicroelectronics X-CUBE-ST67W61 1.0.0
2026-08-19 17:40:58,846 [INFO] ThirdParty:1030 - CMSIS Pack Vendor :STMicroelectronics X-CUBE-AI 10.2.1
2026-08-19 17:40:58,846 [INFO] ThirdParty:1030 - CMSIS Pack Vendor :STMicroelectronics X-CUBE-AI 10.2.0
2026-08-19 17:40:58,846 [INFO] ThirdParty:1030 - CMSIS Pack Vendor :STMicroelectronics ThreadX 1.0.0
2026-08-19 17:40:58,847 [INFO] ThirdParty:1030 - CMSIS Pack Vendor :STMicroelectronics X-CUBE-MEMS1 12.1.0
2026-08-19 17:40:58,847 [INFO] ThirdParty:1030 - CMSIS Pack Vendor :SEGGER I-CUBE-embOS 1.3.1
2026-08-19 17:40:58,847 [INFO] ThirdParty:1030 - CMSIS Pack Vendor :STMicroelectronics X-CUBE-ALGOBUILD 1.4.0
2026-08-19 17:40:58,847 [INFO] ThirdParty:1030 - CMSIS Pack Vendor :STMicroelectronics X-CUBE-MEMS1 11.3.0
2026-08-19 17:40:58,847 [INFO] ThirdParty:1030 - CMSIS Pack Vendor :STMicroelectronics X-CUBE-TOF1 3.4.2
2026-08-19 17:40:58,847 [INFO] ThirdParty:1030 - CMSIS Pack Vendor :STMicroelectronics X-CUBE-TOF1 3.4.3
2026-08-19 17:40:58,847 [INFO] ThirdParty:1030 - CMSIS Pack Vendor :STMicroelectronics X-CUBE-NFC13 1.0.0
2026-08-19 17:40:58,848 [INFO] ThirdParty:841 - exiting critical section [change project]
2026-08-19 17:40:59,731 [INFO] PinOutPanel:1589 - setPackage(No Configuration,No Configuration)
2026-08-19 17:40:59,741 [INFO] PinOutPanel:1589 - setPackage(STM32F429ZITx,LQFP144)
2026-08-19 17:41:01,196 [INFO] UtilMem:75 - Before build in PCC Used Memory: 367491544 Bytes (461373440)
2026-08-19 17:41:03,057 [INFO] UtilMem:75 - After build in PCC Used Memory: 282805624 Bytes (461373440)
2026-08-19 17:41:03,136 [INFO] IPUIPlugin:80 - create IPUIPlugin
2026-08-19 17:41:03,137 [INFO] IPUIPlugin:80 - create IPUIPlugin
2026-08-19 17:41:03,137 [INFO] IPUIPlugin:80 - create IPUIPlugin
2026-08-19 17:41:03,137 [INFO] IPUIPlugin:80 - create IPUIPlugin
2026-08-19 17:41:03,137 [INFO] IPUIPlugin:80 - create IPUIPlugin
2026-08-19 17:41:03,138 [INFO] IPUIPlugin:80 - create IPUIPlugin
2026-08-19 17:41:03,138 [INFO] IPUIPlugin:80 - create IPUIPlugin
2026-08-19 17:41:03,139 [INFO] IPUIPlugin:80 - create IPUIPlugin
2026-08-19 17:41:03,139 [INFO] IPUIPlugin:80 - create IPUIPlugin
2026-08-19 17:41:03,139 [INFO] IPUIPlugin:80 - create IPUIPlugin
2026-08-19 17:41:03,140 [INFO] IPUIPlugin:80 - create IPUIPlugin
2026-08-19 17:41:03,140 [INFO] IPUIPlugin:80 - create IPUIPlugin
2026-08-19 17:41:03,141 [INFO] IPUIPlugin:80 - create IPUIPlugin
2026-08-19 17:41:03,141 [INFO] IPUIPlugin:80 - create IPUIPlugin
2026-08-19 17:41:03,141 [INFO] IPUIPlugin:80 - create IPUIPlugin
2026-08-19 17:41:03,142 [INFO] IPUIPlugin:80 - create IPUIPlugin
2026-08-19 17:41:03,142 [INFO] IPUIPlugin:80 - create IPUIPlugin
2026-08-19 17:41:03,142 [INFO] IPUIPlugin:80 - create IPUIPlugin
2026-08-19 17:41:03,143 [INFO] IPUIPlugin:80 - create IPUIPlugin
2026-08-19 17:41:03,143 [INFO] IPUIPlugin:80 - create IPUIPlugin
2026-08-19 17:41:03,144 [INFO] IPUIPlugin:80 - create IPUIPlugin
2026-08-19 17:41:03,145 [INFO] IPUIPlugin:80 - create IPUIPlugin
2026-08-19 17:41:03,146 [INFO] IPUIPlugin:80 - create IPUIPlugin
2026-08-19 17:41:03,147 [INFO] IPUIPlugin:80 - create IPUIPlugin
2026-08-19 17:41:03,147 [INFO] IPUIPlugin:80 - create IPUIPlugin
2026-08-19 17:41:03,148 [INFO] IPUIPlugin:80 - create IPUIPlugin
2026-08-19 17:41:03,148 [INFO] IPUIPlugin:80 - create IPUIPlugin
2026-08-19 17:41:03,148 [INFO] IPUIPlugin:80 - create IPUIPlugin
2026-08-19 17:41:03,149 [INFO] IPUIPlugin:80 - create IPUIPlugin
2026-08-19 17:41:03,150 [INFO] IPUIPlugin:80 - create IPUIPlugin
2026-08-19 17:41:03,151 [INFO] IPUIPlugin:80 - create IPUIPlugin
2026-08-19 17:41:03,151 [INFO] IPUIPlugin:80 - create IPUIPlugin
2026-08-19 17:41:03,152 [INFO] IPUIPlugin:80 - create IPUIPlugin
2026-08-19 17:41:03,152 [INFO] IPUIPlugin:80 - create IPUIPlugin
2026-08-19 17:41:03,153 [INFO] IPUIPlugin:80 - create IPUIPlugin
2026-08-19 17:41:03,153 [INFO] IPUIPlugin:80 - create IPUIPlugin
2026-08-19 17:41:03,154 [INFO] IPUIPlugin:80 - create IPUIPlugin
2026-08-19 17:41:03,154 [INFO] IPUIPlugin:80 - create IPUIPlugin
2026-08-19 17:41:03,154 [INFO] IPUIPlugin:80 - create IPUIPlugin
2026-08-19 17:41:03,155 [INFO] IPUIPlugin:80 - create IPUIPlugin
2026-08-19 17:41:03,155 [INFO] IPUIPlugin:80 - create IPUIPlugin
2026-08-19 17:41:03,156 [INFO] IPUIPlugin:80 - create IPUIPlugin
2026-08-19 17:41:03,156 [INFO] IPUIPlugin:80 - create IPUIPlugin
2026-08-19 17:41:03,157 [INFO] IPUIPlugin:80 - create IPUIPlugin
2026-08-19 17:41:03,157 [INFO] IPUIPlugin:80 - create IPUIPlugin
2026-08-19 17:41:03,158 [INFO] IPUIPlugin:80 - create IPUIPlugin
2026-08-19 17:41:03,158 [INFO] IPUIPlugin:80 - create IPUIPlugin
2026-08-19 17:41:03,159 [INFO] IPUIPlugin:80 - create IPUIPlugin
2026-08-19 17:41:03,159 [INFO] IPUIPlugin:80 - create IPUIPlugin
2026-08-19 17:41:03,160 [INFO] IPUIPlugin:80 - create IPUIPlugin
2026-08-19 17:41:03,161 [INFO] IPUIPlugin:80 - create IPUIPlugin
2026-08-19 17:41:03,161 [INFO] IPUIPlugin:80 - create IPUIPlugin
2026-08-19 17:41:03,161 [INFO] IPUIPlugin:80 - create IPUIPlugin
2026-08-19 17:41:03,162 [INFO] IPUIPlugin:80 - create IPUIPlugin
2026-08-19 17:41:03,162 [INFO] IPUIPlugin:80 - create IPUIPlugin
2026-08-19 17:41:03,163 [INFO] IPUIPlugin:80 - create IPUIPlugin
2026-08-19 17:41:03,163 [INFO] IPUIPlugin:80 - create IPUIPlugin
2026-08-19 17:41:03,164 [INFO] IPUIPlugin:80 - create IPUIPlugin
2026-08-19 17:41:03,164 [INFO] IPUIPlugin:80 - create IPUIPlugin
2026-08-19 17:41:03,165 [INFO] IPUIPlugin:80 - create IPUIPlugin
2026-08-19 17:41:03,166 [INFO] IPUIPlugin:80 - create IPUIPlugin
2026-08-19 17:41:03,168 [INFO] IPUIPlugin:80 - create IPUIPlugin
2026-08-19 17:41:03,169 [INFO] IPUIPlugin:80 - create IPUIPlugin
2026-08-19 17:41:03,170 [INFO] IPUIPlugin:80 - create IPUIPlugin
2026-08-19 17:41:03,171 [INFO] IPUIPlugin:80 - create IPUIPlugin
2026-08-19 17:41:03,171 [INFO] IPUIPlugin:80 - create IPUIPlugin
2026-08-19 17:41:03,387 [INFO] ApiDbMcu:508 - Load IP Config File for PDM2PCM
2026-08-19 17:41:03,926 [INFO] CADModel:165 - CPN selected for project levelSTM32F429ZIT6
2026-08-19 17:41:03,926 [INFO] CADModel:114 - Register for checkConnection events
2026-08-19 17:41:03,972 [INFO] OpenFileManager:385 - Restore cursor
2026-08-19 17:42:42,252 [INFO] NvicIntPanel:101 - NVIC parent = com.st.microxplorer.plugins.ip.nvic.MultiNvicIntPanel[,0,0,0x0,invalid,layout=javax.swing.BoxLayout,alignmentX=0.0,alignmentY=0.0,border=,flags=9,maximumSize=,minimumSize=,preferredSize=]
2026-08-19 17:43:27,970 [INFO] Gpio:277 - dependency for GPIO [RCC, TIM3, USART3]
2026-08-19 17:48:46,865 [ERROR] LogOutputStream:75 - [STDERR_REDIRECT] 
2026-08-19 17:49:08,332 [INFO] Activator:176 - 


2026-08-19 17:49:08,335 [INFO] Activator:177 - !SESSION log4j initialized
2026-08-19 17:49:15,767 [INFO] LogOutputStream:77 - [STDOUT_REDIRECT] 
2026-08-19 17:49:20,387 [INFO] ApplicationProperties:184 - Using Application install path: C:\ST\STM32CubeIDE_1.18.0\STM32CubeIDE\plugins\com.st.stm32cube.common.mx_6.14.0.202502271554
2026-08-19 17:49:20,452 [INFO] DbMcusXml:78 - Set database path to: C:\ST\STM32CubeIDE_1.18.0\STM32CubeIDE\plugins\com.st.stm32cube.common.mx_6.14.0.202502271554\\db\/mcu/
2026-08-19 17:49:20,453 [INFO] ApiDb:274 - Set plugin database path to: C:\ST\STM32CubeIDE_1.18.0\STM32CubeIDE\plugins\com.st.stm32cube.common.mx_6.14.0.202502271554\\db\/plugins/boardmanager/
2026-08-19 17:49:20,453 [WARN] ApiDb:259 - Overriding images path with different value:  => C:\ST\STM32CubeIDE_1.18.0\STM32CubeIDE\plugins\com.st.stm32cube.common.mx_6.14.0.202502271554\\db\/plugins/mcufinder/images/
2026-08-19 17:49:20,469 [INFO] ApiDb:250 - Set database path to: C:\Users\lthst\.stmcufinder\plugins\mcufinder//mcu/
2026-08-19 17:49:20,473 [INFO] DbMcusAds:125 - Set database path to: C:\Users\lthst\.stmcufinder\plugins\mcufinder//mcu/
2026-08-19 17:49:20,482 [INFO] CrossReferenceDbSqlite:203 - Set database path to: C:\Users\lthst\.stmcufinder\plugins\mcufinder//mcu/cs/
2026-08-19 17:49:20,831 [INFO] RulesReader:64 - Compatibility file has been processed (301 Rules)
2026-08-19 17:49:21,034 [INFO] DbMcusXml:78 - Set database path to: C:\ST\STM32CubeIDE_1.18.0\STM32CubeIDE\plugins\com.st.stm32cube.common.mx_6.14.0.202502271554\\db\/mcu/
2026-08-19 17:49:21,035 [INFO] ApiDb:274 - Set plugin database path to: C:\ST\STM32CubeIDE_1.18.0\STM32CubeIDE\plugins\com.st.stm32cube.common.mx_6.14.0.202502271554\\db\/plugins/boardmanager/
2026-08-19 17:49:21,035 [INFO] ApiDb:261 - Set plugin images path to: C:\ST\STM32CubeIDE_1.18.0\STM32CubeIDE\plugins\com.st.stm32cube.common.mx_6.14.0.202502271554\\db\/plugins/mcufinder/images/
2026-08-19 17:49:21,035 [WARN] DbFile:41 - Overriding database path with different value: C:\Users\lthst\.stmcufinder\plugins\mcufinder/ => C:\Users\lthst\.stmcufinder\plugins\mcufinder
2026-08-19 17:49:21,035 [INFO] ApiDb:250 - Set database path to: C:\Users\lthst\.stmcufinder\plugins\mcufinder//mcu/
2026-08-19 17:49:21,036 [WARN] DbFile:41 - Overriding database path with different value: C:\Users\lthst\.stmcufinder\plugins\mcufinder/ => C:\Users\lthst\.stmcufinder\plugins\mcufinder
2026-08-19 17:49:21,036 [INFO] DbMcusAds:125 - Set database path to: C:\Users\lthst\.stmcufinder\plugins\mcufinder//mcu/
2026-08-19 17:49:21,036 [WARN] DbFile:41 - Overriding database path with different value: C:\Users\lthst\.stmcufinder\plugins\mcufinder/ => C:\Users\lthst\.stmcufinder\plugins\mcufinder
2026-08-19 17:49:21,036 [WARN] DbFile:41 - Overriding database path with different value: C:\Users\lthst\.stmcufinder\plugins\mcufinder/ => C:\Users\lthst\.stmcufinder\plugins\mcufinder
2026-08-19 17:49:21,036 [INFO] CrossReferenceDbSqlite:203 - Set database path to: C:\Users\lthst\.stmcufinder\plugins\mcufinder//mcu/cs/
2026-08-19 17:49:21,223 [INFO] MainPanel:272 - HeapMemory: 268435456
2026-08-19 17:49:21,453 [INFO] DbMcusXml:78 - Set database path to: C:\ST\STM32CubeIDE_1.18.0\STM32CubeIDE\plugins\com.st.stm32cube.common.mx_6.14.0.202502271554\\db\/mcu/
2026-08-19 17:49:21,453 [INFO] ApiDb:274 - Set plugin database path to: C:\ST\STM32CubeIDE_1.18.0\STM32CubeIDE\plugins\com.st.stm32cube.common.mx_6.14.0.202502271554\\db\/plugins/boardmanager/
2026-08-19 17:49:21,453 [INFO] ApiDb:261 - Set plugin images path to: C:\ST\STM32CubeIDE_1.18.0\STM32CubeIDE\plugins\com.st.stm32cube.common.mx_6.14.0.202502271554\\db\/plugins/mcufinder/images/
2026-08-19 17:49:21,454 [WARN] DbFile:41 - Overriding database path with different value: C:\Users\lthst\.stmcufinder\plugins\mcufinder/ => C:\Users\lthst\.stmcufinder\plugins\mcufinder
2026-08-19 17:49:21,454 [INFO] ApiDb:250 - Set database path to: C:\Users\lthst\.stmcufinder\plugins\mcufinder//mcu/
2026-08-19 17:49:21,454 [WARN] DbFile:41 - Overriding database path with different value: C:\Users\lthst\.stmcufinder\plugins\mcufinder/ => C:\Users\lthst\.stmcufinder\plugins\mcufinder
2026-08-19 17:49:21,455 [INFO] DbMcusAds:125 - Set database path to: C:\Users\lthst\.stmcufinder\plugins\mcufinder//mcu/
2026-08-19 17:49:21,455 [WARN] DbFile:41 - Overriding database path with different value: C:\Users\lthst\.stmcufinder\plugins\mcufinder/ => C:\Users\lthst\.stmcufinder\plugins\mcufinder
2026-08-19 17:49:21,455 [WARN] DbFile:41 - Overriding database path with different value: C:\Users\lthst\.stmcufinder\plugins\mcufinder/ => C:\Users\lthst\.stmcufinder\plugins\mcufinder
2026-08-19 17:49:21,455 [INFO] CrossReferenceDbSqlite:203 - Set database path to: C:\Users\lthst\.stmcufinder\plugins\mcufinder//mcu/cs/
2026-08-19 17:49:21,499 [INFO] ApplicationProperties:184 - Using Application install path: C:\ST\STM32CubeIDE_1.18.0\STM32CubeIDE\plugins\com.st.stm32cube.common.mx_6.14.0.202502271554
2026-08-19 17:49:21,502 [INFO] PluginManage:196 - Search for loadable plugins [exclusion list=, ]
2026-08-19 17:49:21,504 [INFO] PluginManage:310 - Check plugin analytics
2026-08-19 17:49:21,911 [INFO] AnalyticsPlugin:253 - Accepted Software Licenses: 
2026-08-19 17:49:21,911 [INFO] AnalyticsPlugin:255 - Accepted CMSIS Pack Licenses: 
2026-08-19 17:49:21,912 [INFO] AnalyticsPlugin:257 - Accepted Firmware Licenses: FW.F4.1.28.0
2026-08-19 17:49:21,919 [INFO] PluginManage:359 - Loaded plugin analytics (category:tool,tabindex:-1)
2026-08-19 17:49:21,920 [INFO] PluginManage:310 - Check plugin cadmodel
2026-08-19 17:49:21,929 [INFO] CADModel:105 - Init CAD model plugin
2026-08-19 17:49:21,930 [INFO] PluginManage:359 - Loaded plugin cadmodel (category:power,tabindex:5)
2026-08-19 17:49:21,930 [INFO] PluginManage:310 - Check plugin clock
2026-08-19 17:49:21,948 [INFO] PluginManage:359 - Loaded plugin clock (category:base,tabindex:2)
2026-08-19 17:49:21,948 [INFO] PluginManage:310 - Check plugin ddr
2026-08-19 17:49:21,953 [INFO] PluginManage:359 - Loaded plugin ddr (category:tool,tabindex:6)
2026-08-19 17:49:21,953 [INFO] PluginManage:310 - Check plugin filemanager
2026-08-19 17:49:22,376 [INFO] PluginManage:359 - Loaded plugin filemanager (category:base,tabindex:10)
2026-08-19 17:49:22,377 [INFO] PluginManage:310 - Check plugin ipmanager
2026-08-19 17:49:22,394 [INFO] PluginManage:359 - Loaded plugin ipmanager (category:base,tabindex:5)
2026-08-19 17:49:22,395 [INFO] PluginManage:310 - Check plugin lpbam
2026-08-19 17:49:22,412 [INFO] PluginManage:359 - Loaded plugin lpbam (category:base,tabindex:0)
2026-08-19 17:49:22,413 [INFO] PluginManage:310 - Check plugin memorymap
2026-08-19 17:49:22,441 [INFO] PluginManage:359 - Loaded plugin memorymap (category:base,tabindex:4)
2026-08-19 17:49:22,442 [INFO] PluginManage:310 - Check plugin pinoutandconfiguration
2026-08-19 17:49:22,460 [INFO] PluginManage:359 - Loaded plugin pinoutandconfiguration (category:base,tabindex:1)
2026-08-19 17:49:22,461 [INFO] PluginManage:310 - Check plugin pinoutconfig
2026-08-19 17:49:22,658 [WARN] SupportedApi:132 - Cannot load RTOS API schema: s4s-elt-must-match.1: The content of 'definitions' must match (annotation?, (simpleType | complexType)?, (unique | key | keyref)*)). A problem was found starting at: attribute.
2026-08-19 17:49:23,004 [INFO] PluginManage:359 - Loaded plugin pinoutconfig (category:base,tabindex:0)
2026-08-19 17:49:23,004 [INFO] PluginManage:310 - Check plugin power
2026-08-19 17:49:23,029 [INFO] PluginManage:359 - Loaded plugin power (category:power,tabindex:4)
2026-08-19 17:49:23,029 [INFO] PluginManage:310 - Check plugin projectmanager
2026-08-19 17:49:23,074 [INFO] PluginManage:359 - Loaded plugin projectmanager (category:projectmanager,tabindex:4)
2026-08-19 17:49:23,074 [INFO] PluginManage:310 - Check plugin rif
2026-08-19 17:49:23,088 [INFO] PluginManage:359 - Loaded plugin rif (category:base,tabindex:3)
2026-08-19 17:49:23,089 [INFO] PluginManage:310 - Check plugin thirdparty
2026-08-19 17:49:23,483 [WARN] IntegrityCheckThread:84 - waiting for thirdparty lock release [integrity check]
2026-08-19 17:49:23,484 [INFO] IntegrityCheckThread:86 - entering critical section [integrity check]
2026-08-19 17:49:23,484 [INFO] PluginManage:359 - Loaded plugin thirdparty (category:base,tabindex:-1)
2026-08-19 17:49:23,484 [INFO] PluginManage:310 - Check plugin tools
2026-08-19 17:49:23,484 [INFO] ThirdPartyUpdaterWithRetryManager:70 - Updater plugin not ready yet. [1/15]
2026-08-19 17:49:23,488 [INFO] PluginManage:359 - Loaded plugin tools (category:base,tabindex:7)
2026-08-19 17:49:23,489 [INFO] PluginManage:310 - Check plugin tutovideos
2026-08-19 17:49:23,847 [INFO] PluginManage:359 - Loaded plugin tutovideos (category:base,tabindex:-1)
2026-08-19 17:49:23,847 [INFO] PluginManage:310 - Check plugin updater
2026-08-19 17:49:23,889 [INFO] PluginManage:359 - Loaded plugin updater (category:base,tabindex:12)
2026-08-19 17:49:23,889 [INFO] PluginManage:310 - Check plugin userauth
2026-08-19 17:49:23,896 [INFO] UserAuth:118 - Init User Auth plugin
2026-08-19 17:49:23,898 [INFO] PluginManage:359 - Loaded plugin userauth (category:base,tabindex:14)
2026-08-19 17:49:23,898 [INFO] PluginManage:283 - PluginManage : Loaded plugins [18]
2026-08-19 17:49:24,372 [INFO] PinOutPanel:1589 - setPackage(No Configuration,No Configuration)
2026-08-19 17:49:24,572 [INFO] CADModel:165 - CPN selected for project level
2026-08-19 17:49:24,573 [INFO] CADModel:114 - Register for checkConnection events
2026-08-19 17:49:24,604 [INFO] IPUIPlugin:80 - create IPUIPlugin
2026-08-19 17:49:24,605 [INFO] PluginManager:220 - loadIPPluginJar : add adc
2026-08-19 17:49:24,610 [INFO] IPUIPlugin:80 - create IPUIPlugin
2026-08-19 17:49:24,610 [INFO] PluginManager:220 - loadIPPluginJar : add aes
2026-08-19 17:49:24,616 [INFO] IPUIPlugin:80 - create IPUIPlugin
2026-08-19 17:49:24,616 [INFO] PluginManager:220 - loadIPPluginJar : add can
2026-08-19 17:49:24,619 [INFO] IPUIPlugin:80 - create IPUIPlugin
2026-08-19 17:49:24,622 [INFO] PluginManager:220 - loadIPPluginJar : add comp
2026-08-19 17:49:24,628 [INFO] IPUIPlugin:80 - create IPUIPlugin
2026-08-19 17:49:24,628 [INFO] PluginManager:220 - loadIPPluginJar : add cryp
2026-08-19 17:49:24,634 [INFO] IPUIPlugin:80 - create IPUIPlugin
2026-08-19 17:49:24,635 [INFO] PluginManager:220 - loadIPPluginJar : add ddr_ctrl_phy
2026-08-19 17:49:24,639 [INFO] IPUIPlugin:80 - create IPUIPlugin
2026-08-19 17:49:24,640 [INFO] PluginManager:220 - loadIPPluginJar : add dfsdm
2026-08-19 17:49:24,651 [INFO] IPUIPlugin:80 - create IPUIPlugin
2026-08-19 17:49:24,652 [INFO] PluginManager:220 - loadIPPluginJar : add dma
2026-08-19 17:49:24,656 [INFO] IPUIPlugin:80 - create IPUIPlugin
2026-08-19 17:49:24,658 [INFO] PluginManager:220 - loadIPPluginJar : add dma3
2026-08-19 17:49:24,664 [INFO] IPUIPlugin:80 - create IPUIPlugin
2026-08-19 17:49:24,664 [INFO] PluginManager:220 - loadIPPluginJar : add extmemmanager
2026-08-19 17:49:24,666 [INFO] IPUIPlugin:80 - create IPUIPlugin
2026-08-19 17:49:24,668 [INFO] PluginManager:220 - loadIPPluginJar : add fatfs
2026-08-19 17:49:24,677 [INFO] IPUIPlugin:80 - create IPUIPlugin
2026-08-19 17:49:24,678 [INFO] PluginManager:220 - loadIPPluginJar : add fmc
2026-08-19 17:49:24,687 [INFO] IPUIPlugin:80 - create IPUIPlugin
2026-08-19 17:49:24,688 [INFO] PluginManager:220 - loadIPPluginJar : add freertos
2026-08-19 17:49:24,691 [INFO] IPUIPlugin:80 - create IPUIPlugin
2026-08-19 17:49:24,692 [INFO] PluginManager:220 - loadIPPluginJar : add genericplugin
2026-08-19 17:49:24,696 [INFO] IPUIPlugin:80 - create IPUIPlugin
2026-08-19 17:49:24,696 [INFO] PluginManager:220 - loadIPPluginJar : add gfxmmu
2026-08-19 17:49:24,705 [INFO] IPUIPlugin:80 - create IPUIPlugin
2026-08-19 17:49:24,706 [INFO] PluginManager:220 - loadIPPluginJar : add gic
2026-08-19 17:49:24,713 [INFO] IPUIPlugin:80 - create IPUIPlugin
2026-08-19 17:49:24,713 [INFO] PluginManager:220 - loadIPPluginJar : add gpio
2026-08-19 17:49:24,718 [INFO] IPUIPlugin:80 - create IPUIPlugin
2026-08-19 17:49:24,719 [INFO] PluginManager:220 - loadIPPluginJar : add gtzc
2026-08-19 17:49:24,724 [INFO] IPUIPlugin:80 - create IPUIPlugin
2026-08-19 17:49:24,725 [INFO] PluginManager:220 - loadIPPluginJar : add hash
2026-08-19 17:49:24,730 [INFO] IPUIPlugin:80 - create IPUIPlugin
2026-08-19 17:49:24,731 [INFO] PluginManager:220 - loadIPPluginJar : add i2c
2026-08-19 17:49:24,736 [INFO] IPUIPlugin:80 - create IPUIPlugin
2026-08-19 17:49:24,736 [INFO] PluginManager:220 - loadIPPluginJar : add i2s
2026-08-19 17:49:24,742 [INFO] IPUIPlugin:80 - create IPUIPlugin
2026-08-19 17:49:24,742 [INFO] PluginManager:220 - loadIPPluginJar : add i3c
2026-08-19 17:49:24,748 [INFO] IPUIPlugin:80 - create IPUIPlugin
2026-08-19 17:49:24,749 [INFO] PluginManager:220 - loadIPPluginJar : add ipddr
2026-08-19 17:49:24,772 [INFO] IPUIPlugin:80 - create IPUIPlugin
2026-08-19 17:49:24,772 [INFO] PluginManager:220 - loadIPPluginJar : add linkedlist
2026-08-19 17:49:24,781 [INFO] IPUIPlugin:80 - create IPUIPlugin
2026-08-19 17:49:24,781 [INFO] PluginManager:220 - loadIPPluginJar : add lorawan
2026-08-19 17:49:24,784 [INFO] IPUIPlugin:80 - create IPUIPlugin
2026-08-19 17:49:24,784 [INFO] PluginManager:220 - loadIPPluginJar : add ltdc
2026-08-19 17:49:24,793 [INFO] IPUIPlugin:80 - create IPUIPlugin
2026-08-19 17:49:24,794 [INFO] PluginManager:220 - loadIPPluginJar : add mdma
2026-08-19 17:49:24,800 [INFO] IPUIPlugin:80 - create IPUIPlugin
2026-08-19 17:49:24,800 [INFO] PluginManager:220 - loadIPPluginJar : add nvic
2026-08-19 17:49:24,805 [INFO] IPUIPlugin:80 - create IPUIPlugin
2026-08-19 17:49:24,805 [INFO] PluginManager:220 - loadIPPluginJar : add opamp
2026-08-19 17:49:24,811 [INFO] IPUIPlugin:80 - create IPUIPlugin
2026-08-19 17:49:24,811 [INFO] PluginManager:220 - loadIPPluginJar : add openamp
2026-08-19 17:49:24,817 [INFO] IPUIPlugin:80 - create IPUIPlugin
2026-08-19 17:49:24,817 [INFO] PluginManager:220 - loadIPPluginJar : add pdm2pcm
2026-08-19 17:49:24,830 [INFO] IPUIPlugin:80 - create IPUIPlugin
2026-08-19 17:49:24,835 [INFO] PluginManager:220 - loadIPPluginJar : add plateformsettings
2026-08-19 17:49:24,839 [INFO] IPUIPlugin:80 - create IPUIPlugin
2026-08-19 17:49:24,839 [INFO] PluginManager:220 - loadIPPluginJar : add quadspi
2026-08-19 17:49:24,843 [INFO] IPUIPlugin:80 - create IPUIPlugin
2026-08-19 17:49:24,845 [INFO] PluginManager:220 - loadIPPluginJar : add radio
2026-08-19 17:49:24,851 [INFO] IPUIPlugin:80 - create IPUIPlugin
2026-08-19 17:49:24,851 [INFO] PluginManager:220 - loadIPPluginJar : add resmgrutility
2026-08-19 17:49:24,857 [INFO] IPUIPlugin:80 - create IPUIPlugin
2026-08-19 17:49:24,857 [INFO] PluginManager:220 - loadIPPluginJar : add sai
2026-08-19 17:49:24,863 [INFO] IPUIPlugin:80 - create IPUIPlugin
2026-08-19 17:49:24,863 [INFO] PluginManager:220 - loadIPPluginJar : add spi
2026-08-19 17:49:24,875 [INFO] IPUIPlugin:80 - create IPUIPlugin
2026-08-19 17:49:24,875 [INFO] PluginManager:220 - loadIPPluginJar : add stm32_wpan
2026-08-19 17:49:24,879 [INFO] IPUIPlugin:80 - create IPUIPlugin
2026-08-19 17:49:24,879 [INFO] PluginManager:220 - loadIPPluginJar : add tim
2026-08-19 17:49:24,885 [INFO] IPUIPlugin:80 - create IPUIPlugin
2026-08-19 17:49:24,886 [INFO] PluginManager:220 - loadIPPluginJar : add touchsensing
2026-08-19 17:49:24,890 [INFO] IPUIPlugin:80 - create IPUIPlugin
2026-08-19 17:49:24,890 [INFO] PluginManager:220 - loadIPPluginJar : add tracer_emb
2026-08-19 17:49:24,893 [INFO] IPUIPlugin:80 - create IPUIPlugin
2026-08-19 17:49:24,894 [INFO] PluginManager:220 - loadIPPluginJar : add ts
2026-08-19 17:49:24,896 [INFO] IPUIPlugin:80 - create IPUIPlugin
2026-08-19 17:49:24,897 [INFO] PluginManager:220 - loadIPPluginJar : add tsc
2026-08-19 17:49:24,901 [INFO] IPUIPlugin:80 - create IPUIPlugin
2026-08-19 17:49:24,901 [INFO] PluginManager:220 - loadIPPluginJar : add ucpd
2026-08-19 17:49:24,906 [INFO] IPUIPlugin:80 - create IPUIPlugin
2026-08-19 17:49:24,906 [INFO] PluginManager:220 - loadIPPluginJar : add usart
2026-08-19 17:49:24,955 [INFO] IPUIPlugin:80 - create IPUIPlugin
2026-08-19 17:49:24,956 [INFO] PluginManager:220 - loadIPPluginJar : add usbx
2026-08-19 17:49:25,151 [FATAL] Updater:351 - Updater called before beeing initialized
2026-08-19 17:49:25,220 [INFO] RulesReader:64 - Compatibility file has been processed (301 Rules)
2026-08-19 17:49:25,254 [INFO] RulesReader:64 - Compatibility file has been processed (301 Rules)
2026-08-19 17:49:25,268 [INFO] CADModel:165 - CPN selected for project level
2026-08-19 17:49:25,269 [INFO] CADModel:114 - Register for checkConnection events
2026-08-19 17:49:25,269 [FATAL] Updater:351 - Updater called before beeing initialized
2026-08-19 17:49:25,269 [ERROR] CADModel:125 - Updater not yet initialized, retry later 
2026-08-19 17:49:25,563 [FATAL] Updater:351 - Updater called before beeing initialized
2026-08-19 17:49:25,567 [INFO] CADModel:165 - CPN selected for project level
2026-08-19 17:49:25,568 [INFO] CADModel:114 - Register for checkConnection events
2026-08-19 17:49:25,568 [FATAL] Updater:351 - Updater called before beeing initialized
2026-08-19 17:49:25,568 [ERROR] CADModel:125 - Updater not yet initialized, retry later 
2026-08-19 17:49:25,574 [FATAL] Updater:351 - Updater called before beeing initialized
2026-08-19 17:49:25,822 [FATAL] Updater:351 - Updater called before beeing initialized
2026-08-19 17:49:25,833 [INFO] DbMcusAds:53 - JSON generation date=Wed Jul 15 18:44:54 KST 2026 (1784108694001)
2026-08-19 17:49:25,833 [FATAL] Updater:351 - Updater called before beeing initialized
2026-08-19 17:49:25,929 [WARN] DetailPanel:346 - Failed to get advertising image, set to default
2026-08-19 17:49:26,486 [INFO] ThirdPartyUpdaterWithRetryManager:70 - Updater plugin not ready yet. [2/15]
2026-08-19 17:49:26,749 [FATAL] Updater:351 - Updater called before beeing initialized
2026-08-19 17:49:26,753 [FATAL] Updater:351 - Updater called before beeing initialized
2026-08-19 17:49:26,755 [FATAL] Updater:351 - Updater called before beeing initialized
2026-08-19 17:49:26,755 [WARN] DetailPanel:346 - Failed to get advertising image, set to default
2026-08-19 17:49:26,757 [FATAL] Updater:351 - Updater called before beeing initialized
2026-08-19 17:49:26,881 [ERROR] Updater:1198 - MainUpdater not yet initialized. External WinMGr cannot be set.
2026-08-19 17:49:26,885 [INFO] Updater:1134 - Updater Version found : 6.14.0
2026-08-19 17:49:26,952 [INFO] ApplicationProperties:184 - Using Application install path: C:\ST\STM32CubeIDE_1.18.0\STM32CubeIDE\plugins\com.st.stm32cube.common.mx_6.14.0.202502271554
2026-08-19 17:49:27,629 [INFO] MainUpdater:2872 - connection check result : 10
2026-08-19 17:49:27,631 [INFO] MainUpdater:289 - Updater Check For Update Now.
2026-08-19 17:49:27,631 [INFO] MicroXplorer:498 - Change Database Version : DB.6.0.140
2026-08-19 17:49:27,644 [INFO] McuFinderGlobals:63 - Set McuFinder mode to 2 (CubeIDE integrated)
2026-08-19 17:49:27,645 [INFO] UserAuth:486 - Internet connection configuration mode: 1
2026-08-19 17:49:27,682 [INFO] JxBrowserEngine:152 - Initiate JxBrowser Engine with user profile folder
2026-08-19 17:49:27,990 [INFO] CheckServerUpdateThread:120 - End of CheckServer Thread
2026-08-19 17:49:29,020 [INFO] WebApp:169 - Instantiating new browser for Auth
2026-08-19 17:49:30,296 [WARN] PackLoader:240 - Cannot read IP mode file for STMicroelectronics.X-CUBE-AZRTOS-H7.3.5.0
2026-08-19 17:49:30,324 [WARN] PackLoader:240 - Cannot read IP mode file for STMicroelectronics.FP-SNS-MOTENVWB1.1.4.0
2026-08-19 17:49:30,339 [WARN] PackLoader:240 - Cannot read IP mode file for STMicroelectronics.FP-ATR-ASTRA1.2.0.3
2026-08-19 17:49:30,347 [WARN] PackLoader:240 - Cannot read IP mode file for STMicroelectronics.FP-ATR-ASTRA1.2.0.2
2026-08-19 17:49:30,375 [ERROR] Engine:466 - C:\Users\lthst\.stm32cubemx\thirdparties\pdsc\STMicroelectronics.X-CUBE-SMBUS.2.1.1.pdsc: PDSC version is not supported
2026-08-19 17:49:30,386 [WARN] PackLoader:240 - Cannot read IP mode file for STMicroelectronics.X-CUBE-SMBUS.2.1.0
2026-08-19 17:49:30,404 [WARN] PackLoader:240 - Cannot read IP mode file for STMicroelectronics.X-CUBE-WB05N.1.1.0
2026-08-19 17:49:30,416 [WARN] PackLoader:240 - Cannot read IP mode file for STMicroelectronics.X-CUBE-ST60.1.0.0
2026-08-19 17:49:30,465 [WARN] PackLoader:240 - Cannot read IP mode file for STMicroelectronics.X-CUBE-AZRTOS-F7.1.1.0
2026-08-19 17:49:30,476 [ERROR] Engine:466 - C:\Users\lthst\.stm32cubemx\thirdparties\pdsc\STMicroelectronics.X-CUBE-FREERTOS.1.6.0.pdsc: PDSC version is not supported
2026-08-19 17:49:30,479 [ERROR] Engine:466 - C:\Users\lthst\.stm32cubemx\thirdparties\pdsc\STMicroelectronics.FP-SNS-MOTENV1.5.1.0.pdsc: PDSC version is not supported
2026-08-19 17:49:30,547 [WARN] PackLoader:240 - Cannot read IP mode file for STMicroelectronics.X-CUBE-AZRTOS-H7RS.1.3.0
2026-08-19 17:49:30,594 [WARN] PackLoader:240 - Cannot read IP mode file for Infineon.AIROC-Wi-Fi-Bluetooth-STM32.1.7.0
2026-08-19 17:49:30,643 [WARN] PackLoader:240 - Cannot read IP mode file for STMicroelectronics.X-CUBE-AZRTOS-H7.3.4.0
2026-08-19 17:49:30,662 [WARN] PackLoader:240 - Cannot read IP mode file for STMicroelectronics.X-CUBE-DISPLAY.3.0.0
2026-08-19 17:49:30,683 [WARN] PackLoader:240 - Cannot read IP mode file for STMicroelectronics.X-CUBE-GNSS1.7.1.1
2026-08-19 17:49:30,690 [ERROR] Engine:466 - C:\Users\lthst\.stm32cubemx\thirdparties\pdsc\STMicroelectronics.FP-SNS-MOTENVWB1.1.5.0.pdsc: PDSC version is not supported
2026-08-19 17:49:30,702 [WARN] PackLoader:240 - Cannot read IP mode file for STMicroelectronics.X-CUBE-NFC10.1.0.0
2026-08-19 17:49:30,722 [WARN] PackLoader:240 - Cannot read IP mode file for STMicroelectronics.X-CUBE-BLEMGR.4.0.0
2026-08-19 17:49:30,736 [WARN] PackLoader:240 - Cannot read IP mode file for STMicroelectronics.X-CUBE-ST60.1.1.0
2026-08-19 17:49:30,749 [WARN] PackLoader:240 - Cannot read IP mode file for emotas.I-CUBE-CANOPEN.1.3.0
2026-08-19 17:49:30,754 [ERROR] Engine:466 - C:\Users\lthst\.stm32cubemx\thirdparties\pdsc\STMicroelectronics.X-CUBE-WBA.1.1.0.pdsc: PDSC version is not supported
2026-08-19 17:49:30,762 [WARN] PackLoader:240 - Cannot read IP mode file for STMicroelectronics.X-CUBE-GNSS1.7.1.0
2026-08-19 17:49:30,773 [WARN] ConditionMgr:438 - getConditionDescription Invalid condition id : Cortex-A Device cause : null
2026-08-19 17:49:30,806 [WARN] ConditionMgr:1044 - genDependencies : Invalid condition id : Cortex-A Device cause : null
2026-08-19 17:49:30,806 [WARN] ConditionMgr:1044 - genDependencies : Invalid condition id : Cortex-A Device cause : null
2026-08-19 17:49:30,806 [WARN] ConditionMgr:1044 - genDependencies : Invalid condition id : Cortex-A Device cause : null
2026-08-19 17:49:30,815 [WARN] PackLoader:240 - Cannot read IP mode file for STMicroelectronics.X-CUBE-AI.10.0.0
2026-08-19 17:49:30,823 [ERROR] Engine:466 - C:\Users\lthst\.stm32cubemx\thirdparties\pdsc\STMicroelectronics.FP-SNS-STBOX1.2.1.0.pdsc: PDSC version is not supported
2026-08-19 17:49:30,832 [WARN] PackLoader:240 - Cannot read IP mode file for STMicroelectronics.FP-SNS-SMARTAG2.1.2.0
2026-08-19 17:49:30,841 [WARN] PackLoader:240 - Cannot read IP mode file for STMicroelectronics.FP-SNS-FLIGHT1.5.1.0
2026-08-19 17:49:30,943 [WARN] PackLoader:240 - Cannot read IP mode file for STMicroelectronics.X-CUBE-MEMS1.11.1.0
2026-08-19 17:49:31,446 [INFO] LogOutputStream:77 - [STDOUT_REDIRECT] 1 : Invalid condition id : UX_CORESTACK_Condition cause : null
2026-08-19 17:49:31,447 [INFO] LogOutputStream:77 - [STDOUT_REDIRECT] 1 : Invalid condition id : UX_CORESTACK_Condition cause : null
2026-08-19 17:49:31,449 [INFO] LogOutputStream:77 - [STDOUT_REDIRECT] 1 : Invalid condition id : UX_CORESTACK_Condition cause : null
2026-08-19 17:49:31,451 [INFO] LogOutputStream:77 - [STDOUT_REDIRECT] 1 : Invalid condition id : UX_CORESTACK_Condition cause : null
2026-08-19 17:49:31,453 [INFO] LogOutputStream:77 - [STDOUT_REDIRECT] 1 : Invalid condition id : UX_CORESTACK_Condition cause : null
2026-08-19 17:49:31,457 [WARN] PackLoader:240 - Cannot read IP mode file for STMicroelectronics.X-CUBE-AZRTOS-WL.2.0.0
2026-08-19 17:49:31,468 [WARN] PackLoader:240 - Cannot read IP mode file for STMicroelectronics.FP-SNS-MOTENV1.5.0.0
2026-08-19 17:49:31,497 [WARN] PackLoader:240 - Cannot read IP mode file for STMicroelectronics.X-CUBE-AZRTOS-H7RS.1.2.0
2026-08-19 17:49:31,521 [WARN] PackLoader:240 - Cannot read IP mode file for WES.I-CUBE-Cesium.1.3.0
2026-08-19 17:49:31,608 [INFO] WebApp:463 - Apply proxy settings
2026-08-19 17:49:31,608 [INFO] WebApp:548 - Chromium requires no authentication
2026-08-19 17:49:31,630 [WARN] PackLoader:240 - Cannot read IP mode file for STMicroelectronics.X-CUBE-BLE2.3.3.0
2026-08-19 17:49:31,637 [INFO] WebApp:491 - Direct internet connection detected
2026-08-19 17:49:31,666 [WARN] PackLoader:240 - Cannot read IP mode file for STMicroelectronics.X-CUBE-NFC9.1.0.0
2026-08-19 17:49:31,678 [WARN] PackLoader:240 - Cannot read IP mode file for STMicroelectronics.X-CUBE-BLE1.7.1.0
2026-08-19 17:49:31,687 [WARN] PackLoader:240 - Cannot read IP mode file for wolfSSL.I-CUBE-wolfMQTT.1.19.2
2026-08-19 17:49:31,692 [ERROR] Engine:466 - C:\Users\lthst\.stm32cubemx\thirdparties\pdsc\STMicroelectronics.X-CUBE-FREERTOS.1.4.0.pdsc: PDSC version is not supported
2026-08-19 17:49:31,702 [WARN] PackLoader:240 - Cannot read IP mode file for STMicroelectronics.X-CUBE-EEPRMA1.5.2.0
2026-08-19 17:49:31,711 [ERROR] Engine:466 - C:\Users\lthst\.stm32cubemx\thirdparties\pdsc\STMicroelectronics.X-CUBE-ST67W61.1.1.0.pdsc: PDSC version is not supported
2026-08-19 17:49:31,716 [INFO] WebApp:894 - Register for checkConnection events
2026-08-19 17:49:31,717 [INFO] WebApp:463 - Apply proxy settings
2026-08-19 17:49:31,717 [INFO] WebApp:548 - Chromium requires no authentication
2026-08-19 17:49:31,717 [WARN] PackLoader:240 - Cannot read IP mode file for STMicroelectronics.X-CUBE-AI.10.1.0
2026-08-19 17:49:31,719 [INFO] WebApp:491 - Direct internet connection detected
2026-08-19 17:49:31,723 [ERROR] Engine:466 - C:\Users\lthst\.stm32cubemx\thirdparties\pdsc\STMicroelectronics.FP-SNS-STAIOTCFT.1.1.0.pdsc: PDSC version is not supported
2026-08-19 17:49:31,793 [WARN] PackLoader:240 - Cannot read IP mode file for STMicroelectronics.X-CUBE-MEMS1.12.0.0
2026-08-19 17:49:31,975 [WARN] PackLoader:240 - Cannot read IP mode file for STMicroelectronics.X-CUBE-MEMS1.11.2.0
2026-08-19 17:49:32,089 [INFO] WebApp:191 - Connection restablished
2026-08-19 17:49:32,204 [WARN] PackLoader:240 - Cannot read IP mode file for STMicroelectronics.X-CUBE-AZRTOS-G0.1.1.0
2026-08-19 17:49:32,219 [WARN] PackLoader:240 - Cannot read IP mode file for STMicroelectronics.X-CUBE-SAFEA1.1.2.2
2026-08-19 17:49:32,231 [WARN] PackLoader:240 - Cannot read IP mode file for STMicroelectronics.X-CUBE-NFC4.3.0.0
2026-08-19 17:49:32,251 [WARN] PackLoader:240 - Cannot read IP mode file for EmbeddedOffice.I-CUBE-FS-RTOS.1.0.1
2026-08-19 17:49:32,263 [WARN] PackLoader:240 - Cannot read IP mode file for STMicroelectronics.X-CUBE-WB05N.2.0.0
2026-08-19 17:49:32,274 [WARN] PackLoader:240 - Cannot read IP mode file for wolfSSL.I-CUBE-wolfTPM.3.8.0
2026-08-19 17:49:32,292 [WARN] PackLoader:240 - Cannot read IP mode file for STMicroelectronics.X-CUBE-TCPP.4.2.0
2026-08-19 17:49:32,317 [WARN] PackLoader:240 - Cannot read IP mode file for RealThread.X-CUBE-RT-Thread_Nano.4.1.1
2026-08-19 17:49:32,326 [WARN] PackLoader:240 - Cannot read IP mode file for STMicroelectronics.FP-ATR-SIGFOX1.3.2.0
2026-08-19 17:49:32,341 [WARN] PackLoader:240 - Cannot read IP mode file for STMicroelectronics.X-CUBE-EEPRMA1.5.1.0
2026-08-19 17:49:32,349 [ERROR] Engine:466 - C:\Users\lthst\.stm32cubemx\thirdparties\pdsc\STMicroelectronics.X-CUBE-FREERTOS.1.5.0.pdsc: PDSC version is not supported
2026-08-19 17:49:32,357 [WARN] PackLoader:240 - Cannot read IP mode file for wolfSSL.I-CUBE-wolfSSL.5.7.6
2026-08-19 17:49:32,372 [WARN] PackLoader:240 - Cannot read IP mode file for ITTIA_DB.I-CUBE-ITTIADB.8.9.0
2026-08-19 17:49:32,384 [WARN] PackLoader:240 - Cannot read IP mode file for STMicroelectronics.X-CUBE-NFC6.3.2.0
2026-08-19 17:49:32,401 [WARN] PackLoader:240 - Cannot read IP mode file for STMicroelectronics.X-CUBE-ST67W61.1.0.0
2026-08-19 17:49:32,410 [WARN] PackLoader:240 - Cannot read IP mode file for STMicroelectronics.X-CUBE-AI.10.2.1
2026-08-19 17:49:32,420 [WARN] PackLoader:240 - Cannot read IP mode file for STMicroelectronics.X-CUBE-AI.10.2.0
2026-08-19 17:49:32,467 [INFO] WebApp:225 - Starting web application
2026-08-19 17:49:32,468 [INFO] WebApp:593 - Web application path used C:\ST\STM32CubeIDE_1.18.0\STM32CubeIDE\plugins\com.st.stm32cube.common.mx_6.14.0.202502271554\db\plugins\mcufinder\reactClient1\index.html
2026-08-19 17:49:32,491 [WARN] PackLoader:240 - Cannot read IP mode file for STMicroelectronics.X-CUBE-MEMS1.12.1.0
2026-08-19 17:49:33,034 [WARN] PackLoader:240 - Cannot read IP mode file for SEGGER.I-CUBE-embOS.1.3.1
2026-08-19 17:49:33,121 [INFO] UserAuth:486 - Internet connection configuration mode: 1
2026-08-19 17:49:33,130 [WARN] PackLoader:240 - Cannot read IP mode file for STMicroelectronics.X-CUBE-ALGOBUILD.1.4.0
2026-08-19 17:49:33,209 [WARN] PackLoader:240 - Cannot read IP mode file for STMicroelectronics.X-CUBE-MEMS1.11.3.0
2026-08-19 17:49:33,437 [WARN] PackLoader:240 - Cannot read IP mode file for STMicroelectronics.X-CUBE-NFC13.1.0.0
2026-08-19 17:49:33,449 [WARN] PackLoader:240 - Cannot read IP mode file for STMicroelectronics.X-CUBE-PM33A1.1.0.0
2026-08-19 17:49:33,474 [WARN] PackLoader:240 - Cannot read IP mode file for STMicroelectronics.X-CUBE-AZRTOS-F4.1.1.0
2026-08-19 17:49:33,487 [WARN] PackLoader:240 - Cannot read IP mode file for Avnet-IotConnect.X-CUBE-IoTC-DA16k-PMOD.1.0.0
2026-08-19 17:49:33,496 [WARN] PackLoader:240 - Cannot read IP mode file for STMicroelectronics.X-CUBE-ISPU.2.1.0
2026-08-19 17:49:33,505 [ERROR] Engine:466 - C:\Users\lthst\.stm32cubemx\thirdparties\pdsc\STMicroelectronics.X-CUBE-IPS.3.2.0.pdsc: PDSC version is not supported
2026-08-19 17:49:33,512 [WARN] PackLoader:240 - Cannot read IP mode file for STMicroelectronics.eDS-WB_DPC_TT-BIDIR.2.1.1
2026-08-19 17:49:33,524 [WARN] PackLoader:240 - Cannot read IP mode file for STMicroelectronics.X-CUBE-NFC12.1.0.0
2026-08-19 17:49:33,552 [WARN] PackLoader:240 - Cannot read IP mode file for STMicroelectronics.X-CUBE-AZRTOS-L5.2.0.0
2026-08-19 17:49:33,565 [WARN] PackLoader:240 - Cannot read IP mode file for STMicroelectronics.X-CUBE-NFC6.3.1.0
2026-08-19 17:49:33,577 [WARN] PackLoader:240 - Cannot read IP mode file for STMicroelectronics.X-CUBE-ALGOBUILD.1.5.0
2026-08-19 17:49:33,588 [WARN] PackLoader:240 - Cannot read IP mode file for STMicroelectronics.X-CUBE-DPower.1.2.0
2026-08-19 17:49:33,597 [WARN] PackLoader:240 - Cannot read IP mode file for STMicroelectronics.eDS-WB_DPC_VIENNA.1.2.0
2026-08-19 17:49:33,655 [WARN] PackLoader:240 - Cannot read IP mode file for STMicroelectronics.X-CUBE-MEMS1.13.0.0
2026-08-19 17:49:33,787 [WARN] PackLoader:240 - Cannot read IP mode file for STMicroelectronics.eDS-WB_DPC_3PH2L-BIDIR.1.1.1
2026-08-19 17:49:33,792 [ERROR] Engine:466 - C:\Users\lthst\.stm32cubemx\thirdparties\pdsc\STMicroelectronics.X-CUBE-ST67W61.1.3.0.pdsc: PDSC version is not supported
2026-08-19 17:49:33,803 [WARN] PackLoader:240 - Cannot read IP mode file for STMicroelectronics.X-CUBE-FREERTOS.1.3.1
2026-08-19 17:49:33,811 [WARN] PackLoader:240 - Cannot read IP mode file for STMicroelectronics.X-CUBE-FREERTOS.1.3.0
2026-08-19 17:49:33,820 [WARN] PackLoader:240 - Cannot read IP mode file for STMicroelectronics.X-CUBE-NFC7.1.0.1
2026-08-19 17:49:33,830 [WARN] PackLoader:240 - Cannot read IP mode file for STMicroelectronics.X-CUBE-TOUCHGFX.4.26.0
2026-08-19 17:49:33,835 [WARN] PackLoader:240 - Cannot read IP mode file for STMicroelectronics.X-CUBE-TOUCHGFX.4.26.1
2026-08-19 17:49:33,843 [WARN] PackLoader:240 - Cannot read IP mode file for STMicroelectronics.FP-SNS-STAIOTCFT.1.0.0
2026-08-19 17:49:33,852 [WARN] PackLoader:240 - Cannot read IP mode file for STMicroelectronics.X-CUBE-DPower.1.3.0
2026-08-19 17:49:33,878 [WARN] ConditionMgr:438 - getConditionDescription Invalid condition id : LAN8742 Phy interface Condition cause : null
2026-08-19 17:49:33,879 [WARN] PackLoader:240 - Cannot read IP mode file for STMicroelectronics.X-CUBE-AZRTOS-L4.2.0.0
2026-08-19 17:49:33,881 [WARN] ConditionMgr:1044 - genDependencies : Invalid condition id : LAN8742 Phy interface Condition cause : null
2026-08-19 17:49:33,881 [WARN] ConditionMgr:1044 - genDependencies : Invalid condition id : LAN8742 Phy interface Condition cause : null
2026-08-19 17:49:33,882 [WARN] ConditionMgr:1044 - genDependencies : Invalid condition id : LAN8742 Phy interface Condition cause : null
2026-08-19 17:49:33,894 [WARN] PackLoader:240 - Cannot read IP mode file for STMicroelectronics.X-CUBE-SFXS2LP1.4.0.0
2026-08-19 17:49:33,904 [WARN] PackLoader:240 - Cannot read IP mode file for STMicroelectronics.X-CUBE-WB05N.2.1.0
2026-08-19 17:49:33,910 [ERROR] Engine:466 - C:\Users\lthst\.stm32cubemx\thirdparties\pdsc\STMicroelectronics.X-CUBE-ST67W61.1.2.0.pdsc: PDSC version is not supported
2026-08-19 17:49:33,937 [WARN] PackLoader:240 - Cannot read IP mode file for STMicroelectronics.X-CUBE-AZRTOS-H7.3.3.0
2026-08-19 17:49:33,956 [WARN] PackLoader:240 - Cannot read IP mode file for STMicroelectronics.X-CUBE-BLEMGR.4.1.0
2026-08-19 17:49:33,980 [WARN] ConditionMgr:438 - getConditionDescription Invalid condition id : UX DEVICE CLASS RTOS Condition cause : null
2026-08-19 17:49:33,981 [WARN] ConditionMgr:438 - getConditionDescription Invalid condition id : UX DEVICE CLASS RTOS Condition cause : null
2026-08-19 17:49:33,983 [WARN] PackLoader:240 - Cannot read IP mode file for STMicroelectronics.X-CUBE-AZRTOS-WB.2.0.0
2026-08-19 17:49:33,984 [WARN] ConditionMgr:1044 - genDependencies : Invalid condition id : UX DEVICE CLASS RTOS Condition cause : null
2026-08-19 17:49:33,984 [WARN] ConditionMgr:1044 - genDependencies : Invalid condition id : UX DEVICE CLASS RTOS Condition cause : null
2026-08-19 17:49:33,985 [WARN] ConditionMgr:1044 - genDependencies : Invalid condition id : UX DEVICE CLASS RTOS Condition cause : null
2026-08-19 17:49:33,986 [WARN] ConditionMgr:1044 - genDependencies : Invalid condition id : UX DEVICE CLASS RTOS Condition cause : null
2026-08-19 17:49:33,986 [WARN] ConditionMgr:1044 - genDependencies : Invalid condition id : UX DEVICE CLASS RTOS Condition cause : null
2026-08-19 17:49:33,994 [WARN] PackLoader:240 - Cannot read IP mode file for STMicroelectronics.X-CUBE-GNSS1.7.0.1
2026-08-19 17:49:34,000 [WARN] PackLoader:240 - Cannot read IP mode file for STMicroelectronics.X-CUBE-TOUCHGFX.4.25.0
2026-08-19 17:49:34,011 [WARN] PackLoader:240 - Cannot read IP mode file for STMicroelectronics.FP-SNS-STBOX1.2.0.0
2026-08-19 17:49:34,027 [WARN] PackLoader:240 - Cannot read IP mode file for STMicroelectronics.X-CUBE-STSE01.2.0.0
2026-08-19 17:49:34,047 [WARN] PackLoader:240 - Cannot read IP mode file for STMicroelectronics.X-CUBE-SUBG2.5.0.0
2026-08-19 17:49:34,078 [WARN] PackLoader:240 - Cannot read IP mode file for STMicroelectronics.X-CUBE-AZRTOS-H7RS.1.1.0
2026-08-19 17:49:34,092 [WARN] PackLoader:240 - Cannot read IP mode file for Cesanta.I-CUBE-Mongoose.7.13.0
2026-08-19 17:49:34,112 [WARN] PackLoader:240 - Cannot read IP mode file for STMicroelectronics.X-CUBE-AZRTOS-G4.2.0.0
2026-08-19 17:49:34,121 [WARN] PackLoader:240 - Cannot read IP mode file for wolfSSL.I-CUBE-wolfSSH.1.4.20
2026-08-19 17:49:34,127 [WARN] PackLoader:240 - Cannot read IP mode file for STMicroelectronics.X-CUBE-NFC7.2.0.0
2026-08-19 17:49:34,144 [WARN] PackLoader:240 - Cannot read IP mode file for STMicroelectronics.X-CUBE-IPS.3.1.0
2026-08-19 17:49:34,170 [ERROR] Engine:466 - C:\Users\lthst\.stm32cubemx\thirdparties\pdsc\STMicroelectronics.X-CUBE-BLEMGR.4.2.0.pdsc: PDSC version is not supported
2026-08-19 17:49:34,183 [WARN] PackLoader:240 - Cannot read IP mode file for STMicroelectronics.X-CUBE-ALS.1.0.2
2026-08-19 17:49:34,194 [WARN] PackLoader:240 - Cannot read IP mode file for STMicroelectronics.X-CUBE-STSE01.1.0.0
2026-08-19 17:49:34,207 [WARN] PackLoader:240 - Cannot read IP mode file for portGmbH.I-Cube-SoM-uGOAL.1.1.0
2026-08-19 17:49:34,226 [WARN] PackLoader:240 - Cannot read IP mode file for STMicroelectronics.X-CUBE-TOF1.3.4.2
2026-08-19 17:49:34,256 [WARN] PackLoader:240 - Cannot read IP mode file for STMicroelectronics.X-CUBE-TOF1.3.4.3
2026-08-19 17:49:34,278 [INFO] ThirdParty:978 - Integrity check success = true
2026-08-19 17:49:34,279 [INFO] IntegrityCheckThread:100 - exiting critical section [integrity check]
2026-08-19 17:49:34,279 [INFO] IntegrityCheckThread:103 - End integrity checks thread
2026-08-19 18:00:41,833 [ERROR] LogOutputStream:75 - [STDERR_REDIRECT] 
2026-08-19 22:21:56,325 [INFO] Activator:176 - 


2026-08-19 22:21:56,330 [INFO] Activator:177 - !SESSION log4j initialized
2026-08-19 22:22:11,890 [INFO] LogOutputStream:77 - [STDOUT_REDIRECT] 
2026-08-19 22:22:17,104 [INFO] ApplicationProperties:184 - Using Application install path: C:\ST\STM32CubeIDE_1.18.0\STM32CubeIDE\plugins\com.st.stm32cube.common.mx_6.14.0.202502271554
2026-08-19 22:22:17,137 [INFO] DbMcusXml:78 - Set database path to: C:\ST\STM32CubeIDE_1.18.0\STM32CubeIDE\plugins\com.st.stm32cube.common.mx_6.14.0.202502271554\\db\/mcu/
2026-08-19 22:22:17,138 [INFO] ApiDb:274 - Set plugin database path to: C:\ST\STM32CubeIDE_1.18.0\STM32CubeIDE\plugins\com.st.stm32cube.common.mx_6.14.0.202502271554\\db\/plugins/boardmanager/
2026-08-19 22:22:17,138 [WARN] ApiDb:259 - Overriding images path with different value:  => C:\ST\STM32CubeIDE_1.18.0\STM32CubeIDE\plugins\com.st.stm32cube.common.mx_6.14.0.202502271554\\db\/plugins/mcufinder/images/
2026-08-19 22:22:17,150 [INFO] ApiDb:250 - Set database path to: C:\Users\lthst\.stmcufinder\plugins\mcufinder//mcu/
2026-08-19 22:22:17,152 [INFO] DbMcusAds:125 - Set database path to: C:\Users\lthst\.stmcufinder\plugins\mcufinder//mcu/
2026-08-19 22:22:17,156 [INFO] CrossReferenceDbSqlite:203 - Set database path to: C:\Users\lthst\.stmcufinder\plugins\mcufinder//mcu/cs/
2026-08-19 22:22:17,370 [INFO] RulesReader:64 - Compatibility file has been processed (301 Rules)
2026-08-19 22:22:17,533 [INFO] DbMcusXml:78 - Set database path to: C:\ST\STM32CubeIDE_1.18.0\STM32CubeIDE\plugins\com.st.stm32cube.common.mx_6.14.0.202502271554\\db\/mcu/
2026-08-19 22:22:17,533 [INFO] ApiDb:274 - Set plugin database path to: C:\ST\STM32CubeIDE_1.18.0\STM32CubeIDE\plugins\com.st.stm32cube.common.mx_6.14.0.202502271554\\db\/plugins/boardmanager/
2026-08-19 22:22:17,535 [INFO] ApiDb:261 - Set plugin images path to: C:\ST\STM32CubeIDE_1.18.0\STM32CubeIDE\plugins\com.st.stm32cube.common.mx_6.14.0.202502271554\\db\/plugins/mcufinder/images/
2026-08-19 22:22:17,535 [WARN] DbFile:41 - Overriding database path with different value: C:\Users\lthst\.stmcufinder\plugins\mcufinder/ => C:\Users\lthst\.stmcufinder\plugins\mcufinder
2026-08-19 22:22:17,536 [INFO] ApiDb:250 - Set database path to: C:\Users\lthst\.stmcufinder\plugins\mcufinder//mcu/
2026-08-19 22:22:17,536 [WARN] DbFile:41 - Overriding database path with different value: C:\Users\lthst\.stmcufinder\plugins\mcufinder/ => C:\Users\lthst\.stmcufinder\plugins\mcufinder
2026-08-19 22:22:17,536 [INFO] DbMcusAds:125 - Set database path to: C:\Users\lthst\.stmcufinder\plugins\mcufinder//mcu/
2026-08-19 22:22:17,536 [WARN] DbFile:41 - Overriding database path with different value: C:\Users\lthst\.stmcufinder\plugins\mcufinder/ => C:\Users\lthst\.stmcufinder\plugins\mcufinder
2026-08-19 22:22:17,536 [WARN] DbFile:41 - Overriding database path with different value: C:\Users\lthst\.stmcufinder\plugins\mcufinder/ => C:\Users\lthst\.stmcufinder\plugins\mcufinder
2026-08-19 22:22:17,537 [INFO] CrossReferenceDbSqlite:203 - Set database path to: C:\Users\lthst\.stmcufinder\plugins\mcufinder//mcu/cs/
2026-08-19 22:22:17,697 [INFO] MainPanel:272 - HeapMemory: 268435456
2026-08-19 22:22:17,876 [INFO] DbMcusXml:78 - Set database path to: C:\ST\STM32CubeIDE_1.18.0\STM32CubeIDE\plugins\com.st.stm32cube.common.mx_6.14.0.202502271554\\db\/mcu/
2026-08-19 22:22:17,876 [INFO] ApiDb:274 - Set plugin database path to: C:\ST\STM32CubeIDE_1.18.0\STM32CubeIDE\plugins\com.st.stm32cube.common.mx_6.14.0.202502271554\\db\/plugins/boardmanager/
2026-08-19 22:22:17,878 [INFO] ApiDb:261 - Set plugin images path to: C:\ST\STM32CubeIDE_1.18.0\STM32CubeIDE\plugins\com.st.stm32cube.common.mx_6.14.0.202502271554\\db\/plugins/mcufinder/images/
2026-08-19 22:22:17,878 [WARN] DbFile:41 - Overriding database path with different value: C:\Users\lthst\.stmcufinder\plugins\mcufinder/ => C:\Users\lthst\.stmcufinder\plugins\mcufinder
2026-08-19 22:22:17,878 [INFO] ApiDb:250 - Set database path to: C:\Users\lthst\.stmcufinder\plugins\mcufinder//mcu/
2026-08-19 22:22:17,878 [WARN] DbFile:41 - Overriding database path with different value: C:\Users\lthst\.stmcufinder\plugins\mcufinder/ => C:\Users\lthst\.stmcufinder\plugins\mcufinder
2026-08-19 22:22:17,878 [INFO] DbMcusAds:125 - Set database path to: C:\Users\lthst\.stmcufinder\plugins\mcufinder//mcu/
2026-08-19 22:22:17,878 [WARN] DbFile:41 - Overriding database path with different value: C:\Users\lthst\.stmcufinder\plugins\mcufinder/ => C:\Users\lthst\.stmcufinder\plugins\mcufinder
2026-08-19 22:22:17,878 [WARN] DbFile:41 - Overriding database path with different value: C:\Users\lthst\.stmcufinder\plugins\mcufinder/ => C:\Users\lthst\.stmcufinder\plugins\mcufinder
2026-08-19 22:22:17,878 [INFO] CrossReferenceDbSqlite:203 - Set database path to: C:\Users\lthst\.stmcufinder\plugins\mcufinder//mcu/cs/
2026-08-19 22:22:17,914 [INFO] ApplicationProperties:184 - Using Application install path: C:\ST\STM32CubeIDE_1.18.0\STM32CubeIDE\plugins\com.st.stm32cube.common.mx_6.14.0.202502271554
2026-08-19 22:22:17,919 [INFO] PluginManage:196 - Search for loadable plugins [exclusion list=, ]
2026-08-19 22:22:17,922 [INFO] PluginManage:310 - Check plugin analytics
2026-08-19 22:22:18,264 [INFO] AnalyticsPlugin:253 - Accepted Software Licenses: 
2026-08-19 22:22:18,266 [INFO] AnalyticsPlugin:255 - Accepted CMSIS Pack Licenses: 
2026-08-19 22:22:18,266 [INFO] AnalyticsPlugin:257 - Accepted Firmware Licenses: FW.F4.1.28.0
2026-08-19 22:22:18,268 [INFO] PluginManage:359 - Loaded plugin analytics (category:tool,tabindex:-1)
2026-08-19 22:22:18,268 [INFO] PluginManage:310 - Check plugin cadmodel
2026-08-19 22:22:18,276 [INFO] CADModel:105 - Init CAD model plugin
2026-08-19 22:22:18,276 [INFO] PluginManage:359 - Loaded plugin cadmodel (category:power,tabindex:5)
2026-08-19 22:22:18,278 [INFO] PluginManage:310 - Check plugin clock
2026-08-19 22:22:18,288 [INFO] PluginManage:359 - Loaded plugin clock (category:base,tabindex:2)
2026-08-19 22:22:18,288 [INFO] PluginManage:310 - Check plugin ddr
2026-08-19 22:22:18,295 [INFO] PluginManage:359 - Loaded plugin ddr (category:tool,tabindex:6)
2026-08-19 22:22:18,295 [INFO] PluginManage:310 - Check plugin filemanager
2026-08-19 22:22:18,586 [INFO] PluginManage:359 - Loaded plugin filemanager (category:base,tabindex:10)
2026-08-19 22:22:18,586 [INFO] PluginManage:310 - Check plugin ipmanager
2026-08-19 22:22:18,600 [INFO] PluginManage:359 - Loaded plugin ipmanager (category:base,tabindex:5)
2026-08-19 22:22:18,601 [INFO] PluginManage:310 - Check plugin lpbam
2026-08-19 22:22:18,615 [INFO] PluginManage:359 - Loaded plugin lpbam (category:base,tabindex:0)
2026-08-19 22:22:18,615 [INFO] PluginManage:310 - Check plugin memorymap
2026-08-19 22:22:18,642 [INFO] PluginManage:359 - Loaded plugin memorymap (category:base,tabindex:4)
2026-08-19 22:22:18,642 [INFO] PluginManage:310 - Check plugin pinoutandconfiguration
2026-08-19 22:22:18,658 [INFO] PluginManage:359 - Loaded plugin pinoutandconfiguration (category:base,tabindex:1)
2026-08-19 22:22:18,658 [INFO] PluginManage:310 - Check plugin pinoutconfig
2026-08-19 22:22:18,825 [WARN] SupportedApi:132 - Cannot load RTOS API schema: s4s-elt-must-match.1: The content of 'definitions' must match (annotation?, (simpleType | complexType)?, (unique | key | keyref)*)). A problem was found starting at: attribute.
2026-08-19 22:22:19,047 [INFO] PluginManage:359 - Loaded plugin pinoutconfig (category:base,tabindex:0)
2026-08-19 22:22:19,047 [INFO] PluginManage:310 - Check plugin power
2026-08-19 22:22:19,062 [INFO] PluginManage:359 - Loaded plugin power (category:power,tabindex:4)
2026-08-19 22:22:19,062 [INFO] PluginManage:310 - Check plugin projectmanager
2026-08-19 22:22:19,091 [INFO] PluginManage:359 - Loaded plugin projectmanager (category:projectmanager,tabindex:4)
2026-08-19 22:22:19,091 [INFO] PluginManage:310 - Check plugin rif
2026-08-19 22:22:19,103 [INFO] PluginManage:359 - Loaded plugin rif (category:base,tabindex:3)
2026-08-19 22:22:19,104 [INFO] PluginManage:310 - Check plugin thirdparty
2026-08-19 22:22:19,340 [WARN] IntegrityCheckThread:84 - waiting for thirdparty lock release [integrity check]
2026-08-19 22:22:19,340 [INFO] IntegrityCheckThread:86 - entering critical section [integrity check]
2026-08-19 22:22:19,340 [INFO] ThirdPartyUpdaterWithRetryManager:70 - Updater plugin not ready yet. [1/15]
2026-08-19 22:22:19,342 [INFO] PluginManage:359 - Loaded plugin thirdparty (category:base,tabindex:-1)
2026-08-19 22:22:19,342 [INFO] PluginManage:310 - Check plugin tools
2026-08-19 22:22:19,346 [INFO] PluginManage:359 - Loaded plugin tools (category:base,tabindex:7)
2026-08-19 22:22:19,346 [INFO] PluginManage:310 - Check plugin tutovideos
2026-08-19 22:22:19,687 [INFO] PluginManage:359 - Loaded plugin tutovideos (category:base,tabindex:-1)
2026-08-19 22:22:19,688 [INFO] PluginManage:310 - Check plugin updater
2026-08-19 22:22:19,725 [INFO] PluginManage:359 - Loaded plugin updater (category:base,tabindex:12)
2026-08-19 22:22:19,725 [INFO] PluginManage:310 - Check plugin userauth
2026-08-19 22:22:19,733 [INFO] UserAuth:118 - Init User Auth plugin
2026-08-19 22:22:19,735 [INFO] PluginManage:359 - Loaded plugin userauth (category:base,tabindex:14)
2026-08-19 22:22:19,735 [INFO] PluginManage:283 - PluginManage : Loaded plugins [18]
2026-08-19 22:22:20,145 [INFO] PinOutPanel:1589 - setPackage(No Configuration,No Configuration)
2026-08-19 22:22:20,326 [INFO] CADModel:165 - CPN selected for project level
2026-08-19 22:22:20,326 [INFO] CADModel:114 - Register for checkConnection events
2026-08-19 22:22:20,360 [INFO] IPUIPlugin:80 - create IPUIPlugin
2026-08-19 22:22:20,362 [INFO] PluginManager:220 - loadIPPluginJar : add adc
2026-08-19 22:22:20,366 [INFO] IPUIPlugin:80 - create IPUIPlugin
2026-08-19 22:22:20,366 [INFO] PluginManager:220 - loadIPPluginJar : add aes
2026-08-19 22:22:20,373 [INFO] IPUIPlugin:80 - create IPUIPlugin
2026-08-19 22:22:20,373 [INFO] PluginManager:220 - loadIPPluginJar : add can
2026-08-19 22:22:20,375 [INFO] IPUIPlugin:80 - create IPUIPlugin
2026-08-19 22:22:20,377 [INFO] PluginManager:220 - loadIPPluginJar : add comp
2026-08-19 22:22:20,381 [INFO] IPUIPlugin:80 - create IPUIPlugin
2026-08-19 22:22:20,381 [INFO] PluginManager:220 - loadIPPluginJar : add cryp
2026-08-19 22:22:20,389 [INFO] IPUIPlugin:80 - create IPUIPlugin
2026-08-19 22:22:20,389 [INFO] PluginManager:220 - loadIPPluginJar : add ddr_ctrl_phy
2026-08-19 22:22:20,393 [INFO] IPUIPlugin:80 - create IPUIPlugin
2026-08-19 22:22:20,393 [INFO] PluginManager:220 - loadIPPluginJar : add dfsdm
2026-08-19 22:22:20,403 [INFO] IPUIPlugin:80 - create IPUIPlugin
2026-08-19 22:22:20,403 [INFO] PluginManager:220 - loadIPPluginJar : add dma
2026-08-19 22:22:20,410 [INFO] IPUIPlugin:80 - create IPUIPlugin
2026-08-19 22:22:20,410 [INFO] PluginManager:220 - loadIPPluginJar : add dma3
2026-08-19 22:22:20,414 [INFO] IPUIPlugin:80 - create IPUIPlugin
2026-08-19 22:22:20,414 [INFO] PluginManager:220 - loadIPPluginJar : add extmemmanager
2026-08-19 22:22:20,417 [INFO] IPUIPlugin:80 - create IPUIPlugin
2026-08-19 22:22:20,419 [INFO] PluginManager:220 - loadIPPluginJar : add fatfs
2026-08-19 22:22:20,428 [INFO] IPUIPlugin:80 - create IPUIPlugin
2026-08-19 22:22:20,428 [INFO] PluginManager:220 - loadIPPluginJar : add fmc
2026-08-19 22:22:20,437 [INFO] IPUIPlugin:80 - create IPUIPlugin
2026-08-19 22:22:20,437 [INFO] PluginManager:220 - loadIPPluginJar : add freertos
2026-08-19 22:22:20,441 [INFO] IPUIPlugin:80 - create IPUIPlugin
2026-08-19 22:22:20,441 [INFO] PluginManager:220 - loadIPPluginJar : add genericplugin
2026-08-19 22:22:20,445 [INFO] IPUIPlugin:80 - create IPUIPlugin
2026-08-19 22:22:20,445 [INFO] PluginManager:220 - loadIPPluginJar : add gfxmmu
2026-08-19 22:22:20,453 [INFO] IPUIPlugin:80 - create IPUIPlugin
2026-08-19 22:22:20,455 [INFO] PluginManager:220 - loadIPPluginJar : add gic
2026-08-19 22:22:20,463 [INFO] IPUIPlugin:80 - create IPUIPlugin
2026-08-19 22:22:20,463 [INFO] PluginManager:220 - loadIPPluginJar : add gpio
2026-08-19 22:22:20,469 [INFO] IPUIPlugin:80 - create IPUIPlugin
2026-08-19 22:22:20,470 [INFO] PluginManager:220 - loadIPPluginJar : add gtzc
2026-08-19 22:22:20,474 [INFO] IPUIPlugin:80 - create IPUIPlugin
2026-08-19 22:22:20,474 [INFO] PluginManager:220 - loadIPPluginJar : add hash
2026-08-19 22:22:20,479 [INFO] IPUIPlugin:80 - create IPUIPlugin
2026-08-19 22:22:20,479 [INFO] PluginManager:220 - loadIPPluginJar : add i2c
2026-08-19 22:22:20,485 [INFO] IPUIPlugin:80 - create IPUIPlugin
2026-08-19 22:22:20,485 [INFO] PluginManager:220 - loadIPPluginJar : add i2s
2026-08-19 22:22:20,492 [INFO] IPUIPlugin:80 - create IPUIPlugin
2026-08-19 22:22:20,492 [INFO] PluginManager:220 - loadIPPluginJar : add i3c
2026-08-19 22:22:20,498 [INFO] IPUIPlugin:80 - create IPUIPlugin
2026-08-19 22:22:20,498 [INFO] PluginManager:220 - loadIPPluginJar : add ipddr
2026-08-19 22:22:20,515 [INFO] IPUIPlugin:80 - create IPUIPlugin
2026-08-19 22:22:20,515 [INFO] PluginManager:220 - loadIPPluginJar : add linkedlist
2026-08-19 22:22:20,522 [INFO] IPUIPlugin:80 - create IPUIPlugin
2026-08-19 22:22:20,522 [INFO] PluginManager:220 - loadIPPluginJar : add lorawan
2026-08-19 22:22:20,524 [INFO] IPUIPlugin:80 - create IPUIPlugin
2026-08-19 22:22:20,524 [INFO] PluginManager:220 - loadIPPluginJar : add ltdc
2026-08-19 22:22:20,534 [INFO] IPUIPlugin:80 - create IPUIPlugin
2026-08-19 22:22:20,534 [INFO] PluginManager:220 - loadIPPluginJar : add mdma
2026-08-19 22:22:20,541 [INFO] IPUIPlugin:80 - create IPUIPlugin
2026-08-19 22:22:20,541 [INFO] PluginManager:220 - loadIPPluginJar : add nvic
2026-08-19 22:22:20,547 [INFO] IPUIPlugin:80 - create IPUIPlugin
2026-08-19 22:22:20,547 [INFO] PluginManager:220 - loadIPPluginJar : add opamp
2026-08-19 22:22:20,555 [INFO] IPUIPlugin:80 - create IPUIPlugin
2026-08-19 22:22:20,555 [INFO] PluginManager:220 - loadIPPluginJar : add openamp
2026-08-19 22:22:20,561 [INFO] IPUIPlugin:80 - create IPUIPlugin
2026-08-19 22:22:20,561 [INFO] PluginManager:220 - loadIPPluginJar : add pdm2pcm
2026-08-19 22:22:20,572 [INFO] IPUIPlugin:80 - create IPUIPlugin
2026-08-19 22:22:20,578 [INFO] PluginManager:220 - loadIPPluginJar : add plateformsettings
2026-08-19 22:22:20,580 [INFO] IPUIPlugin:80 - create IPUIPlugin
2026-08-19 22:22:20,582 [INFO] PluginManager:220 - loadIPPluginJar : add quadspi
2026-08-19 22:22:20,586 [INFO] IPUIPlugin:80 - create IPUIPlugin
2026-08-19 22:22:20,588 [INFO] PluginManager:220 - loadIPPluginJar : add radio
2026-08-19 22:22:20,594 [INFO] IPUIPlugin:80 - create IPUIPlugin
2026-08-19 22:22:20,594 [INFO] PluginManager:220 - loadIPPluginJar : add resmgrutility
2026-08-19 22:22:20,600 [INFO] IPUIPlugin:80 - create IPUIPlugin
2026-08-19 22:22:20,600 [INFO] PluginManager:220 - loadIPPluginJar : add sai
2026-08-19 22:22:20,604 [INFO] IPUIPlugin:80 - create IPUIPlugin
2026-08-19 22:22:20,604 [INFO] PluginManager:220 - loadIPPluginJar : add spi
2026-08-19 22:22:20,618 [INFO] IPUIPlugin:80 - create IPUIPlugin
2026-08-19 22:22:20,618 [INFO] PluginManager:220 - loadIPPluginJar : add stm32_wpan
2026-08-19 22:22:20,621 [INFO] IPUIPlugin:80 - create IPUIPlugin
2026-08-19 22:22:20,621 [INFO] PluginManager:220 - loadIPPluginJar : add tim
2026-08-19 22:22:20,628 [INFO] IPUIPlugin:80 - create IPUIPlugin
2026-08-19 22:22:20,628 [INFO] PluginManager:220 - loadIPPluginJar : add touchsensing
2026-08-19 22:22:20,633 [INFO] IPUIPlugin:80 - create IPUIPlugin
2026-08-19 22:22:20,633 [INFO] PluginManager:220 - loadIPPluginJar : add tracer_emb
2026-08-19 22:22:20,637 [INFO] IPUIPlugin:80 - create IPUIPlugin
2026-08-19 22:22:20,637 [INFO] PluginManager:220 - loadIPPluginJar : add ts
2026-08-19 22:22:20,639 [INFO] IPUIPlugin:80 - create IPUIPlugin
2026-08-19 22:22:20,641 [INFO] PluginManager:220 - loadIPPluginJar : add tsc
2026-08-19 22:22:20,643 [INFO] IPUIPlugin:80 - create IPUIPlugin
2026-08-19 22:22:20,645 [INFO] PluginManager:220 - loadIPPluginJar : add ucpd
2026-08-19 22:22:20,649 [INFO] IPUIPlugin:80 - create IPUIPlugin
2026-08-19 22:22:20,649 [INFO] PluginManager:220 - loadIPPluginJar : add usart
2026-08-19 22:22:20,657 [INFO] IPUIPlugin:80 - create IPUIPlugin
2026-08-19 22:22:20,657 [INFO] PluginManager:220 - loadIPPluginJar : add usbx
2026-08-19 22:22:20,841 [FATAL] Updater:351 - Updater called before beeing initialized
2026-08-19 22:22:20,893 [INFO] RulesReader:64 - Compatibility file has been processed (301 Rules)
2026-08-19 22:22:20,917 [INFO] RulesReader:64 - Compatibility file has been processed (301 Rules)
2026-08-19 22:22:20,928 [INFO] CADModel:165 - CPN selected for project level
2026-08-19 22:22:20,930 [INFO] CADModel:114 - Register for checkConnection events
2026-08-19 22:22:20,930 [FATAL] Updater:351 - Updater called before beeing initialized
2026-08-19 22:22:20,930 [ERROR] CADModel:125 - Updater not yet initialized, retry later 
2026-08-19 22:22:21,198 [FATAL] Updater:351 - Updater called before beeing initialized
2026-08-19 22:22:21,202 [INFO] CADModel:165 - CPN selected for project level
2026-08-19 22:22:21,202 [INFO] CADModel:114 - Register for checkConnection events
2026-08-19 22:22:21,203 [FATAL] Updater:351 - Updater called before beeing initialized
2026-08-19 22:22:21,203 [ERROR] CADModel:125 - Updater not yet initialized, retry later 
2026-08-19 22:22:21,208 [FATAL] Updater:351 - Updater called before beeing initialized
2026-08-19 22:22:21,426 [FATAL] Updater:351 - Updater called before beeing initialized
2026-08-19 22:22:21,439 [INFO] DbMcusAds:53 - JSON generation date=Wed Jul 15 18:44:54 KST 2026 (1784108694001)
2026-08-19 22:22:21,439 [FATAL] Updater:351 - Updater called before beeing initialized
2026-08-19 22:22:21,509 [WARN] DetailPanel:346 - Failed to get advertising image, set to default
2026-08-19 22:22:21,995 [FATAL] Updater:351 - Updater called before beeing initialized
2026-08-19 22:22:21,996 [FATAL] Updater:351 - Updater called before beeing initialized
2026-08-19 22:22:21,996 [FATAL] Updater:351 - Updater called before beeing initialized
2026-08-19 22:22:21,996 [WARN] DetailPanel:346 - Failed to get advertising image, set to default
2026-08-19 22:22:21,996 [FATAL] Updater:351 - Updater called before beeing initialized
2026-08-19 22:22:22,073 [ERROR] Updater:1198 - MainUpdater not yet initialized. External WinMGr cannot be set.
2026-08-19 22:22:22,076 [INFO] Updater:1134 - Updater Version found : 6.14.0
2026-08-19 22:22:22,108 [INFO] ApplicationProperties:184 - Using Application install path: C:\ST\STM32CubeIDE_1.18.0\STM32CubeIDE\plugins\com.st.stm32cube.common.mx_6.14.0.202502271554
2026-08-19 22:22:22,344 [INFO] ThirdPartyUpdaterWithRetryManager:70 - Updater plugin not ready yet. [2/15]
2026-08-19 22:22:22,915 [INFO] MainUpdater:2872 - connection check result : 10
2026-08-19 22:22:22,915 [INFO] MainUpdater:289 - Updater Check For Update Now.
2026-08-19 22:22:22,915 [INFO] MicroXplorer:498 - Change Database Version : DB.6.0.140
2026-08-19 22:22:22,925 [INFO] McuFinderGlobals:63 - Set McuFinder mode to 2 (CubeIDE integrated)
2026-08-19 22:22:22,927 [INFO] UserAuth:486 - Internet connection configuration mode: 1
2026-08-19 22:22:22,957 [INFO] JxBrowserEngine:152 - Initiate JxBrowser Engine with user profile folder
2026-08-19 22:22:23,178 [INFO] CheckServerUpdateThread:120 - End of CheckServer Thread
2026-08-19 22:22:24,148 [INFO] WebApp:169 - Instantiating new browser for Auth
2026-08-19 22:22:25,740 [INFO] WebApp:463 - Apply proxy settings
2026-08-19 22:22:25,741 [INFO] WebApp:548 - Chromium requires no authentication
2026-08-19 22:22:25,757 [INFO] WebApp:491 - Direct internet connection detected
2026-08-19 22:22:25,802 [INFO] WebApp:894 - Register for checkConnection events
2026-08-19 22:22:25,802 [INFO] WebApp:463 - Apply proxy settings
2026-08-19 22:22:25,802 [INFO] WebApp:548 - Chromium requires no authentication
2026-08-19 22:22:25,804 [INFO] WebApp:491 - Direct internet connection detected
2026-08-19 22:22:26,140 [WARN] PackLoader:240 - Cannot read IP mode file for STMicroelectronics.X-CUBE-AZRTOS-H7.3.5.0
2026-08-19 22:22:26,165 [WARN] PackLoader:240 - Cannot read IP mode file for STMicroelectronics.FP-SNS-MOTENVWB1.1.4.0
2026-08-19 22:22:26,185 [WARN] PackLoader:240 - Cannot read IP mode file for STMicroelectronics.FP-ATR-ASTRA1.2.0.3
2026-08-19 22:22:26,193 [WARN] PackLoader:240 - Cannot read IP mode file for STMicroelectronics.FP-ATR-ASTRA1.2.0.2
2026-08-19 22:22:26,212 [ERROR] Engine:466 - C:\Users\lthst\.stm32cubemx\thirdparties\pdsc\STMicroelectronics.X-CUBE-SMBUS.2.1.1.pdsc: PDSC version is not supported
2026-08-19 22:22:26,221 [WARN] PackLoader:240 - Cannot read IP mode file for STMicroelectronics.X-CUBE-SMBUS.2.1.0
2026-08-19 22:22:26,236 [WARN] PackLoader:240 - Cannot read IP mode file for STMicroelectronics.X-CUBE-WB05N.1.1.0
2026-08-19 22:22:26,252 [WARN] PackLoader:240 - Cannot read IP mode file for STMicroelectronics.X-CUBE-ST60.1.0.0
2026-08-19 22:22:26,297 [WARN] PackLoader:240 - Cannot read IP mode file for STMicroelectronics.X-CUBE-AZRTOS-F7.1.1.0
2026-08-19 22:22:26,310 [ERROR] Engine:466 - C:\Users\lthst\.stm32cubemx\thirdparties\pdsc\STMicroelectronics.X-CUBE-FREERTOS.1.6.0.pdsc: PDSC version is not supported
2026-08-19 22:22:26,315 [ERROR] Engine:466 - C:\Users\lthst\.stm32cubemx\thirdparties\pdsc\STMicroelectronics.FP-SNS-MOTENV1.5.1.0.pdsc: PDSC version is not supported
2026-08-19 22:22:26,348 [INFO] WebApp:225 - Starting web application
2026-08-19 22:22:26,348 [INFO] WebApp:593 - Web application path used C:\ST\STM32CubeIDE_1.18.0\STM32CubeIDE\plugins\com.st.stm32cube.common.mx_6.14.0.202502271554\db\plugins\mcufinder\reactClient1\index.html
2026-08-19 22:22:26,406 [WARN] PackLoader:240 - Cannot read IP mode file for STMicroelectronics.X-CUBE-AZRTOS-H7RS.1.3.0
2026-08-19 22:22:26,543 [WARN] PackLoader:240 - Cannot read IP mode file for Infineon.AIROC-Wi-Fi-Bluetooth-STM32.1.7.0
2026-08-19 22:22:26,603 [WARN] PackLoader:240 - Cannot read IP mode file for STMicroelectronics.X-CUBE-AZRTOS-H7.3.4.0
2026-08-19 22:22:26,621 [WARN] PackLoader:240 - Cannot read IP mode file for STMicroelectronics.X-CUBE-DISPLAY.3.0.0
2026-08-19 22:22:26,638 [WARN] PackLoader:240 - Cannot read IP mode file for STMicroelectronics.X-CUBE-GNSS1.7.1.1
2026-08-19 22:22:26,644 [ERROR] Engine:466 - C:\Users\lthst\.stm32cubemx\thirdparties\pdsc\STMicroelectronics.FP-SNS-MOTENVWB1.1.5.0.pdsc: PDSC version is not supported
2026-08-19 22:22:26,655 [WARN] PackLoader:240 - Cannot read IP mode file for STMicroelectronics.X-CUBE-NFC10.1.0.0
2026-08-19 22:22:26,678 [WARN] PackLoader:240 - Cannot read IP mode file for STMicroelectronics.X-CUBE-BLEMGR.4.0.0
2026-08-19 22:22:26,691 [WARN] PackLoader:240 - Cannot read IP mode file for STMicroelectronics.X-CUBE-ST60.1.1.0
2026-08-19 22:22:26,708 [WARN] PackLoader:240 - Cannot read IP mode file for emotas.I-CUBE-CANOPEN.1.3.0
2026-08-19 22:22:26,713 [ERROR] Engine:466 - C:\Users\lthst\.stm32cubemx\thirdparties\pdsc\STMicroelectronics.X-CUBE-WBA.1.1.0.pdsc: PDSC version is not supported
2026-08-19 22:22:26,722 [WARN] PackLoader:240 - Cannot read IP mode file for STMicroelectronics.X-CUBE-GNSS1.7.1.0
2026-08-19 22:22:26,735 [WARN] ConditionMgr:438 - getConditionDescription Invalid condition id : Cortex-A Device cause : null
2026-08-19 22:22:26,807 [WARN] ConditionMgr:1044 - genDependencies : Invalid condition id : Cortex-A Device cause : null
2026-08-19 22:22:26,807 [WARN] ConditionMgr:1044 - genDependencies : Invalid condition id : Cortex-A Device cause : null
2026-08-19 22:22:26,807 [WARN] ConditionMgr:1044 - genDependencies : Invalid condition id : Cortex-A Device cause : null
2026-08-19 22:22:26,815 [WARN] PackLoader:240 - Cannot read IP mode file for STMicroelectronics.X-CUBE-AI.10.0.0
2026-08-19 22:22:26,815 [INFO] WebApp:191 - Connection restablished
2026-08-19 22:22:26,823 [ERROR] Engine:466 - C:\Users\lthst\.stm32cubemx\thirdparties\pdsc\STMicroelectronics.FP-SNS-STBOX1.2.1.0.pdsc: PDSC version is not supported
2026-08-19 22:22:26,831 [WARN] PackLoader:240 - Cannot read IP mode file for STMicroelectronics.FP-SNS-SMARTAG2.1.2.0
2026-08-19 22:22:26,841 [WARN] PackLoader:240 - Cannot read IP mode file for STMicroelectronics.FP-SNS-FLIGHT1.5.1.0
2026-08-19 22:22:26,867 [INFO] UserAuth:486 - Internet connection configuration mode: 1
2026-08-19 22:22:26,933 [WARN] PackLoader:240 - Cannot read IP mode file for STMicroelectronics.X-CUBE-MEMS1.11.1.0
2026-08-19 22:22:27,199 [INFO] LogOutputStream:77 - [STDOUT_REDIRECT] 1 : Invalid condition id : UX_CORESTACK_Condition cause : null
2026-08-19 22:22:27,200 [INFO] LogOutputStream:77 - [STDOUT_REDIRECT] 1 : Invalid condition id : UX_CORESTACK_Condition cause : null
2026-08-19 22:22:27,201 [INFO] LogOutputStream:77 - [STDOUT_REDIRECT] 1 : Invalid condition id : UX_CORESTACK_Condition cause : null
2026-08-19 22:22:27,203 [INFO] LogOutputStream:77 - [STDOUT_REDIRECT] 1 : Invalid condition id : UX_CORESTACK_Condition cause : null
2026-08-19 22:22:27,204 [INFO] LogOutputStream:77 - [STDOUT_REDIRECT] 1 : Invalid condition id : UX_CORESTACK_Condition cause : null
2026-08-19 22:22:27,208 [WARN] PackLoader:240 - Cannot read IP mode file for STMicroelectronics.X-CUBE-AZRTOS-WL.2.0.0
2026-08-19 22:22:27,216 [WARN] PackLoader:240 - Cannot read IP mode file for STMicroelectronics.FP-SNS-MOTENV1.5.0.0
2026-08-19 22:22:27,238 [WARN] PackLoader:240 - Cannot read IP mode file for STMicroelectronics.X-CUBE-AZRTOS-H7RS.1.2.0
2026-08-19 22:22:27,252 [WARN] PackLoader:240 - Cannot read IP mode file for WES.I-CUBE-Cesium.1.3.0
2026-08-19 22:22:27,260 [WARN] PackLoader:240 - Cannot read IP mode file for STMicroelectronics.X-CUBE-BLE2.3.3.0
2026-08-19 22:22:27,313 [WARN] PackLoader:240 - Cannot read IP mode file for STMicroelectronics.X-CUBE-NFC9.1.0.0
2026-08-19 22:22:27,322 [WARN] PackLoader:240 - Cannot read IP mode file for STMicroelectronics.X-CUBE-BLE1.7.1.0
2026-08-19 22:22:27,329 [WARN] PackLoader:240 - Cannot read IP mode file for wolfSSL.I-CUBE-wolfMQTT.1.19.2
2026-08-19 22:22:27,343 [ERROR] Engine:466 - C:\Users\lthst\.stm32cubemx\thirdparties\pdsc\STMicroelectronics.X-CUBE-FREERTOS.1.4.0.pdsc: PDSC version is not supported
2026-08-19 22:22:27,352 [WARN] PackLoader:240 - Cannot read IP mode file for STMicroelectronics.X-CUBE-EEPRMA1.5.2.0
2026-08-19 22:22:27,368 [ERROR] Engine:466 - C:\Users\lthst\.stm32cubemx\thirdparties\pdsc\STMicroelectronics.X-CUBE-ST67W61.1.1.0.pdsc: PDSC version is not supported
2026-08-19 22:22:27,373 [WARN] PackLoader:240 - Cannot read IP mode file for STMicroelectronics.X-CUBE-AI.10.1.0
2026-08-19 22:22:27,377 [ERROR] Engine:466 - C:\Users\lthst\.stm32cubemx\thirdparties\pdsc\STMicroelectronics.FP-SNS-STAIOTCFT.1.1.0.pdsc: PDSC version is not supported
2026-08-19 22:22:27,480 [WARN] PackLoader:240 - Cannot read IP mode file for STMicroelectronics.X-CUBE-MEMS1.12.0.0
2026-08-19 22:22:27,847 [WARN] PackLoader:240 - Cannot read IP mode file for STMicroelectronics.X-CUBE-MEMS1.11.2.0
2026-08-19 22:22:28,221 [WARN] PackLoader:240 - Cannot read IP mode file for STMicroelectronics.X-CUBE-AZRTOS-G0.1.1.0
2026-08-19 22:22:28,235 [WARN] PackLoader:240 - Cannot read IP mode file for STMicroelectronics.X-CUBE-SAFEA1.1.2.2
2026-08-19 22:22:28,247 [WARN] PackLoader:240 - Cannot read IP mode file for STMicroelectronics.X-CUBE-NFC4.3.0.0
2026-08-19 22:22:28,264 [WARN] PackLoader:240 - Cannot read IP mode file for EmbeddedOffice.I-CUBE-FS-RTOS.1.0.1
2026-08-19 22:22:28,273 [WARN] PackLoader:240 - Cannot read IP mode file for STMicroelectronics.X-CUBE-WB05N.2.0.0
2026-08-19 22:22:28,281 [WARN] PackLoader:240 - Cannot read IP mode file for wolfSSL.I-CUBE-wolfTPM.3.8.0
2026-08-19 22:22:28,291 [WARN] PackLoader:240 - Cannot read IP mode file for STMicroelectronics.X-CUBE-TCPP.4.2.0
2026-08-19 22:22:28,303 [WARN] PackLoader:240 - Cannot read IP mode file for RealThread.X-CUBE-RT-Thread_Nano.4.1.1
2026-08-19 22:22:28,311 [WARN] PackLoader:240 - Cannot read IP mode file for STMicroelectronics.FP-ATR-SIGFOX1.3.2.0
2026-08-19 22:22:28,319 [WARN] PackLoader:240 - Cannot read IP mode file for STMicroelectronics.X-CUBE-EEPRMA1.5.1.0
2026-08-19 22:22:28,327 [ERROR] Engine:466 - C:\Users\lthst\.stm32cubemx\thirdparties\pdsc\STMicroelectronics.X-CUBE-FREERTOS.1.5.0.pdsc: PDSC version is not supported
2026-08-19 22:22:28,334 [WARN] PackLoader:240 - Cannot read IP mode file for wolfSSL.I-CUBE-wolfSSL.5.7.6
2026-08-19 22:22:28,345 [WARN] PackLoader:240 - Cannot read IP mode file for ITTIA_DB.I-CUBE-ITTIADB.8.9.0
2026-08-19 22:22:28,357 [WARN] PackLoader:240 - Cannot read IP mode file for STMicroelectronics.X-CUBE-NFC6.3.2.0
2026-08-19 22:22:28,372 [WARN] PackLoader:240 - Cannot read IP mode file for STMicroelectronics.X-CUBE-ST67W61.1.0.0
2026-08-19 22:22:28,379 [WARN] PackLoader:240 - Cannot read IP mode file for STMicroelectronics.X-CUBE-AI.10.2.1
2026-08-19 22:22:28,385 [WARN] PackLoader:240 - Cannot read IP mode file for STMicroelectronics.X-CUBE-AI.10.2.0
2026-08-19 22:22:28,456 [WARN] PackLoader:240 - Cannot read IP mode file for STMicroelectronics.X-CUBE-MEMS1.12.1.0
2026-08-19 22:22:28,616 [WARN] PackLoader:240 - Cannot read IP mode file for SEGGER.I-CUBE-embOS.1.3.1
2026-08-19 22:22:28,677 [WARN] PackLoader:240 - Cannot read IP mode file for STMicroelectronics.X-CUBE-ALGOBUILD.1.4.0
2026-08-19 22:22:28,749 [WARN] PackLoader:240 - Cannot read IP mode file for STMicroelectronics.X-CUBE-MEMS1.11.3.0
2026-08-19 22:22:28,940 [WARN] PackLoader:240 - Cannot read IP mode file for STMicroelectronics.X-CUBE-NFC13.1.0.0
2026-08-19 22:22:28,950 [WARN] PackLoader:240 - Cannot read IP mode file for STMicroelectronics.X-CUBE-PM33A1.1.0.0
2026-08-19 22:22:28,974 [WARN] PackLoader:240 - Cannot read IP mode file for STMicroelectronics.X-CUBE-AZRTOS-F4.1.1.0
2026-08-19 22:22:28,985 [WARN] PackLoader:240 - Cannot read IP mode file for Avnet-IotConnect.X-CUBE-IoTC-DA16k-PMOD.1.0.0
2026-08-19 22:22:28,992 [WARN] PackLoader:240 - Cannot read IP mode file for STMicroelectronics.X-CUBE-ISPU.2.1.0
2026-08-19 22:22:29,003 [ERROR] Engine:466 - C:\Users\lthst\.stm32cubemx\thirdparties\pdsc\STMicroelectronics.X-CUBE-IPS.3.2.0.pdsc: PDSC version is not supported
2026-08-19 22:22:29,010 [WARN] PackLoader:240 - Cannot read IP mode file for STMicroelectronics.eDS-WB_DPC_TT-BIDIR.2.1.1
2026-08-19 22:22:29,031 [WARN] PackLoader:240 - Cannot read IP mode file for STMicroelectronics.X-CUBE-NFC12.1.0.0
2026-08-19 22:22:29,057 [WARN] PackLoader:240 - Cannot read IP mode file for STMicroelectronics.X-CUBE-AZRTOS-L5.2.0.0
2026-08-19 22:22:29,069 [WARN] PackLoader:240 - Cannot read IP mode file for STMicroelectronics.X-CUBE-NFC6.3.1.0
2026-08-19 22:22:29,080 [WARN] PackLoader:240 - Cannot read IP mode file for STMicroelectronics.X-CUBE-ALGOBUILD.1.5.0
2026-08-19 22:22:29,090 [WARN] PackLoader:240 - Cannot read IP mode file for STMicroelectronics.X-CUBE-DPower.1.2.0
2026-08-19 22:22:29,098 [WARN] PackLoader:240 - Cannot read IP mode file for STMicroelectronics.eDS-WB_DPC_VIENNA.1.2.0
2026-08-19 22:22:29,361 [WARN] PackLoader:240 - Cannot read IP mode file for STMicroelectronics.X-CUBE-MEMS1.13.0.0
2026-08-19 22:22:29,487 [WARN] PackLoader:240 - Cannot read IP mode file for STMicroelectronics.eDS-WB_DPC_3PH2L-BIDIR.1.1.1
2026-08-19 22:22:29,493 [ERROR] Engine:466 - C:\Users\lthst\.stm32cubemx\thirdparties\pdsc\STMicroelectronics.X-CUBE-ST67W61.1.3.0.pdsc: PDSC version is not supported
2026-08-19 22:22:29,510 [WARN] PackLoader:240 - Cannot read IP mode file for STMicroelectronics.X-CUBE-FREERTOS.1.3.1
2026-08-19 22:22:29,518 [WARN] PackLoader:240 - Cannot read IP mode file for STMicroelectronics.X-CUBE-FREERTOS.1.3.0
2026-08-19 22:22:29,528 [WARN] PackLoader:240 - Cannot read IP mode file for STMicroelectronics.X-CUBE-NFC7.1.0.1
2026-08-19 22:22:29,538 [WARN] PackLoader:240 - Cannot read IP mode file for STMicroelectronics.X-CUBE-TOUCHGFX.4.26.0
2026-08-19 22:22:29,544 [WARN] PackLoader:240 - Cannot read IP mode file for STMicroelectronics.X-CUBE-TOUCHGFX.4.26.1
2026-08-19 22:22:29,552 [WARN] PackLoader:240 - Cannot read IP mode file for STMicroelectronics.FP-SNS-STAIOTCFT.1.0.0
2026-08-19 22:22:29,560 [WARN] PackLoader:240 - Cannot read IP mode file for STMicroelectronics.X-CUBE-DPower.1.3.0
2026-08-19 22:22:29,587 [WARN] ConditionMgr:438 - getConditionDescription Invalid condition id : LAN8742 Phy interface Condition cause : null
2026-08-19 22:22:29,588 [WARN] PackLoader:240 - Cannot read IP mode file for STMicroelectronics.X-CUBE-AZRTOS-L4.2.0.0
2026-08-19 22:22:29,590 [WARN] ConditionMgr:1044 - genDependencies : Invalid condition id : LAN8742 Phy interface Condition cause : null
2026-08-19 22:22:29,590 [WARN] ConditionMgr:1044 - genDependencies : Invalid condition id : LAN8742 Phy interface Condition cause : null
2026-08-19 22:22:29,591 [WARN] ConditionMgr:1044 - genDependencies : Invalid condition id : LAN8742 Phy interface Condition cause : null
2026-08-19 22:22:29,603 [WARN] PackLoader:240 - Cannot read IP mode file for STMicroelectronics.X-CUBE-SFXS2LP1.4.0.0
2026-08-19 22:22:29,618 [WARN] PackLoader:240 - Cannot read IP mode file for STMicroelectronics.X-CUBE-WB05N.2.1.0
2026-08-19 22:22:29,625 [ERROR] Engine:466 - C:\Users\lthst\.stm32cubemx\thirdparties\pdsc\STMicroelectronics.X-CUBE-ST67W61.1.2.0.pdsc: PDSC version is not supported
2026-08-19 22:22:29,656 [WARN] PackLoader:240 - Cannot read IP mode file for STMicroelectronics.X-CUBE-AZRTOS-H7.3.3.0
2026-08-19 22:22:29,673 [WARN] PackLoader:240 - Cannot read IP mode file for STMicroelectronics.X-CUBE-BLEMGR.4.1.0
2026-08-19 22:22:29,697 [WARN] ConditionMgr:438 - getConditionDescription Invalid condition id : UX DEVICE CLASS RTOS Condition cause : null
2026-08-19 22:22:29,698 [WARN] ConditionMgr:438 - getConditionDescription Invalid condition id : UX DEVICE CLASS RTOS Condition cause : null
2026-08-19 22:22:29,708 [WARN] PackLoader:240 - Cannot read IP mode file for STMicroelectronics.X-CUBE-AZRTOS-WB.2.0.0
2026-08-19 22:22:29,709 [WARN] ConditionMgr:1044 - genDependencies : Invalid condition id : UX DEVICE CLASS RTOS Condition cause : null
2026-08-19 22:22:29,709 [WARN] ConditionMgr:1044 - genDependencies : Invalid condition id : UX DEVICE CLASS RTOS Condition cause : null
2026-08-19 22:22:29,710 [WARN] ConditionMgr:1044 - genDependencies : Invalid condition id : UX DEVICE CLASS RTOS Condition cause : null
2026-08-19 22:22:29,710 [WARN] ConditionMgr:1044 - genDependencies : Invalid condition id : UX DEVICE CLASS RTOS Condition cause : null
2026-08-19 22:22:29,710 [WARN] ConditionMgr:1044 - genDependencies : Invalid condition id : UX DEVICE CLASS RTOS Condition cause : null
2026-08-19 22:22:29,719 [WARN] PackLoader:240 - Cannot read IP mode file for STMicroelectronics.X-CUBE-GNSS1.7.0.1
2026-08-19 22:22:29,730 [WARN] PackLoader:240 - Cannot read IP mode file for STMicroelectronics.X-CUBE-TOUCHGFX.4.25.0
2026-08-19 22:22:29,741 [WARN] PackLoader:240 - Cannot read IP mode file for STMicroelectronics.FP-SNS-STBOX1.2.0.0
2026-08-19 22:22:29,756 [WARN] PackLoader:240 - Cannot read IP mode file for STMicroelectronics.X-CUBE-STSE01.2.0.0
2026-08-19 22:22:29,775 [WARN] PackLoader:240 - Cannot read IP mode file for STMicroelectronics.X-CUBE-SUBG2.5.0.0
2026-08-19 22:22:29,808 [WARN] PackLoader:240 - Cannot read IP mode file for STMicroelectronics.X-CUBE-AZRTOS-H7RS.1.1.0
2026-08-19 22:22:29,821 [WARN] PackLoader:240 - Cannot read IP mode file for Cesanta.I-CUBE-Mongoose.7.13.0
2026-08-19 22:22:29,842 [WARN] PackLoader:240 - Cannot read IP mode file for STMicroelectronics.X-CUBE-AZRTOS-G4.2.0.0
2026-08-19 22:22:29,853 [WARN] PackLoader:240 - Cannot read IP mode file for wolfSSL.I-CUBE-wolfSSH.1.4.20
2026-08-19 22:22:29,860 [WARN] PackLoader:240 - Cannot read IP mode file for STMicroelectronics.X-CUBE-NFC7.2.0.0
2026-08-19 22:22:29,876 [WARN] PackLoader:240 - Cannot read IP mode file for STMicroelectronics.X-CUBE-IPS.3.1.0
2026-08-19 22:22:29,890 [ERROR] Engine:466 - C:\Users\lthst\.stm32cubemx\thirdparties\pdsc\STMicroelectronics.X-CUBE-BLEMGR.4.2.0.pdsc: PDSC version is not supported
2026-08-19 22:22:29,898 [WARN] PackLoader:240 - Cannot read IP mode file for STMicroelectronics.X-CUBE-ALS.1.0.2
2026-08-19 22:22:29,908 [WARN] PackLoader:240 - Cannot read IP mode file for STMicroelectronics.X-CUBE-STSE01.1.0.0
2026-08-19 22:22:29,921 [WARN] PackLoader:240 - Cannot read IP mode file for portGmbH.I-Cube-SoM-uGOAL.1.1.0
2026-08-19 22:22:29,939 [WARN] PackLoader:240 - Cannot read IP mode file for STMicroelectronics.X-CUBE-TOF1.3.4.2
2026-08-19 22:22:29,967 [WARN] PackLoader:240 - Cannot read IP mode file for STMicroelectronics.X-CUBE-TOF1.3.4.3
2026-08-19 22:22:29,983 [INFO] ThirdParty:978 - Integrity check success = true
2026-08-19 22:22:29,983 [INFO] IntegrityCheckThread:100 - exiting critical section [integrity check]
2026-08-19 22:22:29,983 [INFO] IntegrityCheckThread:103 - End integrity checks thread
2026-08-19 23:43:33,493 [INFO] WebApp:194 - Connection lost
2026-08-19 23:43:34,186 [INFO] WebApp:191 - Connection restablished
2026-08-19 23:43:35,312 [INFO] WebApp:194 - Connection lost
2026-08-19 23:43:35,618 [INFO] WebApp:191 - Connection restablished
